"ALPHA | diagnóstico acumulativo, no veto a implementación",,,,,,,,,,,,,,,,
"Escenarios de priorización, no Sharpe ni beneficio realizado. Persistir hazard entre actualizaciones; no reiniciar desde el último intervalo.",,,,,,,,,,,,,,,,
MEV_ID,Alpha0_bps_SIM,Hazard_previo,Lambda_base_dia,Lambda_comp,Indice_comp,Lambda_tech_dia,Leak_flag,Lambda_efectiva,Delta_t_dias,Hazard_actual,Beta_vol,Ratio_vol,Multiplicador_vol,Alpha_actual_bps,Half_life_dias,Interpretacion
MEV-01-001,301,0,0.1,0.02,1,0,0,0.12000000000000001,1,0.12000000000000001,0,1,1,266.9630514518644,5.7762265046662105,"MODELO_SIM_NO_CALIBRADO; la economía de cada candidato depende de quotes y costes, no de una predicción de alpha."
MEV-01-002,301,0,0.1,0.02,1,0,0,0.12000000000000001,1,0.12000000000000001,0,1,1,266.9630514518644,5.7762265046662105,"MODELO_SIM_NO_CALIBRADO; la economía de cada candidato depende de quotes y costes, no de una predicción de alpha."
MEV-01-003,301,0,0.1,0.02,1,0,0,0.12000000000000001,1,0.12000000000000001,0,1,1,266.9630514518644,5.7762265046662105,"MODELO_SIM_NO_CALIBRADO; la economía de cada candidato depende de quotes y costes, no de una predicción de alpha."
MEV-01-004,301,0,0.1,0.02,1,0,0,0.12000000000000001,1,0.12000000000000001,0,1,1,266.9630514518644,5.7762265046662105,"MODELO_SIM_NO_CALIBRADO; la economía de cada candidato depende de quotes y costes, no de una predicción de alpha."
MEV-01-005,301,0,0.1,0.02,1,0,0,0.12000000000000001,1,0.12000000000000001,0,1,1,266.9630514518644,5.7762265046662105,"MODELO_SIM_NO_CALIBRADO; la economía de cada candidato depende de quotes y costes, no de una predicción de alpha."
MEV-01-006,301,0,0.1,0.02,1,0,0,0.12000000000000001,1,0.12000000000000001,0,1,1,266.9630514518644,5.7762265046662105,"MODELO_SIM_NO_CALIBRADO; la economía de cada candidato depende de quotes y costes, no de una predicción de alpha."
MEV-01-007,301,0,0.1,0.02,1,0,0,0.12000000000000001,1,0.12000000000000001,0,1,1,266.9630514518644,5.7762265046662105,"MODELO_SIM_NO_CALIBRADO; la economía de cada candidato depende de quotes y costes, no de una predicción de alpha."
MEV-01-008,301,0,0.1,0.02,1,0,0,0.12000000000000001,1,0.12000000000000001,0,1,1,266.9630514518644,5.7762265046662105,"MODELO_SIM_NO_CALIBRADO; la economía de cada candidato depende de quotes y costes, no de una predicción de alpha."
MEV-01-009,301,0,0.1,0.02,1,0,0,0.12000000000000001,1,0.12000000000000001,0,1,1,266.9630514518644,5.7762265046662105,"MODELO_SIM_NO_CALIBRADO; la economía de cada candidato depende de quotes y costes, no de una predicción de alpha."
MEV-01-010,301,0,0.1,0.02,1,0,0,0.12000000000000001,1,0.12000000000000001,0,1,1,266.9630514518644,5.7762265046662105,"MODELO_SIM_NO_CALIBRADO; la economía de cada candidato depende de quotes y costes, no de una predicción de alpha."
MEV-01-011,301,0,0.1,0.02,1,0,0,0.12000000000000001,1,0.12000000000000001,0,1,1,266.9630514518644,5.7762265046662105,"MODELO_SIM_NO_CALIBRADO; la economía de cada candidato depende de quotes y costes, no de una predicción de alpha."
MEV-01-012,301,0,0.1,0.02,1,0,0,0.12000000000000001,1,0.12000000000000001,0,1,1,266.9630514518644,5.7762265046662105,"MODELO_SIM_NO_CALIBRADO; la economía de cada candidato depende de quotes y costes, no de una predicción de alpha."
MEV-01-013,301,0,0.1,0.02,1,0,0,0.12000000000000001,1,0.12000000000000001,0,1,1,266.9630514518644,5.7762265046662105,"MODELO_SIM_NO_CALIBRADO; la economía de cada candidato depende de quotes y costes, no de una predicción de alpha."
MEV-01-014,301,0,0.1,0.02,1,0,0,0.12000000000000001,1,0.12000000000000001,0,1,1,266.9630514518644,5.7762265046662105,"MODELO_SIM_NO_CALIBRADO; la economía de cada candidato depende de quotes y costes, no de una predicción de alpha."
MEV-01-015,301,0,0.1,0.02,1,0,0,0.12000000000000001,1,0.12000000000000001,0,1,1,266.9630514518644,5.7762265046662105,"MODELO_SIM_NO_CALIBRADO; la economía de cada candidato depende de quotes y costes, no de una predicción de alpha."
MEV-01-016,301,0,0.1,0.02,1,0,0,0.12000000000000001,1,0.12000000000000001,0,1,1,266.9630514518644,5.7762265046662105,"MODELO_SIM_NO_CALIBRADO; la economía de cada candidato depende de quotes y costes, no de una predicción de alpha."
MEV-01-017,301,0,0.1,0.02,1,0,0,0.12000000000000001,1,0.12000000000000001,0,1,1,266.9630514518644,5.7762265046662105,"MODELO_SIM_NO_CALIBRADO; la economía de cada candidato depende de quotes y costes, no de una predicción de alpha."
MEV-01-018,301,0,0.1,0.02,1,0,0,0.12000000000000001,1,0.12000000000000001,0,1,1,266.9630514518644,5.7762265046662105,"MODELO_SIM_NO_CALIBRADO; la economía de cada candidato depende de quotes y costes, no de una predicción de alpha."
MEV-01-019,301,0,0.1,0.02,1,0,0,0.12000000000000001,1,0.12000000000000001,0,1,1,266.9630514518644,5.7762265046662105,"MODELO_SIM_NO_CALIBRADO; la economía de cada candidato depende de quotes y costes, no de una predicción de alpha."
MEV-01-020,301,0,0.1,0.02,1,0,0,0.12000000000000001,1,0.12000000000000001,0,1,1,266.9630514518644,5.7762265046662105,"MODELO_SIM_NO_CALIBRADO; la economía de cada candidato depende de quotes y costes, no de una predicción de alpha."
MEV-01-021,301,0,0.1,0.02,1,0,0,0.12000000000000001,1,0.12000000000000001,0,1,1,266.9630514518644,5.7762265046662105,"MODELO_SIM_NO_CALIBRADO; la economía de cada candidato depende de quotes y costes, no de una predicción de alpha."
MEV-01-022,301,0,0.1,0.02,1,0,0,0.12000000000000001,1,0.12000000000000001,0,1,1,266.9630514518644,5.7762265046662105,"MODELO_SIM_NO_CALIBRADO; la economía de cada candidato depende de quotes y costes, no de una predicción de alpha."
MEV-01-023,301,0,0.1,0.02,1,0,0,0.12000000000000001,1,0.12000000000000001,0,1,1,266.9630514518644,5.7762265046662105,"MODELO_SIM_NO_CALIBRADO; la economía de cada candidato depende de quotes y costes, no de una predicción de alpha."
MEV-01-024,301,0,0.1,0.02,1,0,0,0.12000000000000001,1,0.12000000000000001,0,1,1,266.9630514518644,5.7762265046662105,"MODELO_SIM_NO_CALIBRADO; la economía de cada candidato depende de quotes y costes, no de una predicción de alpha."
MEV-01-025,301,0,0.1,0.02,1,0,0,0.12000000000000001,1,0.12000000000000001,0,1,1,266.9630514518644,5.7762265046662105,"MODELO_SIM_NO_CALIBRADO; la economía de cada candidato depende de quotes y costes, no de una predicción de alpha."
MEV-01-026,301,0,0.1,0.02,1,0,0,0.12000000000000001,1,0.12000000000000001,0,1,1,266.9630514518644,5.7762265046662105,"MODELO_SIM_NO_CALIBRADO; la economía de cada candidato depende de quotes y costes, no de una predicción de alpha."
MEV-01-027,301,0,0.1,0.02,1,0,0,0.12000000000000001,1,0.12000000000000001,0,1,1,266.9630514518644,5.7762265046662105,"MODELO_SIM_NO_CALIBRADO; la economía de cada candidato depende de quotes y costes, no de una predicción de alpha."
MEV-01-028,301,0,0.1,0.02,1,0,0,0.12000000000000001,1,0.12000000000000001,0,1,1,266.9630514518644,5.7762265046662105,"MODELO_SIM_NO_CALIBRADO; la economía de cada candidato depende de quotes y costes, no de una predicción de alpha."
MEV-01-029,301,0,0.1,0.02,1,0,0,0.12000000000000001,1,0.12000000000000001,0,1,1,266.9630514518644,5.7762265046662105,"MODELO_SIM_NO_CALIBRADO; la economía de cada candidato depende de quotes y costes, no de una predicción de alpha."
MEV-01-030,301,0,0.1,0.02,1,0,0,0.12000000000000001,1,0.12000000000000001,0,1,1,266.9630514518644,5.7762265046662105,"MODELO_SIM_NO_CALIBRADO; la economía de cada candidato depende de quotes y costes, no de una predicción de alpha."
MEV-01-031,301,0,0.1,0.02,1,0,0,0.12000000000000001,1,0.12000000000000001,0,1,1,266.9630514518644,5.7762265046662105,"MODELO_SIM_NO_CALIBRADO; la economía de cada candidato depende de quotes y costes, no de una predicción de alpha."
MEV-01-032,301,0,0.1,0.02,1,0,0,0.12000000000000001,1,0.12000000000000001,0,1,1,266.9630514518644,5.7762265046662105,"MODELO_SIM_NO_CALIBRADO; la economía de cada candidato depende de quotes y costes, no de una predicción de alpha."
MEV-01-033,301,0,0.1,0.02,1,0,0,0.12000000000000001,1,0.12000000000000001,0,1,1,266.9630514518644,5.7762265046662105,"MODELO_SIM_NO_CALIBRADO; la economía de cada candidato depende de quotes y costes, no de una predicción de alpha."
MEV-01-034,301,0,0.1,0.02,1,0,0,0.12000000000000001,1,0.12000000000000001,0,1,1,266.9630514518644,5.7762265046662105,"MODELO_SIM_NO_CALIBRADO; la economía de cada candidato depende de quotes y costes, no de una predicción de alpha."
MEV-01-035,301,0,0.1,0.02,1,0,0,0.12000000000000001,1,0.12000000000000001,0,1,1,266.9630514518644,5.7762265046662105,"MODELO_SIM_NO_CALIBRADO; la economía de cada candidato depende de quotes y costes, no de una predicción de alpha."
MEV-01-036,301,0,0.1,0.02,1,0,0,0.12000000000000001,1,0.12000000000000001,0,1,1,266.9630514518644,5.7762265046662105,"MODELO_SIM_NO_CALIBRADO; la economía de cada candidato depende de quotes y costes, no de una predicción de alpha."
MEV-02-001,301,0,0.1,0.02,1,0,0,0.12000000000000001,1,0.12000000000000001,0,1,1,266.9630514518644,5.7762265046662105,"MODELO_SIM_NO_CALIBRADO; la economía de cada candidato depende de quotes y costes, no de una predicción de alpha."
MEV-02-002,301,0,0.1,0.02,1,0,0,0.12000000000000001,1,0.12000000000000001,0,1,1,266.9630514518644,5.7762265046662105,"MODELO_SIM_NO_CALIBRADO; la economía de cada candidato depende de quotes y costes, no de una predicción de alpha."
MEV-02-003,301,0,0.1,0.02,1,0,0,0.12000000000000001,1,0.12000000000000001,0,1,1,266.9630514518644,5.7762265046662105,"MODELO_SIM_NO_CALIBRADO; la economía de cada candidato depende de quotes y costes, no de una predicción de alpha."
MEV-02-004,301,0,0.1,0.02,1,0,0,0.12000000000000001,1,0.12000000000000001,0,1,1,266.9630514518644,5.7762265046662105,"MODELO_SIM_NO_CALIBRADO; la economía de cada candidato depende de quotes y costes, no de una predicción de alpha."
MEV-02-005,301,0,0.1,0.02,1,0,0,0.12000000000000001,1,0.12000000000000001,0,1,1,266.9630514518644,5.7762265046662105,"MODELO_SIM_NO_CALIBRADO; la economía de cada candidato depende de quotes y costes, no de una predicción de alpha."
MEV-02-006,301,0,0.1,0.02,1,0,0,0.12000000000000001,1,0.12000000000000001,0,1,1,266.9630514518644,5.7762265046662105,"MODELO_SIM_NO_CALIBRADO; la economía de cada candidato depende de quotes y costes, no de una predicción de alpha."
MEV-02-007,301,0,0.1,0.02,1,0,0,0.12000000000000001,1,0.12000000000000001,0,1,1,266.9630514518644,5.7762265046662105,"MODELO_SIM_NO_CALIBRADO; la economía de cada candidato depende de quotes y costes, no de una predicción de alpha."
MEV-02-008,301,0,0.1,0.02,1,0,0,0.12000000000000001,1,0.12000000000000001,0,1,1,266.9630514518644,5.7762265046662105,"MODELO_SIM_NO_CALIBRADO; la economía de cada candidato depende de quotes y costes, no de una predicción de alpha."
MEV-02-009,301,0,0.1,0.02,1,0,0,0.12000000000000001,1,0.12000000000000001,0,1,1,266.9630514518644,5.7762265046662105,"MODELO_SIM_NO_CALIBRADO; la economía de cada candidato depende de quotes y costes, no de una predicción de alpha."
MEV-02-010,301,0,0.1,0.02,1,0,0,0.12000000000000001,1,0.12000000000000001,0,1,1,266.9630514518644,5.7762265046662105,"MODELO_SIM_NO_CALIBRADO; la economía de cada candidato depende de quotes y costes, no de una predicción de alpha."
MEV-02-011,301,0,0.1,0.02,1,0,0,0.12000000000000001,1,0.12000000000000001,0,1,1,266.9630514518644,5.7762265046662105,"MODELO_SIM_NO_CALIBRADO; la economía de cada candidato depende de quotes y costes, no de una predicción de alpha."
MEV-02-012,301,0,0.1,0.02,1,0,0,0.12000000000000001,1,0.12000000000000001,0,1,1,266.9630514518644,5.7762265046662105,"MODELO_SIM_NO_CALIBRADO; la economía de cada candidato depende de quotes y costes, no de una predicción de alpha."
MEV-02-013,301,0,0.1,0.02,1,0,0,0.12000000000000001,1,0.12000000000000001,0,1,1,266.9630514518644,5.7762265046662105,"MODELO_SIM_NO_CALIBRADO; la economía de cada candidato depende de quotes y costes, no de una predicción de alpha."
MEV-02-014,301,0,0.1,0.02,1,0,0,0.12000000000000001,1,0.12000000000000001,0,1,1,266.9630514518644,5.7762265046662105,"MODELO_SIM_NO_CALIBRADO; la economía de cada candidato depende de quotes y costes, no de una predicción de alpha."
MEV-02-015,301,0,0.1,0.02,1,0,0,0.12000000000000001,1,0.12000000000000001,0,1,1,266.9630514518644,5.7762265046662105,"MODELO_SIM_NO_CALIBRADO; la economía de cada candidato depende de quotes y costes, no de una predicción de alpha."
MEV-02-016,301,0,0.1,0.02,1,0,0,0.12000000000000001,1,0.12000000000000001,0,1,1,266.9630514518644,5.7762265046662105,"MODELO_SIM_NO_CALIBRADO; la economía de cada candidato depende de quotes y costes, no de una predicción de alpha."
MEV-02-017,301,0,0.1,0.02,1,0,0,0.12000000000000001,1,0.12000000000000001,0,1,1,266.9630514518644,5.7762265046662105,"MODELO_SIM_NO_CALIBRADO; la economía de cada candidato depende de quotes y costes, no de una predicción de alpha."
MEV-03-001,301,0,0.1,0.02,1,0,0,0.12000000000000001,1,0.12000000000000001,0,1,1,266.9630514518644,5.7762265046662105,"MODELO_SIM_NO_CALIBRADO; la economía de cada candidato depende de quotes y costes, no de una predicción de alpha."
MEV-03-002,301,0,0.1,0.02,1,0,0,0.12000000000000001,1,0.12000000000000001,0,1,1,266.9630514518644,5.7762265046662105,"MODELO_SIM_NO_CALIBRADO; la economía de cada candidato depende de quotes y costes, no de una predicción de alpha."
MEV-03-003,301,0,0.1,0.02,1,0,0,0.12000000000000001,1,0.12000000000000001,0,1,1,266.9630514518644,5.7762265046662105,"MODELO_SIM_NO_CALIBRADO; la economía de cada candidato depende de quotes y costes, no de una predicción de alpha."
MEV-03-004,301,0,0.1,0.02,1,0,0,0.12000000000000001,1,0.12000000000000001,0,1,1,266.9630514518644,5.7762265046662105,"MODELO_SIM_NO_CALIBRADO; la economía de cada candidato depende de quotes y costes, no de una predicción de alpha."
MEV-03-005,301,0,0.1,0.02,1,0,0,0.12000000000000001,1,0.12000000000000001,0,1,1,266.9630514518644,5.7762265046662105,"MODELO_SIM_NO_CALIBRADO; la economía de cada candidato depende de quotes y costes, no de una predicción de alpha."
MEV-03-006,310,0,0.1,0.02,1,0,0,0.12000000000000001,1,0.12000000000000001,0,1,1,274.94533538231883,5.7762265046662105,"MODELO_SIM_NO_CALIBRADO; la economía de cada candidato depende de quotes y costes, no de una predicción de alpha."
MEV-03-007,301,0,0.1,0.02,1,0,0,0.12000000000000001,1,0.12000000000000001,0,1,1,266.9630514518644,5.7762265046662105,"MODELO_SIM_NO_CALIBRADO; la economía de cada candidato depende de quotes y costes, no de una predicción de alpha."
MEV-03-008,301,0,0.1,0.02,1,0,0,0.12000000000000001,1,0.12000000000000001,0,1,1,266.9630514518644,5.7762265046662105,"MODELO_SIM_NO_CALIBRADO; la economía de cada candidato depende de quotes y costes, no de una predicción de alpha."
MEV-03-009,301,0,0.1,0.02,1,0,0,0.12000000000000001,1,0.12000000000000001,0,1,1,266.9630514518644,5.7762265046662105,"MODELO_SIM_NO_CALIBRADO; la economía de cada candidato depende de quotes y costes, no de una predicción de alpha."
MEV-03-010,301,0,0.1,0.02,1,0,0,0.12000000000000001,1,0.12000000000000001,0,1,1,266.9630514518644,5.7762265046662105,"MODELO_SIM_NO_CALIBRADO; la economía de cada candidato depende de quotes y costes, no de una predicción de alpha."
MEV-03-011,301,0,0.1,0.02,1,0,0,0.12000000000000001,1,0.12000000000000001,0,1,1,266.9630514518644,5.7762265046662105,"MODELO_SIM_NO_CALIBRADO; la economía de cada candidato depende de quotes y costes, no de una predicción de alpha."
MEV-03-012,301,0,0.1,0.02,1,0,0,0.12000000000000001,1,0.12000000000000001,0,1,1,266.9630514518644,5.7762265046662105,"MODELO_SIM_NO_CALIBRADO; la economía de cada candidato depende de quotes y costes, no de una predicción de alpha."
MEV-03-013,301,0,0.1,0.02,1,0,0,0.12000000000000001,1,0.12000000000000001,0,1,1,266.9630514518644,5.7762265046662105,"MODELO_SIM_NO_CALIBRADO; la economía de cada candidato depende de quotes y costes, no de una predicción de alpha."
MEV-03-014,301,0,0.1,0.02,1,0,0,0.12000000000000001,1,0.12000000000000001,0,1,1,266.9630514518644,5.7762265046662105,"MODELO_SIM_NO_CALIBRADO; la economía de cada candidato depende de quotes y costes, no de una predicción de alpha."
MEV-03-015,301,0,0.1,0.02,1,0,0,0.12000000000000001,1,0.12000000000000001,0,1,1,266.9630514518644,5.7762265046662105,"MODELO_SIM_NO_CALIBRADO; la economía de cada candidato depende de quotes y costes, no de una predicción de alpha."
MEV-03-016,301,0,0.1,0.02,1,0,0,0.12000000000000001,1,0.12000000000000001,0,1,1,266.9630514518644,5.7762265046662105,"MODELO_SIM_NO_CALIBRADO; la economía de cada candidato depende de quotes y costes, no de una predicción de alpha."
MEV-03-017,301,0,0.1,0.02,1,0,0,0.12000000000000001,1,0.12000000000000001,0,1,1,266.9630514518644,5.7762265046662105,"MODELO_SIM_NO_CALIBRADO; la economía de cada candidato depende de quotes y costes, no de una predicción de alpha."
MEV-03-018,301,0,0.1,0.02,1,0,0,0.12000000000000001,1,0.12000000000000001,0,1,1,266.9630514518644,5.7762265046662105,"MODELO_SIM_NO_CALIBRADO; la economía de cada candidato depende de quotes y costes, no de una predicción de alpha."
MEV-03-019,301,0,0.1,0.02,1,0,0,0.12000000000000001,1,0.12000000000000001,0,1,1,266.9630514518644,5.7762265046662105,"MODELO_SIM_NO_CALIBRADO; la economía de cada candidato depende de quotes y costes, no de una predicción de alpha."
MEV-03-020,301,0,0.1,0.02,1,0,0,0.12000000000000001,1,0.12000000000000001,0,1,1,266.9630514518644,5.7762265046662105,"MODELO_SIM_NO_CALIBRADO; la economía de cada candidato depende de quotes y costes, no de una predicción de alpha."
MEV-03-021,301,0,0.1,0.02,1,0,0,0.12000000000000001,1,0.12000000000000001,0,1,1,266.9630514518644,5.7762265046662105,"MODELO_SIM_NO_CALIBRADO; la economía de cada candidato depende de quotes y costes, no de una predicción de alpha."
MEV-03-022,301,0,0.1,0.02,1,0,0,0.12000000000000001,1,0.12000000000000001,0,1,1,266.9630514518644,5.7762265046662105,"MODELO_SIM_NO_CALIBRADO; la economía de cada candidato depende de quotes y costes, no de una predicción de alpha."
MEV-03-023,301,0,0.1,0.02,1,0,0,0.12000000000000001,1,0.12000000000000001,0,1,1,266.9630514518644,5.7762265046662105,"MODELO_SIM_NO_CALIBRADO; la economía de cada candidato depende de quotes y costes, no de una predicción de alpha."
MEV-03-024,301,0,0.1,0.02,1,0,0,0.12000000000000001,1,0.12000000000000001,0,1,1,266.9630514518644,5.7762265046662105,"MODELO_SIM_NO_CALIBRADO; la economía de cada candidato depende de quotes y costes, no de una predicción de alpha."
MEV-03-025,301,0,0.1,0.02,1,0,0,0.12000000000000001,1,0.12000000000000001,0,1,1,266.9630514518644,5.7762265046662105,"MODELO_SIM_NO_CALIBRADO; la economía de cada candidato depende de quotes y costes, no de una predicción de alpha."
MEV-03-026,301,0,0.1,0.02,1,0,0,0.12000000000000001,1,0.12000000000000001,0,1,1,266.9630514518644,5.7762265046662105,"MODELO_SIM_NO_CALIBRADO; la economía de cada candidato depende de quotes y costes, no de una predicción de alpha."
MEV-03-027,310,0,0.1,0.02,1,0,0,0.12000000000000001,1,0.12000000000000001,0,1,1,274.94533538231883,5.7762265046662105,"MODELO_SIM_NO_CALIBRADO; la economía de cada candidato depende de quotes y costes, no de una predicción de alpha."
MEV-03-028,301,0,0.1,0.02,1,0,0,0.12000000000000001,1,0.12000000000000001,0,1,1,266.9630514518644,5.7762265046662105,"MODELO_SIM_NO_CALIBRADO; la economía de cada candidato depende de quotes y costes, no de una predicción de alpha."
MEV-03-029,310,0,0.1,0.02,1,0,0,0.12000000000000001,1,0.12000000000000001,0,1,1,274.94533538231883,5.7762265046662105,"MODELO_SIM_NO_CALIBRADO; la economía de cada candidato depende de quotes y costes, no de una predicción de alpha."
MEV-03-030,310,0,0.1,0.02,1,0,0,0.12000000000000001,1,0.12000000000000001,0,1,1,274.94533538231883,5.7762265046662105,"MODELO_SIM_NO_CALIBRADO; la economía de cada candidato depende de quotes y costes, no de una predicción de alpha."
MEV-03-031,310,0,0.1,0.02,1,0,0,0.12000000000000001,1,0.12000000000000001,0,1,1,274.94533538231883,5.7762265046662105,"MODELO_SIM_NO_CALIBRADO; la economía de cada candidato depende de quotes y costes, no de una predicción de alpha."
MEV-04-001,301,0,0.1,0.02,1,0,0,0.12000000000000001,1,0.12000000000000001,0,1,1,266.9630514518644,5.7762265046662105,"MODELO_SIM_NO_CALIBRADO; la economía de cada candidato depende de quotes y costes, no de una predicción de alpha."
MEV-04-002,301,0,0.1,0.02,1,0,0,0.12000000000000001,1,0.12000000000000001,0,1,1,266.9630514518644,5.7762265046662105,"MODELO_SIM_NO_CALIBRADO; la economía de cada candidato depende de quotes y costes, no de una predicción de alpha."
MEV-04-003,301,0,0.1,0.02,1,0,0,0.12000000000000001,1,0.12000000000000001,0,1,1,266.9630514518644,5.7762265046662105,"MODELO_SIM_NO_CALIBRADO; la economía de cada candidato depende de quotes y costes, no de una predicción de alpha."
MEV-04-004,301,0,0.1,0.02,1,0,0,0.12000000000000001,1,0.12000000000000001,0,1,1,266.9630514518644,5.7762265046662105,"MODELO_SIM_NO_CALIBRADO; la economía de cada candidato depende de quotes y costes, no de una predicción de alpha."
MEV-04-005,301,0,0.1,0.02,1,0,0,0.12000000000000001,1,0.12000000000000001,0,1,1,266.9630514518644,5.7762265046662105,"MODELO_SIM_NO_CALIBRADO; la economía de cada candidato depende de quotes y costes, no de una predicción de alpha."
MEV-04-006,301,0,0.1,0.02,1,0,0,0.12000000000000001,1,0.12000000000000001,0,1,1,266.9630514518644,5.7762265046662105,"MODELO_SIM_NO_CALIBRADO; la economía de cada candidato depende de quotes y costes, no de una predicción de alpha."
MEV-04-007,301,0,0.1,0.02,1,0,0,0.12000000000000001,1,0.12000000000000001,0,1,1,266.9630514518644,5.7762265046662105,"MODELO_SIM_NO_CALIBRADO; la economía de cada candidato depende de quotes y costes, no de una predicción de alpha."
MEV-04-008,301,0,0.1,0.02,1,0,0,0.12000000000000001,1,0.12000000000000001,0,1,1,266.9630514518644,5.7762265046662105,"MODELO_SIM_NO_CALIBRADO; la economía de cada candidato depende de quotes y costes, no de una predicción de alpha."
MEV-04-009,301,0,0.1,0.02,1,0,0,0.12000000000000001,1,0.12000000000000001,0,1,1,266.9630514518644,5.7762265046662105,"MODELO_SIM_NO_CALIBRADO; la economía de cada candidato depende de quotes y costes, no de una predicción de alpha."
MEV-04-010,301,0,0.1,0.02,1,0,0,0.12000000000000001,1,0.12000000000000001,0,1,1,266.9630514518644,5.7762265046662105,"MODELO_SIM_NO_CALIBRADO; la economía de cada candidato depende de quotes y costes, no de una predicción de alpha."
MEV-04-011,301,0,0.1,0.02,1,0,0,0.12000000000000001,1,0.12000000000000001,0,1,1,266.9630514518644,5.7762265046662105,"MODELO_SIM_NO_CALIBRADO; la economía de cada candidato depende de quotes y costes, no de una predicción de alpha."
MEV-04-012,301,0,0.1,0.02,1,0,0,0.12000000000000001,1,0.12000000000000001,0,1,1,266.9630514518644,5.7762265046662105,"MODELO_SIM_NO_CALIBRADO; la economía de cada candidato depende de quotes y costes, no de una predicción de alpha."
MEV-04-013,301,0,0.1,0.02,1,0,0,0.12000000000000001,1,0.12000000000000001,0,1,1,266.9630514518644,5.7762265046662105,"MODELO_SIM_NO_CALIBRADO; la economía de cada candidato depende de quotes y costes, no de una predicción de alpha."
MEV-04-014,301,0,0.1,0.02,1,0,0,0.12000000000000001,1,0.12000000000000001,0,1,1,266.9630514518644,5.7762265046662105,"MODELO_SIM_NO_CALIBRADO; la economía de cada candidato depende de quotes y costes, no de una predicción de alpha."
MEV-04-015,301,0,0.1,0.02,1,0,0,0.12000000000000001,1,0.12000000000000001,0,1,1,266.9630514518644,5.7762265046662105,"MODELO_SIM_NO_CALIBRADO; la economía de cada candidato depende de quotes y costes, no de una predicción de alpha."
MEV-04-016,310,0,0.1,0.02,1,0,0,0.12000000000000001,1,0.12000000000000001,0,1,1,274.94533538231883,5.7762265046662105,"MODELO_SIM_NO_CALIBRADO; la economía de cada candidato depende de quotes y costes, no de una predicción de alpha."
MEV-04-017,301,0,0.1,0.02,1,0,0,0.12000000000000001,1,0.12000000000000001,0,1,1,266.9630514518644,5.7762265046662105,"MODELO_SIM_NO_CALIBRADO; la economía de cada candidato depende de quotes y costes, no de una predicción de alpha."
MEV-04-018,301,0,0.1,0.02,1,0,0,0.12000000000000001,1,0.12000000000000001,0,1,1,266.9630514518644,5.7762265046662105,"MODELO_SIM_NO_CALIBRADO; la economía de cada candidato depende de quotes y costes, no de una predicción de alpha."
MEV-04-019,301,0,0.1,0.02,1,0,0,0.12000000000000001,1,0.12000000000000001,0,1,1,266.9630514518644,5.7762265046662105,"MODELO_SIM_NO_CALIBRADO; la economía de cada candidato depende de quotes y costes, no de una predicción de alpha."
MEV-04-020,301,0,0.1,0.02,1,0,0,0.12000000000000001,1,0.12000000000000001,0,1,1,266.9630514518644,5.7762265046662105,"MODELO_SIM_NO_CALIBRADO; la economía de cada candidato depende de quotes y costes, no de una predicción de alpha."
MEV-04-021,301,0,0.1,0.02,1,0,0,0.12000000000000001,1,0.12000000000000001,0,1,1,266.9630514518644,5.7762265046662105,"MODELO_SIM_NO_CALIBRADO; la economía de cada candidato depende de quotes y costes, no de una predicción de alpha."
MEV-04-022,301,0,0.1,0.02,1,0,0,0.12000000000000001,1,0.12000000000000001,0,1,1,266.9630514518644,5.7762265046662105,"MODELO_SIM_NO_CALIBRADO; la economía de cada candidato depende de quotes y costes, no de una predicción de alpha."
MEV-04-023,301,0,0.1,0.02,1,0,0,0.12000000000000001,1,0.12000000000000001,0,1,1,266.9630514518644,5.7762265046662105,"MODELO_SIM_NO_CALIBRADO; la economía de cada candidato depende de quotes y costes, no de una predicción de alpha."
MEV-04-024,301,0,0.1,0.02,1,0,0,0.12000000000000001,1,0.12000000000000001,0,1,1,266.9630514518644,5.7762265046662105,"MODELO_SIM_NO_CALIBRADO; la economía de cada candidato depende de quotes y costes, no de una predicción de alpha."
MEV-04-025,301,0,0.1,0.02,1,0,0,0.12000000000000001,1,0.12000000000000001,0,1,1,266.9630514518644,5.7762265046662105,"MODELO_SIM_NO_CALIBRADO; la economía de cada candidato depende de quotes y costes, no de una predicción de alpha."
MEV-04-026,301,0,0.1,0.02,1,0,0,0.12000000000000001,1,0.12000000000000001,0,1,1,266.9630514518644,5.7762265046662105,"MODELO_SIM_NO_CALIBRADO; la economía de cada candidato depende de quotes y costes, no de una predicción de alpha."
MEV-04-027,301,0,0.1,0.02,1,0,0,0.12000000000000001,1,0.12000000000000001,0,1,1,266.9630514518644,5.7762265046662105,"MODELO_SIM_NO_CALIBRADO; la economía de cada candidato depende de quotes y costes, no de una predicción de alpha."
MEV-04-028,301,0,0.1,0.02,1,0,0,0.12000000000000001,1,0.12000000000000001,0,1,1,266.9630514518644,5.7762265046662105,"MODELO_SIM_NO_CALIBRADO; la economía de cada candidato depende de quotes y costes, no de una predicción de alpha."
MEV-04-029,310,0,0.1,0.02,1,0,0,0.12000000000000001,1,0.12000000000000001,0,1,1,274.94533538231883,5.7762265046662105,"MODELO_SIM_NO_CALIBRADO; la economía de cada candidato depende de quotes y costes, no de una predicción de alpha."
MEV-04-030,310,0,0.1,0.02,1,0,0,0.12000000000000001,1,0.12000000000000001,0,1,1,274.94533538231883,5.7762265046662105,"MODELO_SIM_NO_CALIBRADO; la economía de cada candidato depende de quotes y costes, no de una predicción de alpha."
MEV-04-031,310,0,0.1,0.02,1,0,0,0.12000000000000001,1,0.12000000000000001,0,1,1,274.94533538231883,5.7762265046662105,"MODELO_SIM_NO_CALIBRADO; la economía de cada candidato depende de quotes y costes, no de una predicción de alpha."
MEV-05-001,310,0,0.1,0.02,1,0,0,0.12000000000000001,1,0.12000000000000001,0,1,1,274.94533538231883,5.7762265046662105,"MODELO_SIM_NO_CALIBRADO; la economía de cada candidato depende de quotes y costes, no de una predicción de alpha."
MEV-05-002,310,0,0.1,0.02,1,0,0,0.12000000000000001,1,0.12000000000000001,0,1,1,274.94533538231883,5.7762265046662105,"MODELO_SIM_NO_CALIBRADO; la economía de cada candidato depende de quotes y costes, no de una predicción de alpha."
MEV-05-003,310,0,0.1,0.02,1,0,0,0.12000000000000001,1,0.12000000000000001,0,1,1,274.94533538231883,5.7762265046662105,"MODELO_SIM_NO_CALIBRADO; la economía de cada candidato depende de quotes y costes, no de una predicción de alpha."
MEV-05-004,310,0,0.1,0.02,1,0,0,0.12000000000000001,1,0.12000000000000001,0,1,1,274.94533538231883,5.7762265046662105,"MODELO_SIM_NO_CALIBRADO; la economía de cada candidato depende de quotes y costes, no de una predicción de alpha."
MEV-05-005,310,0,0.1,0.02,1,0,0,0.12000000000000001,1,0.12000000000000001,0,1,1,274.94533538231883,5.7762265046662105,"MODELO_SIM_NO_CALIBRADO; la economía de cada candidato depende de quotes y costes, no de una predicción de alpha."
MEV-05-006,310,0,0.1,0.02,1,0,0,0.12000000000000001,1,0.12000000000000001,0,1,1,274.94533538231883,5.7762265046662105,"MODELO_SIM_NO_CALIBRADO; la economía de cada candidato depende de quotes y costes, no de una predicción de alpha."
MEV-05-007,310,0,0.1,0.02,1,0,0,0.12000000000000001,1,0.12000000000000001,0,1,1,274.94533538231883,5.7762265046662105,"MODELO_SIM_NO_CALIBRADO; la economía de cada candidato depende de quotes y costes, no de una predicción de alpha."
MEV-05-008,310,0,0.1,0.02,1,0,0,0.12000000000000001,1,0.12000000000000001,0,1,1,274.94533538231883,5.7762265046662105,"MODELO_SIM_NO_CALIBRADO; la economía de cada candidato depende de quotes y costes, no de una predicción de alpha."
MEV-05-009,310,0,0.1,0.02,1,0,0,0.12000000000000001,1,0.12000000000000001,0,1,1,274.94533538231883,5.7762265046662105,"MODELO_SIM_NO_CALIBRADO; la economía de cada candidato depende de quotes y costes, no de una predicción de alpha."
MEV-05-010,310,0,0.1,0.02,1,0,0,0.12000000000000001,1,0.12000000000000001,0,1,1,274.94533538231883,5.7762265046662105,"MODELO_SIM_NO_CALIBRADO; la economía de cada candidato depende de quotes y costes, no de una predicción de alpha."
MEV-05-011,310,0,0.1,0.02,1,0,0,0.12000000000000001,1,0.12000000000000001,0,1,1,274.94533538231883,5.7762265046662105,"MODELO_SIM_NO_CALIBRADO; la economía de cada candidato depende de quotes y costes, no de una predicción de alpha."
MEV-05-012,310,0,0.1,0.02,1,0,0,0.12000000000000001,1,0.12000000000000001,0,1,1,274.94533538231883,5.7762265046662105,"MODELO_SIM_NO_CALIBRADO; la economía de cada candidato depende de quotes y costes, no de una predicción de alpha."
MEV-05-013,310,0,0.1,0.02,1,0,0,0.12000000000000001,1,0.12000000000000001,0,1,1,274.94533538231883,5.7762265046662105,"MODELO_SIM_NO_CALIBRADO; la economía de cada candidato depende de quotes y costes, no de una predicción de alpha."
MEV-05-014,310,0,0.1,0.02,1,0,0,0.12000000000000001,1,0.12000000000000001,0,1,1,274.94533538231883,5.7762265046662105,"MODELO_SIM_NO_CALIBRADO; la economía de cada candidato depende de quotes y costes, no de una predicción de alpha."
MEV-06-001,310,0,0.1,0.02,1,0,0,0.12000000000000001,1,0.12000000000000001,0,1,1,274.94533538231883,5.7762265046662105,"MODELO_SIM_NO_CALIBRADO; la economía de cada candidato depende de quotes y costes, no de una predicción de alpha."
MEV-06-002,310,0,0.1,0.02,1,0,0,0.12000000000000001,1,0.12000000000000001,0,1,1,274.94533538231883,5.7762265046662105,"MODELO_SIM_NO_CALIBRADO; la economía de cada candidato depende de quotes y costes, no de una predicción de alpha."
MEV-06-003,310,0,0.1,0.02,1,0,0,0.12000000000000001,1,0.12000000000000001,0,1,1,274.94533538231883,5.7762265046662105,"MODELO_SIM_NO_CALIBRADO; la economía de cada candidato depende de quotes y costes, no de una predicción de alpha."
MEV-06-004,310,0,0.1,0.02,1,0,0,0.12000000000000001,1,0.12000000000000001,0,1,1,274.94533538231883,5.7762265046662105,"MODELO_SIM_NO_CALIBRADO; la economía de cada candidato depende de quotes y costes, no de una predicción de alpha."
MEV-06-005,310,0,0.1,0.02,1,0,0,0.12000000000000001,1,0.12000000000000001,0,1,1,274.94533538231883,5.7762265046662105,"MODELO_SIM_NO_CALIBRADO; la economía de cada candidato depende de quotes y costes, no de una predicción de alpha."
MEV-06-006,310,0,0.1,0.02,1,0,0,0.12000000000000001,1,0.12000000000000001,0,1,1,274.94533538231883,5.7762265046662105,"MODELO_SIM_NO_CALIBRADO; la economía de cada candidato depende de quotes y costes, no de una predicción de alpha."
MEV-06-007,310,0,0.1,0.02,1,0,0,0.12000000000000001,1,0.12000000000000001,0,1,1,274.94533538231883,5.7762265046662105,"MODELO_SIM_NO_CALIBRADO; la economía de cada candidato depende de quotes y costes, no de una predicción de alpha."
MEV-06-008,310,0,0.1,0.02,1,0,0,0.12000000000000001,1,0.12000000000000001,0,1,1,274.94533538231883,5.7762265046662105,"MODELO_SIM_NO_CALIBRADO; la economía de cada candidato depende de quotes y costes, no de una predicción de alpha."
MEV-06-009,310,0,0.1,0.02,1,0,0,0.12000000000000001,1,0.12000000000000001,0,1,1,274.94533538231883,5.7762265046662105,"MODELO_SIM_NO_CALIBRADO; la economía de cada candidato depende de quotes y costes, no de una predicción de alpha."
MEV-06-010,310,0,0.1,0.02,1,0,0,0.12000000000000001,1,0.12000000000000001,0,1,1,274.94533538231883,5.7762265046662105,"MODELO_SIM_NO_CALIBRADO; la economía de cada candidato depende de quotes y costes, no de una predicción de alpha."
MEV-06-011,310,0,0.1,0.02,1,0,0,0.12000000000000001,1,0.12000000000000001,0,1,1,274.94533538231883,5.7762265046662105,"MODELO_SIM_NO_CALIBRADO; la economía de cada candidato depende de quotes y costes, no de una predicción de alpha."
MEV-06-012,310,0,0.1,0.02,1,0,0,0.12000000000000001,1,0.12000000000000001,0,1,1,274.94533538231883,5.7762265046662105,"MODELO_SIM_NO_CALIBRADO; la economía de cada candidato depende de quotes y costes, no de una predicción de alpha."
MEV-06-013,310,0,0.1,0.02,1,0,0,0.12000000000000001,1,0.12000000000000001,0,1,1,274.94533538231883,5.7762265046662105,"MODELO_SIM_NO_CALIBRADO; la economía de cada candidato depende de quotes y costes, no de una predicción de alpha."
MEV-06-014,310,0,0.1,0.02,1,0,0,0.12000000000000001,1,0.12000000000000001,0,1,1,274.94533538231883,5.7762265046662105,"MODELO_SIM_NO_CALIBRADO; la economía de cada candidato depende de quotes y costes, no de una predicción de alpha."
MEV-06-015,310,0,0.1,0.02,1,0,0,0.12000000000000001,1,0.12000000000000001,0,1,1,274.94533538231883,5.7762265046662105,"MODELO_SIM_NO_CALIBRADO; la economía de cada candidato depende de quotes y costes, no de una predicción de alpha."
MEV-06-016,310,0,0.1,0.02,1,0,0,0.12000000000000001,1,0.12000000000000001,0,1,1,274.94533538231883,5.7762265046662105,"MODELO_SIM_NO_CALIBRADO; la economía de cada candidato depende de quotes y costes, no de una predicción de alpha."
MEV-06-017,310,0,0.1,0.02,1,0,0,0.12000000000000001,1,0.12000000000000001,0,1,1,274.94533538231883,5.7762265046662105,"MODELO_SIM_NO_CALIBRADO; la economía de cada candidato depende de quotes y costes, no de una predicción de alpha."
MEV-06-018,310,0,0.1,0.02,1,0,0,0.12000000000000001,1,0.12000000000000001,0,1,1,274.94533538231883,5.7762265046662105,"MODELO_SIM_NO_CALIBRADO; la economía de cada candidato depende de quotes y costes, no de una predicción de alpha."
MEV-06-019,310,0,0.1,0.02,1,0,0,0.12000000000000001,1,0.12000000000000001,0,1,1,274.94533538231883,5.7762265046662105,"MODELO_SIM_NO_CALIBRADO; la economía de cada candidato depende de quotes y costes, no de una predicción de alpha."
MEV-06-020,310,0,0.1,0.02,1,0,0,0.12000000000000001,1,0.12000000000000001,0,1,1,274.94533538231883,5.7762265046662105,"MODELO_SIM_NO_CALIBRADO; la economía de cada candidato depende de quotes y costes, no de una predicción de alpha."
MEV-06-021,310,0,0.1,0.02,1,0,0,0.12000000000000001,1,0.12000000000000001,0,1,1,274.94533538231883,5.7762265046662105,"MODELO_SIM_NO_CALIBRADO; la economía de cada candidato depende de quotes y costes, no de una predicción de alpha."
MEV-06-022,310,0,0.1,0.02,1,0,0,0.12000000000000001,1,0.12000000000000001,0,1,1,274.94533538231883,5.7762265046662105,"MODELO_SIM_NO_CALIBRADO; la economía de cada candidato depende de quotes y costes, no de una predicción de alpha."
MEV-06-023,310,0,0.1,0.02,1,0,0,0.12000000000000001,1,0.12000000000000001,0,1,1,274.94533538231883,5.7762265046662105,"MODELO_SIM_NO_CALIBRADO; la economía de cada candidato depende de quotes y costes, no de una predicción de alpha."
MEV-06-024,310,0,0.1,0.02,1,0,0,0.12000000000000001,1,0.12000000000000001,0,1,1,274.94533538231883,5.7762265046662105,"MODELO_SIM_NO_CALIBRADO; la economía de cada candidato depende de quotes y costes, no de una predicción de alpha."
MEV-06-025,310,0,0.1,0.02,1,0,0,0.12000000000000001,1,0.12000000000000001,0,1,1,274.94533538231883,5.7762265046662105,"MODELO_SIM_NO_CALIBRADO; la economía de cada candidato depende de quotes y costes, no de una predicción de alpha."
MEV-06-026,310,0,0.1,0.02,1,0,0,0.12000000000000001,1,0.12000000000000001,0,1,1,274.94533538231883,5.7762265046662105,"MODELO_SIM_NO_CALIBRADO; la economía de cada candidato depende de quotes y costes, no de una predicción de alpha."
MEV-06-027,310,0,0.1,0.02,1,0,0,0.12000000000000001,1,0.12000000000000001,0,1,1,274.94533538231883,5.7762265046662105,"MODELO_SIM_NO_CALIBRADO; la economía de cada candidato depende de quotes y costes, no de una predicción de alpha."
MEV-06-028,310,0,0.1,0.02,1,0,0,0.12000000000000001,1,0.12000000000000001,0,1,1,274.94533538231883,5.7762265046662105,"MODELO_SIM_NO_CALIBRADO; la economía de cada candidato depende de quotes y costes, no de una predicción de alpha."
MEV-06-029,310,0,0.1,0.02,1,0,0,0.12000000000000001,1,0.12000000000000001,0,1,1,274.94533538231883,5.7762265046662105,"MODELO_SIM_NO_CALIBRADO; la economía de cada candidato depende de quotes y costes, no de una predicción de alpha."
MEV-06-030,310,0,0.1,0.02,1,0,0,0.12000000000000001,1,0.12000000000000001,0,1,1,274.94533538231883,5.7762265046662105,"MODELO_SIM_NO_CALIBRADO; la economía de cada candidato depende de quotes y costes, no de una predicción de alpha."
MEV-07-001,310,0,0.1,0.02,1,0,0,0.12000000000000001,1,0.12000000000000001,0,1,1,274.94533538231883,5.7762265046662105,"MODELO_SIM_NO_CALIBRADO; la economía de cada candidato depende de quotes y costes, no de una predicción de alpha."
MEV-07-002,310,0,0.1,0.02,1,0,0,0.12000000000000001,1,0.12000000000000001,0,1,1,274.94533538231883,5.7762265046662105,"MODELO_SIM_NO_CALIBRADO; la economía de cada candidato depende de quotes y costes, no de una predicción de alpha."
MEV-07-003,310,0,0.1,0.02,1,0,0,0.12000000000000001,1,0.12000000000000001,0,1,1,274.94533538231883,5.7762265046662105,"MODELO_SIM_NO_CALIBRADO; la economía de cada candidato depende de quotes y costes, no de una predicción de alpha."
MEV-07-004,310,0,0.1,0.02,1,0,0,0.12000000000000001,1,0.12000000000000001,0,1,1,274.94533538231883,5.7762265046662105,"MODELO_SIM_NO_CALIBRADO; la economía de cada candidato depende de quotes y costes, no de una predicción de alpha."
MEV-07-005,310,0,0.1,0.02,1,0,0,0.12000000000000001,1,0.12000000000000001,0,1,1,274.94533538231883,5.7762265046662105,"MODELO_SIM_NO_CALIBRADO; la economía de cada candidato depende de quotes y costes, no de una predicción de alpha."
MEV-07-006,310,0,0.1,0.02,1,0,0,0.12000000000000001,1,0.12000000000000001,0,1,1,274.94533538231883,5.7762265046662105,"MODELO_SIM_NO_CALIBRADO; la economía de cada candidato depende de quotes y costes, no de una predicción de alpha."
MEV-07-007,310,0,0.1,0.02,1,0,0,0.12000000000000001,1,0.12000000000000001,0,1,1,274.94533538231883,5.7762265046662105,"MODELO_SIM_NO_CALIBRADO; la economía de cada candidato depende de quotes y costes, no de una predicción de alpha."
MEV-07-008,310,0,0.1,0.02,1,0,0,0.12000000000000001,1,0.12000000000000001,0,1,1,274.94533538231883,5.7762265046662105,"MODELO_SIM_NO_CALIBRADO; la economía de cada candidato depende de quotes y costes, no de una predicción de alpha."
MEV-07-009,310,0,0.1,0.02,1,0,0,0.12000000000000001,1,0.12000000000000001,0,1,1,274.94533538231883,5.7762265046662105,"MODELO_SIM_NO_CALIBRADO; la economía de cada candidato depende de quotes y costes, no de una predicción de alpha."
MEV-07-010,310,0,0.1,0.02,1,0,0,0.12000000000000001,1,0.12000000000000001,0,1,1,274.94533538231883,5.7762265046662105,"MODELO_SIM_NO_CALIBRADO; la economía de cada candidato depende de quotes y costes, no de una predicción de alpha."
MEV-07-011,310,0,0.1,0.02,1,0,0,0.12000000000000001,1,0.12000000000000001,0,1,1,274.94533538231883,5.7762265046662105,"MODELO_SIM_NO_CALIBRADO; la economía de cada candidato depende de quotes y costes, no de una predicción de alpha."
MEV-07-012,310,0,0.1,0.02,1,0,0,0.12000000000000001,1,0.12000000000000001,0,1,1,274.94533538231883,5.7762265046662105,"MODELO_SIM_NO_CALIBRADO; la economía de cada candidato depende de quotes y costes, no de una predicción de alpha."
MEV-07-013,310,0,0.1,0.02,1,0,0,0.12000000000000001,1,0.12000000000000001,0,1,1,274.94533538231883,5.7762265046662105,"MODELO_SIM_NO_CALIBRADO; la economía de cada candidato depende de quotes y costes, no de una predicción de alpha."
MEV-07-014,310,0,0.1,0.02,1,0,0,0.12000000000000001,1,0.12000000000000001,0,1,1,274.94533538231883,5.7762265046662105,"MODELO_SIM_NO_CALIBRADO; la economía de cada candidato depende de quotes y costes, no de una predicción de alpha."
MEV-07-015,310,0,0.1,0.02,1,0,0,0.12000000000000001,1,0.12000000000000001,0,1,1,274.94533538231883,5.7762265046662105,"MODELO_SIM_NO_CALIBRADO; la economía de cada candidato depende de quotes y costes, no de una predicción de alpha."
MEV-07-016,310,0,0.1,0.02,1,0,0,0.12000000000000001,1,0.12000000000000001,0,1,1,274.94533538231883,5.7762265046662105,"MODELO_SIM_NO_CALIBRADO; la economía de cada candidato depende de quotes y costes, no de una predicción de alpha."
MEV-07-017,310,0,0.1,0.02,1,0,0,0.12000000000000001,1,0.12000000000000001,0,1,1,274.94533538231883,5.7762265046662105,"MODELO_SIM_NO_CALIBRADO; la economía de cada candidato depende de quotes y costes, no de una predicción de alpha."
MEV-07-018,310,0,0.1,0.02,1,0,0,0.12000000000000001,1,0.12000000000000001,0,1,1,274.94533538231883,5.7762265046662105,"MODELO_SIM_NO_CALIBRADO; la economía de cada candidato depende de quotes y costes, no de una predicción de alpha."
MEV-07-019,310,0,0.1,0.02,1,0,0,0.12000000000000001,1,0.12000000000000001,0,1,1,274.94533538231883,5.7762265046662105,"MODELO_SIM_NO_CALIBRADO; la economía de cada candidato depende de quotes y costes, no de una predicción de alpha."
MEV-07-020,310,0,0.1,0.02,1,0,0,0.12000000000000001,1,0.12000000000000001,0,1,1,274.94533538231883,5.7762265046662105,"MODELO_SIM_NO_CALIBRADO; la economía de cada candidato depende de quotes y costes, no de una predicción de alpha."
MEV-07-021,310,0,0.1,0.02,1,0,0,0.12000000000000001,1,0.12000000000000001,0,1,1,274.94533538231883,5.7762265046662105,"MODELO_SIM_NO_CALIBRADO; la economía de cada candidato depende de quotes y costes, no de una predicción de alpha."
MEV-07-022,310,0,0.1,0.02,1,0,0,0.12000000000000001,1,0.12000000000000001,0,1,1,274.94533538231883,5.7762265046662105,"MODELO_SIM_NO_CALIBRADO; la economía de cada candidato depende de quotes y costes, no de una predicción de alpha."
MEV-07-023,310,0,0.1,0.02,1,0,0,0.12000000000000001,1,0.12000000000000001,0,1,1,274.94533538231883,5.7762265046662105,"MODELO_SIM_NO_CALIBRADO; la economía de cada candidato depende de quotes y costes, no de una predicción de alpha."
MEV-07-024,310,0,0.1,0.02,1,0,0,0.12000000000000001,1,0.12000000000000001,0,1,1,274.94533538231883,5.7762265046662105,"MODELO_SIM_NO_CALIBRADO; la economía de cada candidato depende de quotes y costes, no de una predicción de alpha."
MEV-07-025,310,0,0.1,0.02,1,0,0,0.12000000000000001,1,0.12000000000000001,0,1,1,274.94533538231883,5.7762265046662105,"MODELO_SIM_NO_CALIBRADO; la economía de cada candidato depende de quotes y costes, no de una predicción de alpha."
MEV-07-026,310,0,0.1,0.02,1,0,0,0.12000000000000001,1,0.12000000000000001,0,1,1,274.94533538231883,5.7762265046662105,"MODELO_SIM_NO_CALIBRADO; la economía de cada candidato depende de quotes y costes, no de una predicción de alpha."
MEV-07-027,310,0,0.1,0.02,1,0,0,0.12000000000000001,1,0.12000000000000001,0,1,1,274.94533538231883,5.7762265046662105,"MODELO_SIM_NO_CALIBRADO; la economía de cada candidato depende de quotes y costes, no de una predicción de alpha."
MEV-07-028,310,0,0.1,0.02,1,0,0,0.12000000000000001,1,0.12000000000000001,0,1,1,274.94533538231883,5.7762265046662105,"MODELO_SIM_NO_CALIBRADO; la economía de cada candidato depende de quotes y costes, no de una predicción de alpha."
MEV-07-029,310,0,0.1,0.02,1,0,0,0.12000000000000001,1,0.12000000000000001,0,1,1,274.94533538231883,5.7762265046662105,"MODELO_SIM_NO_CALIBRADO; la economía de cada candidato depende de quotes y costes, no de una predicción de alpha."
MEV-07-030,310,0,0.1,0.02,1,0,0,0.12000000000000001,1,0.12000000000000001,0,1,1,274.94533538231883,5.7762265046662105,"MODELO_SIM_NO_CALIBRADO; la economía de cada candidato depende de quotes y costes, no de una predicción de alpha."
MEV-08-001,310,0,0.1,0.02,1,0,0,0.12000000000000001,1,0.12000000000000001,0,1,1,274.94533538231883,5.7762265046662105,"MODELO_SIM_NO_CALIBRADO; la economía de cada candidato depende de quotes y costes, no de una predicción de alpha."
MEV-08-002,310,0,0.1,0.02,1,0,0,0.12000000000000001,1,0.12000000000000001,0,1,1,274.94533538231883,5.7762265046662105,"MODELO_SIM_NO_CALIBRADO; la economía de cada candidato depende de quotes y costes, no de una predicción de alpha."
MEV-08-003,301,0,0.1,0.02,1,0,0,0.12000000000000001,1,0.12000000000000001,0,1,1,266.9630514518644,5.7762265046662105,"MODELO_SIM_NO_CALIBRADO; la economía de cada candidato depende de quotes y costes, no de una predicción de alpha."
MEV-08-004,310,0,0.1,0.02,1,0,0,0.12000000000000001,1,0.12000000000000001,0,1,1,274.94533538231883,5.7762265046662105,"MODELO_SIM_NO_CALIBRADO; la economía de cada candidato depende de quotes y costes, no de una predicción de alpha."
MEV-08-005,310,0,0.1,0.02,1,0,0,0.12000000000000001,1,0.12000000000000001,0,1,1,274.94533538231883,5.7762265046662105,"MODELO_SIM_NO_CALIBRADO; la economía de cada candidato depende de quotes y costes, no de una predicción de alpha."
MEV-08-006,301,0,0.1,0.02,1,0,0,0.12000000000000001,1,0.12000000000000001,0,1,1,266.9630514518644,5.7762265046662105,"MODELO_SIM_NO_CALIBRADO; la economía de cada candidato depende de quotes y costes, no de una predicción de alpha."
MEV-08-007,301,0,0.1,0.02,1,0,0,0.12000000000000001,1,0.12000000000000001,0,1,1,266.9630514518644,5.7762265046662105,"MODELO_SIM_NO_CALIBRADO; la economía de cada candidato depende de quotes y costes, no de una predicción de alpha."
MEV-08-008,301,0,0.1,0.02,1,0,0,0.12000000000000001,1,0.12000000000000001,0,1,1,266.9630514518644,5.7762265046662105,"MODELO_SIM_NO_CALIBRADO; la economía de cada candidato depende de quotes y costes, no de una predicción de alpha."
MEV-08-009,301,0,0.1,0.02,1,0,0,0.12000000000000001,1,0.12000000000000001,0,1,1,266.9630514518644,5.7762265046662105,"MODELO_SIM_NO_CALIBRADO; la economía de cada candidato depende de quotes y costes, no de una predicción de alpha."
MEV-08-010,310,0,0.1,0.02,1,0,0,0.12000000000000001,1,0.12000000000000001,0,1,1,274.94533538231883,5.7762265046662105,"MODELO_SIM_NO_CALIBRADO; la economía de cada candidato depende de quotes y costes, no de una predicción de alpha."
MEV-08-011,301,0,0.1,0.02,1,0,0,0.12000000000000001,1,0.12000000000000001,0,1,1,266.9630514518644,5.7762265046662105,"MODELO_SIM_NO_CALIBRADO; la economía de cada candidato depende de quotes y costes, no de una predicción de alpha."
MEV-08-012,301,0,0.1,0.02,1,0,0,0.12000000000000001,1,0.12000000000000001,0,1,1,266.9630514518644,5.7762265046662105,"MODELO_SIM_NO_CALIBRADO; la economía de cada candidato depende de quotes y costes, no de una predicción de alpha."
MEV-08-013,301,0,0.1,0.02,1,0,0,0.12000000000000001,1,0.12000000000000001,0,1,1,266.9630514518644,5.7762265046662105,"MODELO_SIM_NO_CALIBRADO; la economía de cada candidato depende de quotes y costes, no de una predicción de alpha."
MEV-08-014,301,0,0.1,0.02,1,0,0,0.12000000000000001,1,0.12000000000000001,0,1,1,266.9630514518644,5.7762265046662105,"MODELO_SIM_NO_CALIBRADO; la economía de cada candidato depende de quotes y costes, no de una predicción de alpha."
MEV-08-015,301,0,0.1,0.02,1,0,0,0.12000000000000001,1,0.12000000000000001,0,1,1,266.9630514518644,5.7762265046662105,"MODELO_SIM_NO_CALIBRADO; la economía de cada candidato depende de quotes y costes, no de una predicción de alpha."
MEV-08-016,310,0,0.1,0.02,1,0,0,0.12000000000000001,1,0.12000000000000001,0,1,1,274.94533538231883,5.7762265046662105,"MODELO_SIM_NO_CALIBRADO; la economía de cada candidato depende de quotes y costes, no de una predicción de alpha."
MEV-08-017,301,0,0.1,0.02,1,0,0,0.12000000000000001,1,0.12000000000000001,0,1,1,266.9630514518644,5.7762265046662105,"MODELO_SIM_NO_CALIBRADO; la economía de cada candidato depende de quotes y costes, no de una predicción de alpha."
MEV-08-018,301,0,0.1,0.02,1,0,0,0.12000000000000001,1,0.12000000000000001,0,1,1,266.9630514518644,5.7762265046662105,"MODELO_SIM_NO_CALIBRADO; la economía de cada candidato depende de quotes y costes, no de una predicción de alpha."
MEV-08-019,301,0,0.1,0.02,1,0,0,0.12000000000000001,1,0.12000000000000001,0,1,1,266.9630514518644,5.7762265046662105,"MODELO_SIM_NO_CALIBRADO; la economía de cada candidato depende de quotes y costes, no de una predicción de alpha."
MEV-08-020,301,0,0.1,0.02,1,0,0,0.12000000000000001,1,0.12000000000000001,0,1,1,266.9630514518644,5.7762265046662105,"MODELO_SIM_NO_CALIBRADO; la economía de cada candidato depende de quotes y costes, no de una predicción de alpha."
MEV-08-021,301,0,0.1,0.02,1,0,0,0.12000000000000001,1,0.12000000000000001,0,1,1,266.9630514518644,5.7762265046662105,"MODELO_SIM_NO_CALIBRADO; la economía de cada candidato depende de quotes y costes, no de una predicción de alpha."
MEV-08-022,301,0,0.1,0.02,1,0,0,0.12000000000000001,1,0.12000000000000001,0,1,1,266.9630514518644,5.7762265046662105,"MODELO_SIM_NO_CALIBRADO; la economía de cada candidato depende de quotes y costes, no de una predicción de alpha."
MEV-08-023,301,0,0.1,0.02,1,0,0,0.12000000000000001,1,0.12000000000000001,0,1,1,266.9630514518644,5.7762265046662105,"MODELO_SIM_NO_CALIBRADO; la economía de cada candidato depende de quotes y costes, no de una predicción de alpha."
MEV-08-024,301,0,0.1,0.02,1,0,0,0.12000000000000001,1,0.12000000000000001,0,1,1,266.9630514518644,5.7762265046662105,"MODELO_SIM_NO_CALIBRADO; la economía de cada candidato depende de quotes y costes, no de una predicción de alpha."
MEV-08-025,310,0,0.1,0.02,1,0,0,0.12000000000000001,1,0.12000000000000001,0,1,1,274.94533538231883,5.7762265046662105,"MODELO_SIM_NO_CALIBRADO; la economía de cada candidato depende de quotes y costes, no de una predicción de alpha."
MEV-09-001,301,0,0.1,0.02,1,0,0,0.12000000000000001,1,0.12000000000000001,0,1,1,266.9630514518644,5.7762265046662105,"MODELO_SIM_NO_CALIBRADO; la economía de cada candidato depende de quotes y costes, no de una predicción de alpha."
MEV-09-002,301,0,0.1,0.02,1,0,0,0.12000000000000001,1,0.12000000000000001,0,1,1,266.9630514518644,5.7762265046662105,"MODELO_SIM_NO_CALIBRADO; la economía de cada candidato depende de quotes y costes, no de una predicción de alpha."
MEV-09-003,301,0,0.1,0.02,1,0,0,0.12000000000000001,1,0.12000000000000001,0,1,1,266.9630514518644,5.7762265046662105,"MODELO_SIM_NO_CALIBRADO; la economía de cada candidato depende de quotes y costes, no de una predicción de alpha."
MEV-09-004,301,0,0.1,0.02,1,0,0,0.12000000000000001,1,0.12000000000000001,0,1,1,266.9630514518644,5.7762265046662105,"MODELO_SIM_NO_CALIBRADO; la economía de cada candidato depende de quotes y costes, no de una predicción de alpha."
MEV-09-005,301,0,0.1,0.02,1,0,0,0.12000000000000001,1,0.12000000000000001,0,1,1,266.9630514518644,5.7762265046662105,"MODELO_SIM_NO_CALIBRADO; la economía de cada candidato depende de quotes y costes, no de una predicción de alpha."
MEV-09-006,301,0,0.1,0.02,1,0,0,0.12000000000000001,1,0.12000000000000001,0,1,1,266.9630514518644,5.7762265046662105,"MODELO_SIM_NO_CALIBRADO; la economía de cada candidato depende de quotes y costes, no de una predicción de alpha."
MEV-09-007,301,0,0.1,0.02,1,0,0,0.12000000000000001,1,0.12000000000000001,0,1,1,266.9630514518644,5.7762265046662105,"MODELO_SIM_NO_CALIBRADO; la economía de cada candidato depende de quotes y costes, no de una predicción de alpha."
MEV-09-008,301,0,0.1,0.02,1,0,0,0.12000000000000001,1,0.12000000000000001,0,1,1,266.9630514518644,5.7762265046662105,"MODELO_SIM_NO_CALIBRADO; la economía de cada candidato depende de quotes y costes, no de una predicción de alpha."
MEV-09-009,301,0,0.1,0.02,1,0,0,0.12000000000000001,1,0.12000000000000001,0,1,1,266.9630514518644,5.7762265046662105,"MODELO_SIM_NO_CALIBRADO; la economía de cada candidato depende de quotes y costes, no de una predicción de alpha."
MEV-09-010,301,0,0.1,0.02,1,0,0,0.12000000000000001,1,0.12000000000000001,0,1,1,266.9630514518644,5.7762265046662105,"MODELO_SIM_NO_CALIBRADO; la economía de cada candidato depende de quotes y costes, no de una predicción de alpha."
MEV-09-011,301,0,0.1,0.02,1,0,0,0.12000000000000001,1,0.12000000000000001,0,1,1,266.9630514518644,5.7762265046662105,"MODELO_SIM_NO_CALIBRADO; la economía de cada candidato depende de quotes y costes, no de una predicción de alpha."
MEV-09-012,301,0,0.1,0.02,1,0,0,0.12000000000000001,1,0.12000000000000001,0,1,1,266.9630514518644,5.7762265046662105,"MODELO_SIM_NO_CALIBRADO; la economía de cada candidato depende de quotes y costes, no de una predicción de alpha."
MEV-09-013,301,0,0.1,0.02,1,0,0,0.12000000000000001,1,0.12000000000000001,0,1,1,266.9630514518644,5.7762265046662105,"MODELO_SIM_NO_CALIBRADO; la economía de cada candidato depende de quotes y costes, no de una predicción de alpha."
MEV-09-014,301,0,0.1,0.02,1,0,0,0.12000000000000001,1,0.12000000000000001,0,1,1,266.9630514518644,5.7762265046662105,"MODELO_SIM_NO_CALIBRADO; la economía de cada candidato depende de quotes y costes, no de una predicción de alpha."
MEV-09-015,301,0,0.1,0.02,1,0,0,0.12000000000000001,1,0.12000000000000001,0,1,1,266.9630514518644,5.7762265046662105,"MODELO_SIM_NO_CALIBRADO; la economía de cada candidato depende de quotes y costes, no de una predicción de alpha."
MEV-09-016,301,0,0.1,0.02,1,0,0,0.12000000000000001,1,0.12000000000000001,0,1,1,266.9630514518644,5.7762265046662105,"MODELO_SIM_NO_CALIBRADO; la economía de cada candidato depende de quotes y costes, no de una predicción de alpha."
MEV-09-017,301,0,0.1,0.02,1,0,0,0.12000000000000001,1,0.12000000000000001,0,1,1,266.9630514518644,5.7762265046662105,"MODELO_SIM_NO_CALIBRADO; la economía de cada candidato depende de quotes y costes, no de una predicción de alpha."
MEV-09-018,301,0,0.1,0.02,1,0,0,0.12000000000000001,1,0.12000000000000001,0,1,1,266.9630514518644,5.7762265046662105,"MODELO_SIM_NO_CALIBRADO; la economía de cada candidato depende de quotes y costes, no de una predicción de alpha."
MEV-09-019,301,0,0.1,0.02,1,0,0,0.12000000000000001,1,0.12000000000000001,0,1,1,266.9630514518644,5.7762265046662105,"MODELO_SIM_NO_CALIBRADO; la economía de cada candidato depende de quotes y costes, no de una predicción de alpha."
MEV-09-020,301,0,0.1,0.02,1,0,0,0.12000000000000001,1,0.12000000000000001,0,1,1,266.9630514518644,5.7762265046662105,"MODELO_SIM_NO_CALIBRADO; la economía de cada candidato depende de quotes y costes, no de una predicción de alpha."
MEV-10-001,310,0,0.1,0.02,1,0,0,0.12000000000000001,1,0.12000000000000001,0,1,1,274.94533538231883,5.7762265046662105,"MODELO_SIM_NO_CALIBRADO; la economía de cada candidato depende de quotes y costes, no de una predicción de alpha."
MEV-10-002,310,0,0.1,0.02,1,0,0,0.12000000000000001,1,0.12000000000000001,0,1,1,274.94533538231883,5.7762265046662105,"MODELO_SIM_NO_CALIBRADO; la economía de cada candidato depende de quotes y costes, no de una predicción de alpha."
MEV-10-003,310,0,0.1,0.02,1,0,0,0.12000000000000001,1,0.12000000000000001,0,1,1,274.94533538231883,5.7762265046662105,"MODELO_SIM_NO_CALIBRADO; la economía de cada candidato depende de quotes y costes, no de una predicción de alpha."
MEV-10-004,310,0,0.1,0.02,1,0,0,0.12000000000000001,1,0.12000000000000001,0,1,1,274.94533538231883,5.7762265046662105,"MODELO_SIM_NO_CALIBRADO; la economía de cada candidato depende de quotes y costes, no de una predicción de alpha."
MEV-10-005,310,0,0.1,0.02,1,0,0,0.12000000000000001,1,0.12000000000000001,0,1,1,274.94533538231883,5.7762265046662105,"MODELO_SIM_NO_CALIBRADO; la economía de cada candidato depende de quotes y costes, no de una predicción de alpha."
MEV-10-006,310,0,0.1,0.02,1,0,0,0.12000000000000001,1,0.12000000000000001,0,1,1,274.94533538231883,5.7762265046662105,"MODELO_SIM_NO_CALIBRADO; la economía de cada candidato depende de quotes y costes, no de una predicción de alpha."
MEV-10-007,310,0,0.1,0.02,1,0,0,0.12000000000000001,1,0.12000000000000001,0,1,1,274.94533538231883,5.7762265046662105,"MODELO_SIM_NO_CALIBRADO; la economía de cada candidato depende de quotes y costes, no de una predicción de alpha."
MEV-10-008,310,0,0.1,0.02,1,0,0,0.12000000000000001,1,0.12000000000000001,0,1,1,274.94533538231883,5.7762265046662105,"MODELO_SIM_NO_CALIBRADO; la economía de cada candidato depende de quotes y costes, no de una predicción de alpha."
MEV-10-009,310,0,0.1,0.02,1,0,0,0.12000000000000001,1,0.12000000000000001,0,1,1,274.94533538231883,5.7762265046662105,"MODELO_SIM_NO_CALIBRADO; la economía de cada candidato depende de quotes y costes, no de una predicción de alpha."
MEV-10-010,310,0,0.1,0.02,1,0,0,0.12000000000000001,1,0.12000000000000001,0,1,1,274.94533538231883,5.7762265046662105,"MODELO_SIM_NO_CALIBRADO; la economía de cada candidato depende de quotes y costes, no de una predicción de alpha."
MEV-10-011,310,0,0.1,0.02,1,0,0,0.12000000000000001,1,0.12000000000000001,0,1,1,274.94533538231883,5.7762265046662105,"MODELO_SIM_NO_CALIBRADO; la economía de cada candidato depende de quotes y costes, no de una predicción de alpha."
MEV-10-012,310,0,0.1,0.02,1,0,0,0.12000000000000001,1,0.12000000000000001,0,1,1,274.94533538231883,5.7762265046662105,"MODELO_SIM_NO_CALIBRADO; la economía de cada candidato depende de quotes y costes, no de una predicción de alpha."
MEV-10-013,310,0,0.1,0.02,1,0,0,0.12000000000000001,1,0.12000000000000001,0,1,1,274.94533538231883,5.7762265046662105,"MODELO_SIM_NO_CALIBRADO; la economía de cada candidato depende de quotes y costes, no de una predicción de alpha."
MEV-10-014,310,0,0.1,0.02,1,0,0,0.12000000000000001,1,0.12000000000000001,0,1,1,274.94533538231883,5.7762265046662105,"MODELO_SIM_NO_CALIBRADO; la economía de cada candidato depende de quotes y costes, no de una predicción de alpha."
MEV-10-015,310,0,0.1,0.02,1,0,0,0.12000000000000001,1,0.12000000000000001,0,1,1,274.94533538231883,5.7762265046662105,"MODELO_SIM_NO_CALIBRADO; la economía de cada candidato depende de quotes y costes, no de una predicción de alpha."
MEV-10-016,310,0,0.1,0.02,1,0,0,0.12000000000000001,1,0.12000000000000001,0,1,1,274.94533538231883,5.7762265046662105,"MODELO_SIM_NO_CALIBRADO; la economía de cada candidato depende de quotes y costes, no de una predicción de alpha."
MEV-10-017,310,0,0.1,0.02,1,0,0,0.12000000000000001,1,0.12000000000000001,0,1,1,274.94533538231883,5.7762265046662105,"MODELO_SIM_NO_CALIBRADO; la economía de cada candidato depende de quotes y costes, no de una predicción de alpha."
MEV-10-018,310,0,0.1,0.02,1,0,0,0.12000000000000001,1,0.12000000000000001,0,1,1,274.94533538231883,5.7762265046662105,"MODELO_SIM_NO_CALIBRADO; la economía de cada candidato depende de quotes y costes, no de una predicción de alpha."
MEV-11-001,310,0,0.1,0.02,1,0,0,0.12000000000000001,1,0.12000000000000001,0,1,1,274.94533538231883,5.7762265046662105,"MODELO_SIM_NO_CALIBRADO; la economía de cada candidato depende de quotes y costes, no de una predicción de alpha."
MEV-11-002,310,0,0.1,0.02,1,0,0,0.12000000000000001,1,0.12000000000000001,0,1,1,274.94533538231883,5.7762265046662105,"MODELO_SIM_NO_CALIBRADO; la economía de cada candidato depende de quotes y costes, no de una predicción de alpha."
MEV-11-003,310,0,0.1,0.02,1,0,0,0.12000000000000001,1,0.12000000000000001,0,1,1,274.94533538231883,5.7762265046662105,"MODELO_SIM_NO_CALIBRADO; la economía de cada candidato depende de quotes y costes, no de una predicción de alpha."
MEV-11-004,310,0,0.1,0.02,1,0,0,0.12000000000000001,1,0.12000000000000001,0,1,1,274.94533538231883,5.7762265046662105,"MODELO_SIM_NO_CALIBRADO; la economía de cada candidato depende de quotes y costes, no de una predicción de alpha."
MEV-11-005,310,0,0.1,0.02,1,0,0,0.12000000000000001,1,0.12000000000000001,0,1,1,274.94533538231883,5.7762265046662105,"MODELO_SIM_NO_CALIBRADO; la economía de cada candidato depende de quotes y costes, no de una predicción de alpha."
MEV-11-006,310,0,0.1,0.02,1,0,0,0.12000000000000001,1,0.12000000000000001,0,1,1,274.94533538231883,5.7762265046662105,"MODELO_SIM_NO_CALIBRADO; la economía de cada candidato depende de quotes y costes, no de una predicción de alpha."
MEV-11-007,310,0,0.1,0.02,1,0,0,0.12000000000000001,1,0.12000000000000001,0,1,1,274.94533538231883,5.7762265046662105,"MODELO_SIM_NO_CALIBRADO; la economía de cada candidato depende de quotes y costes, no de una predicción de alpha."
MEV-11-008,310,0,0.1,0.02,1,0,0,0.12000000000000001,1,0.12000000000000001,0,1,1,274.94533538231883,5.7762265046662105,"MODELO_SIM_NO_CALIBRADO; la economía de cada candidato depende de quotes y costes, no de una predicción de alpha."
MEV-11-009,310,0,0.1,0.02,1,0,0,0.12000000000000001,1,0.12000000000000001,0,1,1,274.94533538231883,5.7762265046662105,"MODELO_SIM_NO_CALIBRADO; la economía de cada candidato depende de quotes y costes, no de una predicción de alpha."
MEV-11-010,310,0,0.1,0.02,1,0,0,0.12000000000000001,1,0.12000000000000001,0,1,1,274.94533538231883,5.7762265046662105,"MODELO_SIM_NO_CALIBRADO; la economía de cada candidato depende de quotes y costes, no de una predicción de alpha."
MEV-11-011,310,0,0.1,0.02,1,0,0,0.12000000000000001,1,0.12000000000000001,0,1,1,274.94533538231883,5.7762265046662105,"MODELO_SIM_NO_CALIBRADO; la economía de cada candidato depende de quotes y costes, no de una predicción de alpha."
MEV-11-012,310,0,0.1,0.02,1,0,0,0.12000000000000001,1,0.12000000000000001,0,1,1,274.94533538231883,5.7762265046662105,"MODELO_SIM_NO_CALIBRADO; la economía de cada candidato depende de quotes y costes, no de una predicción de alpha."
