SOURCE AUDIT — INTEGRACIÓN DE LOS 8 ARCHIVOS SUMINISTRADOS,,,,,,,
Source_File,SHA256,Bytes,Sheets,Integration Role,Coverage in this workbook,Status,Notes
ArbitrageX_Dynamic_QuoteBase_Route_Manual_264(7).xlsx,88ea467da6f2b2bc8b8cac8b6117328ef33e2abe21985c1ede62a7560ec6c483,268929,17,"Quote/base dynamic, edge math, inefficiency, hops 2-7, strategy-hop mapping",Semantic content consolidated; canonical libraries retained where unique,INTEGRATED,ULTRA OOXML was readable even though one high-level importer rejected it
ArbitrageX_Dynamic_QuoteBase_Route_Manual_264 (1)(1).xlsx,2a66e7449ce9c7006429dec7214e0bf029023f6471a09915ce68109b6558c5fa,258262,17,Duplicate/cross-check of Dynamic QuoteBase architecture,Semantic content consolidated; canonical libraries retained where unique,INTEGRATED,ULTRA OOXML was readable even though one high-level importer rejected it
ArbitrageX_Route_Strategy_Optimizer_264_ULTRA(1).xlsx,362ba8762edea6025fb61ac83aff5d482d14564245533009eb50ad4b2b4adc6d,313971,21,"264 strategy catalog, operator control, strategy×operator matrix, templates/source audit",Semantic content consolidated; canonical libraries retained where unique,INTEGRATED,ULTRA OOXML was readable even though one high-level importer rejected it
Route_Discovery_Lab_AMM_DEX_2026(2).xlsx,adda77faea530a5212fe5a9182add104eb56432ece8c50a83ed2348ae69e6007,99643,11,"Pool graph, financing modes, discovery algorithms, routes, gates, sensitivity, references",Semantic content consolidated; canonical libraries retained where unique,INTEGRATED,ULTRA OOXML was readable even though one high-level importer rejected it
ArbitrageX_Master_264x31_LIVE_First(3).xlsx,54fcdca9098868845e9777d565745353c54b5985f97f673a05b95c8e54723aba,1451281,11,"Canonical 264 matrix, cartridge math map, 60 detector families, execution modes",Semantic content consolidated; canonical libraries retained where unique,INTEGRATED,ULTRA OOXML was readable even though one high-level importer rejected it
ArbitrageX_Master_264x31_B_then_A(2).xlsx,504ba65926bfb988d85219948e0a87c9812863bd5bad3ab5421dec14d12500e6,1261869,9,Cross-validation / subset comparison of master architecture,Semantic content consolidated; canonical libraries retained where unique,INTEGRATED,ULTRA OOXML was readable even though one high-level importer rejected it
ArbitrageX_264_Cartridge_Math_Architecture(2).xlsx,93e0807f5baa9dc0628d0be72c149e517f68e365c269b99d225a9a40f9ea47c4,113198,6,"Cartridge architecture, detector/operator math mapping",Semantic content consolidated; canonical libraries retained where unique,INTEGRATED,ULTRA OOXML was readable even though one high-level importer rejected it
ArbitrageX_MEV_Universe_Estrategias(1).xlsx,408beb589c8b5f409bbf5c8dae4817ff7d19a121256c4d46b4a7a4131c973823,47857,1,Universe of 264 MEV strategy identities,Semantic content consolidated; canonical libraries retained where unique,INTEGRATED,ULTRA OOXML was readable even though one high-level importer rejected it
Source field map from ULTRA,,,,,,,
SOURCE FIELD MAP — every canonical column accounted for,,,,,,,
Source_Sheet,Records,Columns,Fields,Integrated_Into,Treatment,,
01_MEV_MATRIX_1_11,264,27,MEV_ID | Grupo | Familia | Estrategia | Descripción operativa | Clasificación determinista | Certeza/settlement | Atómico posible | Tipo de atomicidad | No atómico posible | Tipo no atómico | Legs mínimos | Legs máximos | Modelo de legs | Trigger/order position | Inventario requerido | Dependencia oracle | Dependencia bridge | Dependencia CEX/externa | Riesgos dominantes | Toxicidad | Módulo backend | Toggle frontend | Modo inicial | Gate LIVE | Implementado | Notas de implementación,11_STRATEGY_CATALOG / 14_STRATEGY_TEMPLATES,Merged by MEV_ID; execution/risk/atomicity retained,,
00_CARTRIDGE_ARCH,38,8,ArbitrageX — Arquitectura objetivo para 264 cartuchos de estrategia | None | None | None | None | None | None | None,18_CANONICAL_LIBRARY,Canonical library retained,,
02_CARTRIDGE_MATH_MAP,264,28,MEV_ID | Grupo | Estrategia | Familia Excel | Módulo backend | Toggle frontend | Legs mínimos | Legs máximos | Modelo de legs | Clasificación determinista | Atómico posible | Dependencia oracle | Dependencia bridge | Dependencia CEX/externa | Detector ID | Detector matemático | Clase de ejecución | Ecuación / criterio de descubrimiento | Operadores primarios (math-engine) | Operadores secundarios | Datos / bindings requeridos | Configuración frontend propuesta | Nota específica de estrategia | Gate LIVE original | Fuente matemática 1 | Fuente matemática 2 | Fuente matemática 3 | Estado de diseño,11_STRATEGY_CATALOG / 14_STRATEGY_TEMPLATES,All 264 detector/equation/operator/binding fields normalized,,
03_DETECTOR_FAMILIES,60,12,Detector ID | Nombre | Clase ejecución | Ecuación / criterio | Operadores primarios | Operadores secundarios | Datos requeridos | Frontend config | Fuente 1 | Fuente 2 | Fuente 3 | Nº estrategias,18_CANONICAL_LIBRARY,All 60 detector families retained,,
04_FRONTEND_CONTRACT,30,6,Nivel | Campo | Tipo | Origen | Editable | Regla / propósito,18_CANONICAL_LIBRARY / 01_CONFIG,Frontend controls retained,,
05_OPERATOR_CATALOG,31,4,ID | Código | Operador real math-engine | Rol propuesto en cartuchos,12_OPERATOR_CONTROL / 13_STRAT_OP_MATRIX,31 operators normalized,,
06_B_STATIC_DIAG,21,8,Track B — Diagnóstico estático del hot path (main actual) | None | None | None | None | None | None | None,18_CANONICAL_LIBRARY,Diagnostics retained,,
07_MASTER_264x31,8184,36,MEV_ID | Grupo | Estrategia | Detector_ID | Operator_ID | Operador | Audited_Role | Audited_Phase | Audited_Semantic_Role | Requirement | Resolved_Weight | Weight_State | JSON_Role | JSON_Weight | JSON_Applicable | JSON_Status | RHAI_Applicable | RHAI_Status | Canonical_Applicable | Canonical_Status | Current_Excel_Role | Current_Excel_Status | Conflict_Type | Resolution | Rationale | Calibration_State | Frontend_Exposable | Source_URL_JSON | Source_URL_RHAI_Registry | Source_URL_Canonical | Source_URL_Audited_Matrix | Canonical_Mode_Baseline | LIVE_MAINNET_Role | TESTNET_Role | PAPER_SHADOW_Role | Mode_Invariant,13_STRAT_OP_MATRIX / 11_STRATEGY_CATALOG / 17_SOURCE_AUDIT,"8,184 links fully consumed; role/phase/requirement/mode semantics drive the integrated model",,
08_CONFLICTS,6,10,Conflict_ID | MEV_ID | Operator | Fuente A | Valor A | Fuente B | Valor B | Resolución propuesta | Razonamiento | Status,18_CANONICAL_LIBRARY,Conflict audit retained,,
09_EXECUTION_MODES,19,10,ArbitrageX — Modelo canónico de ejecución: LIVE MAINNET como referencia | None | None | None | None | None | None | None | None | None,18_CANONICAL_LIBRARY / 01_CONFIG,Canonical modes retained,,
10_MODE_MIGRATION,11,8,Execution-mode migration plan — single LIVE-first hot path | None | None | None | None | None | None | None,18_CANONICAL_LIBRARY,Migration rules retained,,
