RECONCILIACIÓN | ganancias y pérdidas acreditadas,,,,,,,,,,,,,,,,,,
Se inicia sin operaciones acreditadas: celdas monetarias ausentes no son ceros ni ganancias. Referencias deben corresponder a receipt/fills verificados externamente.,,,,,,,,,,,,,,,,,,
MEV_ID,Settlement_evidence_ID,Finalidad_verificada,Token_numeraire,Precio_USD,Saldo_antes_token,Saldo_despues_token,Aporte_neto_externo_token,Ledger_costes_ID,Costes_fuera_delta_USD,Coste_intento_no_incluido_USD,Delta_token_neutralizado,Delta_USD,Neto_reconciliado_USD,Equivalente_token,Estimacion_mismo_evento_USD,Desviacion_USD,Estado_de_registro,Nota
MEV-01-001,,SIN_EVIDENCIA,,,,,,,,,,,,,,,ADJUNTAR_SETTLEMENT_Y_LEDGER,Plantilla single-numeraire liquidado. Multi-activo: agregar ledger por activo; neutralizar aportes y evitar duplicar gas. No hay ejecuciones acreditadas.
MEV-01-002,,SIN_EVIDENCIA,,,,,,,,,,,,,,,ADJUNTAR_SETTLEMENT_Y_LEDGER,Plantilla single-numeraire liquidado. Multi-activo: agregar ledger por activo; neutralizar aportes y evitar duplicar gas. No hay ejecuciones acreditadas.
MEV-01-003,,SIN_EVIDENCIA,,,,,,,,,,,,,,,ADJUNTAR_SETTLEMENT_Y_LEDGER,Plantilla single-numeraire liquidado. Multi-activo: agregar ledger por activo; neutralizar aportes y evitar duplicar gas. No hay ejecuciones acreditadas.
MEV-01-004,,SIN_EVIDENCIA,,,,,,,,,,,,,,,ADJUNTAR_SETTLEMENT_Y_LEDGER,Plantilla single-numeraire liquidado. Multi-activo: agregar ledger por activo; neutralizar aportes y evitar duplicar gas. No hay ejecuciones acreditadas.
MEV-01-005,,SIN_EVIDENCIA,,,,,,,,,,,,,,,ADJUNTAR_SETTLEMENT_Y_LEDGER,Plantilla single-numeraire liquidado. Multi-activo: agregar ledger por activo; neutralizar aportes y evitar duplicar gas. No hay ejecuciones acreditadas.
MEV-01-006,,SIN_EVIDENCIA,,,,,,,,,,,,,,,ADJUNTAR_SETTLEMENT_Y_LEDGER,Plantilla single-numeraire liquidado. Multi-activo: agregar ledger por activo; neutralizar aportes y evitar duplicar gas. No hay ejecuciones acreditadas.
MEV-01-007,,SIN_EVIDENCIA,,,,,,,,,,,,,,,ADJUNTAR_SETTLEMENT_Y_LEDGER,Plantilla single-numeraire liquidado. Multi-activo: agregar ledger por activo; neutralizar aportes y evitar duplicar gas. No hay ejecuciones acreditadas.
MEV-01-008,,SIN_EVIDENCIA,,,,,,,,,,,,,,,ADJUNTAR_SETTLEMENT_Y_LEDGER,Plantilla single-numeraire liquidado. Multi-activo: agregar ledger por activo; neutralizar aportes y evitar duplicar gas. No hay ejecuciones acreditadas.
MEV-01-009,,SIN_EVIDENCIA,,,,,,,,,,,,,,,ADJUNTAR_SETTLEMENT_Y_LEDGER,Plantilla single-numeraire liquidado. Multi-activo: agregar ledger por activo; neutralizar aportes y evitar duplicar gas. No hay ejecuciones acreditadas.
MEV-01-010,,SIN_EVIDENCIA,,,,,,,,,,,,,,,ADJUNTAR_SETTLEMENT_Y_LEDGER,Plantilla single-numeraire liquidado. Multi-activo: agregar ledger por activo; neutralizar aportes y evitar duplicar gas. No hay ejecuciones acreditadas.
MEV-01-011,,SIN_EVIDENCIA,,,,,,,,,,,,,,,ADJUNTAR_SETTLEMENT_Y_LEDGER,Plantilla single-numeraire liquidado. Multi-activo: agregar ledger por activo; neutralizar aportes y evitar duplicar gas. No hay ejecuciones acreditadas.
MEV-01-012,,SIN_EVIDENCIA,,,,,,,,,,,,,,,ADJUNTAR_SETTLEMENT_Y_LEDGER,Plantilla single-numeraire liquidado. Multi-activo: agregar ledger por activo; neutralizar aportes y evitar duplicar gas. No hay ejecuciones acreditadas.
MEV-01-013,,SIN_EVIDENCIA,,,,,,,,,,,,,,,ADJUNTAR_SETTLEMENT_Y_LEDGER,Plantilla single-numeraire liquidado. Multi-activo: agregar ledger por activo; neutralizar aportes y evitar duplicar gas. No hay ejecuciones acreditadas.
MEV-01-014,,SIN_EVIDENCIA,,,,,,,,,,,,,,,ADJUNTAR_SETTLEMENT_Y_LEDGER,Plantilla single-numeraire liquidado. Multi-activo: agregar ledger por activo; neutralizar aportes y evitar duplicar gas. No hay ejecuciones acreditadas.
MEV-01-015,,SIN_EVIDENCIA,,,,,,,,,,,,,,,ADJUNTAR_SETTLEMENT_Y_LEDGER,Plantilla single-numeraire liquidado. Multi-activo: agregar ledger por activo; neutralizar aportes y evitar duplicar gas. No hay ejecuciones acreditadas.
MEV-01-016,,SIN_EVIDENCIA,,,,,,,,,,,,,,,ADJUNTAR_SETTLEMENT_Y_LEDGER,Plantilla single-numeraire liquidado. Multi-activo: agregar ledger por activo; neutralizar aportes y evitar duplicar gas. No hay ejecuciones acreditadas.
MEV-01-017,,SIN_EVIDENCIA,,,,,,,,,,,,,,,ADJUNTAR_SETTLEMENT_Y_LEDGER,Plantilla single-numeraire liquidado. Multi-activo: agregar ledger por activo; neutralizar aportes y evitar duplicar gas. No hay ejecuciones acreditadas.
MEV-01-018,,SIN_EVIDENCIA,,,,,,,,,,,,,,,ADJUNTAR_SETTLEMENT_Y_LEDGER,Plantilla single-numeraire liquidado. Multi-activo: agregar ledger por activo; neutralizar aportes y evitar duplicar gas. No hay ejecuciones acreditadas.
MEV-01-019,,SIN_EVIDENCIA,,,,,,,,,,,,,,,ADJUNTAR_SETTLEMENT_Y_LEDGER,Plantilla single-numeraire liquidado. Multi-activo: agregar ledger por activo; neutralizar aportes y evitar duplicar gas. No hay ejecuciones acreditadas.
MEV-01-020,,SIN_EVIDENCIA,,,,,,,,,,,,,,,ADJUNTAR_SETTLEMENT_Y_LEDGER,Plantilla single-numeraire liquidado. Multi-activo: agregar ledger por activo; neutralizar aportes y evitar duplicar gas. No hay ejecuciones acreditadas.
MEV-01-021,,SIN_EVIDENCIA,,,,,,,,,,,,,,,ADJUNTAR_SETTLEMENT_Y_LEDGER,Plantilla single-numeraire liquidado. Multi-activo: agregar ledger por activo; neutralizar aportes y evitar duplicar gas. No hay ejecuciones acreditadas.
MEV-01-022,,SIN_EVIDENCIA,,,,,,,,,,,,,,,ADJUNTAR_SETTLEMENT_Y_LEDGER,Plantilla single-numeraire liquidado. Multi-activo: agregar ledger por activo; neutralizar aportes y evitar duplicar gas. No hay ejecuciones acreditadas.
MEV-01-023,,SIN_EVIDENCIA,,,,,,,,,,,,,,,ADJUNTAR_SETTLEMENT_Y_LEDGER,Plantilla single-numeraire liquidado. Multi-activo: agregar ledger por activo; neutralizar aportes y evitar duplicar gas. No hay ejecuciones acreditadas.
MEV-01-024,,SIN_EVIDENCIA,,,,,,,,,,,,,,,ADJUNTAR_SETTLEMENT_Y_LEDGER,Plantilla single-numeraire liquidado. Multi-activo: agregar ledger por activo; neutralizar aportes y evitar duplicar gas. No hay ejecuciones acreditadas.
MEV-01-025,,SIN_EVIDENCIA,,,,,,,,,,,,,,,ADJUNTAR_SETTLEMENT_Y_LEDGER,Plantilla single-numeraire liquidado. Multi-activo: agregar ledger por activo; neutralizar aportes y evitar duplicar gas. No hay ejecuciones acreditadas.
MEV-01-026,,SIN_EVIDENCIA,,,,,,,,,,,,,,,ADJUNTAR_SETTLEMENT_Y_LEDGER,Plantilla single-numeraire liquidado. Multi-activo: agregar ledger por activo; neutralizar aportes y evitar duplicar gas. No hay ejecuciones acreditadas.
MEV-01-027,,SIN_EVIDENCIA,,,,,,,,,,,,,,,ADJUNTAR_SETTLEMENT_Y_LEDGER,Plantilla single-numeraire liquidado. Multi-activo: agregar ledger por activo; neutralizar aportes y evitar duplicar gas. No hay ejecuciones acreditadas.
MEV-01-028,,SIN_EVIDENCIA,,,,,,,,,,,,,,,ADJUNTAR_SETTLEMENT_Y_LEDGER,Plantilla single-numeraire liquidado. Multi-activo: agregar ledger por activo; neutralizar aportes y evitar duplicar gas. No hay ejecuciones acreditadas.
MEV-01-029,,SIN_EVIDENCIA,,,,,,,,,,,,,,,ADJUNTAR_SETTLEMENT_Y_LEDGER,Plantilla single-numeraire liquidado. Multi-activo: agregar ledger por activo; neutralizar aportes y evitar duplicar gas. No hay ejecuciones acreditadas.
MEV-01-030,,SIN_EVIDENCIA,,,,,,,,,,,,,,,ADJUNTAR_SETTLEMENT_Y_LEDGER,Plantilla single-numeraire liquidado. Multi-activo: agregar ledger por activo; neutralizar aportes y evitar duplicar gas. No hay ejecuciones acreditadas.
MEV-01-031,,SIN_EVIDENCIA,,,,,,,,,,,,,,,ADJUNTAR_SETTLEMENT_Y_LEDGER,Plantilla single-numeraire liquidado. Multi-activo: agregar ledger por activo; neutralizar aportes y evitar duplicar gas. No hay ejecuciones acreditadas.
MEV-01-032,,SIN_EVIDENCIA,,,,,,,,,,,,,,,ADJUNTAR_SETTLEMENT_Y_LEDGER,Plantilla single-numeraire liquidado. Multi-activo: agregar ledger por activo; neutralizar aportes y evitar duplicar gas. No hay ejecuciones acreditadas.
MEV-01-033,,SIN_EVIDENCIA,,,,,,,,,,,,,,,ADJUNTAR_SETTLEMENT_Y_LEDGER,Plantilla single-numeraire liquidado. Multi-activo: agregar ledger por activo; neutralizar aportes y evitar duplicar gas. No hay ejecuciones acreditadas.
MEV-01-034,,SIN_EVIDENCIA,,,,,,,,,,,,,,,ADJUNTAR_SETTLEMENT_Y_LEDGER,Plantilla single-numeraire liquidado. Multi-activo: agregar ledger por activo; neutralizar aportes y evitar duplicar gas. No hay ejecuciones acreditadas.
MEV-01-035,,SIN_EVIDENCIA,,,,,,,,,,,,,,,ADJUNTAR_SETTLEMENT_Y_LEDGER,Plantilla single-numeraire liquidado. Multi-activo: agregar ledger por activo; neutralizar aportes y evitar duplicar gas. No hay ejecuciones acreditadas.
MEV-01-036,,SIN_EVIDENCIA,,,,,,,,,,,,,,,ADJUNTAR_SETTLEMENT_Y_LEDGER,Plantilla single-numeraire liquidado. Multi-activo: agregar ledger por activo; neutralizar aportes y evitar duplicar gas. No hay ejecuciones acreditadas.
MEV-02-001,,SIN_EVIDENCIA,,,,,,,,,,,,,,,ADJUNTAR_SETTLEMENT_Y_LEDGER,Plantilla single-numeraire liquidado. Multi-activo: agregar ledger por activo; neutralizar aportes y evitar duplicar gas. No hay ejecuciones acreditadas.
MEV-02-002,,SIN_EVIDENCIA,,,,,,,,,,,,,,,ADJUNTAR_SETTLEMENT_Y_LEDGER,Plantilla single-numeraire liquidado. Multi-activo: agregar ledger por activo; neutralizar aportes y evitar duplicar gas. No hay ejecuciones acreditadas.
MEV-02-003,,SIN_EVIDENCIA,,,,,,,,,,,,,,,ADJUNTAR_SETTLEMENT_Y_LEDGER,Plantilla single-numeraire liquidado. Multi-activo: agregar ledger por activo; neutralizar aportes y evitar duplicar gas. No hay ejecuciones acreditadas.
MEV-02-004,,SIN_EVIDENCIA,,,,,,,,,,,,,,,ADJUNTAR_SETTLEMENT_Y_LEDGER,Plantilla single-numeraire liquidado. Multi-activo: agregar ledger por activo; neutralizar aportes y evitar duplicar gas. No hay ejecuciones acreditadas.
MEV-02-005,,SIN_EVIDENCIA,,,,,,,,,,,,,,,ADJUNTAR_SETTLEMENT_Y_LEDGER,Plantilla single-numeraire liquidado. Multi-activo: agregar ledger por activo; neutralizar aportes y evitar duplicar gas. No hay ejecuciones acreditadas.
MEV-02-006,,SIN_EVIDENCIA,,,,,,,,,,,,,,,ADJUNTAR_SETTLEMENT_Y_LEDGER,Plantilla single-numeraire liquidado. Multi-activo: agregar ledger por activo; neutralizar aportes y evitar duplicar gas. No hay ejecuciones acreditadas.
MEV-02-007,,SIN_EVIDENCIA,,,,,,,,,,,,,,,ADJUNTAR_SETTLEMENT_Y_LEDGER,Plantilla single-numeraire liquidado. Multi-activo: agregar ledger por activo; neutralizar aportes y evitar duplicar gas. No hay ejecuciones acreditadas.
MEV-02-008,,SIN_EVIDENCIA,,,,,,,,,,,,,,,ADJUNTAR_SETTLEMENT_Y_LEDGER,Plantilla single-numeraire liquidado. Multi-activo: agregar ledger por activo; neutralizar aportes y evitar duplicar gas. No hay ejecuciones acreditadas.
MEV-02-009,,SIN_EVIDENCIA,,,,,,,,,,,,,,,ADJUNTAR_SETTLEMENT_Y_LEDGER,Plantilla single-numeraire liquidado. Multi-activo: agregar ledger por activo; neutralizar aportes y evitar duplicar gas. No hay ejecuciones acreditadas.
MEV-02-010,,SIN_EVIDENCIA,,,,,,,,,,,,,,,ADJUNTAR_SETTLEMENT_Y_LEDGER,Plantilla single-numeraire liquidado. Multi-activo: agregar ledger por activo; neutralizar aportes y evitar duplicar gas. No hay ejecuciones acreditadas.
MEV-02-011,,SIN_EVIDENCIA,,,,,,,,,,,,,,,ADJUNTAR_SETTLEMENT_Y_LEDGER,Plantilla single-numeraire liquidado. Multi-activo: agregar ledger por activo; neutralizar aportes y evitar duplicar gas. No hay ejecuciones acreditadas.
MEV-02-012,,SIN_EVIDENCIA,,,,,,,,,,,,,,,ADJUNTAR_SETTLEMENT_Y_LEDGER,Plantilla single-numeraire liquidado. Multi-activo: agregar ledger por activo; neutralizar aportes y evitar duplicar gas. No hay ejecuciones acreditadas.
MEV-02-013,,SIN_EVIDENCIA,,,,,,,,,,,,,,,ADJUNTAR_SETTLEMENT_Y_LEDGER,Plantilla single-numeraire liquidado. Multi-activo: agregar ledger por activo; neutralizar aportes y evitar duplicar gas. No hay ejecuciones acreditadas.
MEV-02-014,,SIN_EVIDENCIA,,,,,,,,,,,,,,,ADJUNTAR_SETTLEMENT_Y_LEDGER,Plantilla single-numeraire liquidado. Multi-activo: agregar ledger por activo; neutralizar aportes y evitar duplicar gas. No hay ejecuciones acreditadas.
MEV-02-015,,SIN_EVIDENCIA,,,,,,,,,,,,,,,ADJUNTAR_SETTLEMENT_Y_LEDGER,Plantilla single-numeraire liquidado. Multi-activo: agregar ledger por activo; neutralizar aportes y evitar duplicar gas. No hay ejecuciones acreditadas.
MEV-02-016,,SIN_EVIDENCIA,,,,,,,,,,,,,,,ADJUNTAR_SETTLEMENT_Y_LEDGER,Plantilla single-numeraire liquidado. Multi-activo: agregar ledger por activo; neutralizar aportes y evitar duplicar gas. No hay ejecuciones acreditadas.
MEV-02-017,,SIN_EVIDENCIA,,,,,,,,,,,,,,,ADJUNTAR_SETTLEMENT_Y_LEDGER,Plantilla single-numeraire liquidado. Multi-activo: agregar ledger por activo; neutralizar aportes y evitar duplicar gas. No hay ejecuciones acreditadas.
MEV-03-001,,SIN_EVIDENCIA,,,,,,,,,,,,,,,ADJUNTAR_SETTLEMENT_Y_LEDGER,Plantilla single-numeraire liquidado. Multi-activo: agregar ledger por activo; neutralizar aportes y evitar duplicar gas. No hay ejecuciones acreditadas.
MEV-03-002,,SIN_EVIDENCIA,,,,,,,,,,,,,,,ADJUNTAR_SETTLEMENT_Y_LEDGER,Plantilla single-numeraire liquidado. Multi-activo: agregar ledger por activo; neutralizar aportes y evitar duplicar gas. No hay ejecuciones acreditadas.
MEV-03-003,,SIN_EVIDENCIA,,,,,,,,,,,,,,,ADJUNTAR_SETTLEMENT_Y_LEDGER,Plantilla single-numeraire liquidado. Multi-activo: agregar ledger por activo; neutralizar aportes y evitar duplicar gas. No hay ejecuciones acreditadas.
MEV-03-004,,SIN_EVIDENCIA,,,,,,,,,,,,,,,ADJUNTAR_SETTLEMENT_Y_LEDGER,Plantilla single-numeraire liquidado. Multi-activo: agregar ledger por activo; neutralizar aportes y evitar duplicar gas. No hay ejecuciones acreditadas.
MEV-03-005,,SIN_EVIDENCIA,,,,,,,,,,,,,,,ADJUNTAR_SETTLEMENT_Y_LEDGER,Plantilla single-numeraire liquidado. Multi-activo: agregar ledger por activo; neutralizar aportes y evitar duplicar gas. No hay ejecuciones acreditadas.
MEV-03-006,,SIN_EVIDENCIA,,,,,,,,,,,,,,,ADJUNTAR_SETTLEMENT_Y_LEDGER,Plantilla single-numeraire liquidado. Multi-activo: agregar ledger por activo; neutralizar aportes y evitar duplicar gas. No hay ejecuciones acreditadas.
MEV-03-007,,SIN_EVIDENCIA,,,,,,,,,,,,,,,ADJUNTAR_SETTLEMENT_Y_LEDGER,Plantilla single-numeraire liquidado. Multi-activo: agregar ledger por activo; neutralizar aportes y evitar duplicar gas. No hay ejecuciones acreditadas.
MEV-03-008,,SIN_EVIDENCIA,,,,,,,,,,,,,,,ADJUNTAR_SETTLEMENT_Y_LEDGER,Plantilla single-numeraire liquidado. Multi-activo: agregar ledger por activo; neutralizar aportes y evitar duplicar gas. No hay ejecuciones acreditadas.
MEV-03-009,,SIN_EVIDENCIA,,,,,,,,,,,,,,,ADJUNTAR_SETTLEMENT_Y_LEDGER,Plantilla single-numeraire liquidado. Multi-activo: agregar ledger por activo; neutralizar aportes y evitar duplicar gas. No hay ejecuciones acreditadas.
MEV-03-010,,SIN_EVIDENCIA,,,,,,,,,,,,,,,ADJUNTAR_SETTLEMENT_Y_LEDGER,Plantilla single-numeraire liquidado. Multi-activo: agregar ledger por activo; neutralizar aportes y evitar duplicar gas. No hay ejecuciones acreditadas.
MEV-03-011,,SIN_EVIDENCIA,,,,,,,,,,,,,,,ADJUNTAR_SETTLEMENT_Y_LEDGER,Plantilla single-numeraire liquidado. Multi-activo: agregar ledger por activo; neutralizar aportes y evitar duplicar gas. No hay ejecuciones acreditadas.
MEV-03-012,,SIN_EVIDENCIA,,,,,,,,,,,,,,,ADJUNTAR_SETTLEMENT_Y_LEDGER,Plantilla single-numeraire liquidado. Multi-activo: agregar ledger por activo; neutralizar aportes y evitar duplicar gas. No hay ejecuciones acreditadas.
MEV-03-013,,SIN_EVIDENCIA,,,,,,,,,,,,,,,ADJUNTAR_SETTLEMENT_Y_LEDGER,Plantilla single-numeraire liquidado. Multi-activo: agregar ledger por activo; neutralizar aportes y evitar duplicar gas. No hay ejecuciones acreditadas.
MEV-03-014,,SIN_EVIDENCIA,,,,,,,,,,,,,,,ADJUNTAR_SETTLEMENT_Y_LEDGER,Plantilla single-numeraire liquidado. Multi-activo: agregar ledger por activo; neutralizar aportes y evitar duplicar gas. No hay ejecuciones acreditadas.
MEV-03-015,,SIN_EVIDENCIA,,,,,,,,,,,,,,,ADJUNTAR_SETTLEMENT_Y_LEDGER,Plantilla single-numeraire liquidado. Multi-activo: agregar ledger por activo; neutralizar aportes y evitar duplicar gas. No hay ejecuciones acreditadas.
MEV-03-016,,SIN_EVIDENCIA,,,,,,,,,,,,,,,ADJUNTAR_SETTLEMENT_Y_LEDGER,Plantilla single-numeraire liquidado. Multi-activo: agregar ledger por activo; neutralizar aportes y evitar duplicar gas. No hay ejecuciones acreditadas.
MEV-03-017,,SIN_EVIDENCIA,,,,,,,,,,,,,,,ADJUNTAR_SETTLEMENT_Y_LEDGER,Plantilla single-numeraire liquidado. Multi-activo: agregar ledger por activo; neutralizar aportes y evitar duplicar gas. No hay ejecuciones acreditadas.
MEV-03-018,,SIN_EVIDENCIA,,,,,,,,,,,,,,,ADJUNTAR_SETTLEMENT_Y_LEDGER,Plantilla single-numeraire liquidado. Multi-activo: agregar ledger por activo; neutralizar aportes y evitar duplicar gas. No hay ejecuciones acreditadas.
MEV-03-019,,SIN_EVIDENCIA,,,,,,,,,,,,,,,ADJUNTAR_SETTLEMENT_Y_LEDGER,Plantilla single-numeraire liquidado. Multi-activo: agregar ledger por activo; neutralizar aportes y evitar duplicar gas. No hay ejecuciones acreditadas.
MEV-03-020,,SIN_EVIDENCIA,,,,,,,,,,,,,,,ADJUNTAR_SETTLEMENT_Y_LEDGER,Plantilla single-numeraire liquidado. Multi-activo: agregar ledger por activo; neutralizar aportes y evitar duplicar gas. No hay ejecuciones acreditadas.
MEV-03-021,,SIN_EVIDENCIA,,,,,,,,,,,,,,,ADJUNTAR_SETTLEMENT_Y_LEDGER,Plantilla single-numeraire liquidado. Multi-activo: agregar ledger por activo; neutralizar aportes y evitar duplicar gas. No hay ejecuciones acreditadas.
MEV-03-022,,SIN_EVIDENCIA,,,,,,,,,,,,,,,ADJUNTAR_SETTLEMENT_Y_LEDGER,Plantilla single-numeraire liquidado. Multi-activo: agregar ledger por activo; neutralizar aportes y evitar duplicar gas. No hay ejecuciones acreditadas.
MEV-03-023,,SIN_EVIDENCIA,,,,,,,,,,,,,,,ADJUNTAR_SETTLEMENT_Y_LEDGER,Plantilla single-numeraire liquidado. Multi-activo: agregar ledger por activo; neutralizar aportes y evitar duplicar gas. No hay ejecuciones acreditadas.
MEV-03-024,,SIN_EVIDENCIA,,,,,,,,,,,,,,,ADJUNTAR_SETTLEMENT_Y_LEDGER,Plantilla single-numeraire liquidado. Multi-activo: agregar ledger por activo; neutralizar aportes y evitar duplicar gas. No hay ejecuciones acreditadas.
MEV-03-025,,SIN_EVIDENCIA,,,,,,,,,,,,,,,ADJUNTAR_SETTLEMENT_Y_LEDGER,Plantilla single-numeraire liquidado. Multi-activo: agregar ledger por activo; neutralizar aportes y evitar duplicar gas. No hay ejecuciones acreditadas.
MEV-03-026,,SIN_EVIDENCIA,,,,,,,,,,,,,,,ADJUNTAR_SETTLEMENT_Y_LEDGER,Plantilla single-numeraire liquidado. Multi-activo: agregar ledger por activo; neutralizar aportes y evitar duplicar gas. No hay ejecuciones acreditadas.
MEV-03-027,,SIN_EVIDENCIA,,,,,,,,,,,,,,,ADJUNTAR_SETTLEMENT_Y_LEDGER,Plantilla single-numeraire liquidado. Multi-activo: agregar ledger por activo; neutralizar aportes y evitar duplicar gas. No hay ejecuciones acreditadas.
MEV-03-028,,SIN_EVIDENCIA,,,,,,,,,,,,,,,ADJUNTAR_SETTLEMENT_Y_LEDGER,Plantilla single-numeraire liquidado. Multi-activo: agregar ledger por activo; neutralizar aportes y evitar duplicar gas. No hay ejecuciones acreditadas.
MEV-03-029,,SIN_EVIDENCIA,,,,,,,,,,,,,,,ADJUNTAR_SETTLEMENT_Y_LEDGER,Plantilla single-numeraire liquidado. Multi-activo: agregar ledger por activo; neutralizar aportes y evitar duplicar gas. No hay ejecuciones acreditadas.
MEV-03-030,,SIN_EVIDENCIA,,,,,,,,,,,,,,,ADJUNTAR_SETTLEMENT_Y_LEDGER,Plantilla single-numeraire liquidado. Multi-activo: agregar ledger por activo; neutralizar aportes y evitar duplicar gas. No hay ejecuciones acreditadas.
MEV-03-031,,SIN_EVIDENCIA,,,,,,,,,,,,,,,ADJUNTAR_SETTLEMENT_Y_LEDGER,Plantilla single-numeraire liquidado. Multi-activo: agregar ledger por activo; neutralizar aportes y evitar duplicar gas. No hay ejecuciones acreditadas.
MEV-04-001,,SIN_EVIDENCIA,,,,,,,,,,,,,,,ADJUNTAR_SETTLEMENT_Y_LEDGER,Plantilla single-numeraire liquidado. Multi-activo: agregar ledger por activo; neutralizar aportes y evitar duplicar gas. No hay ejecuciones acreditadas.
MEV-04-002,,SIN_EVIDENCIA,,,,,,,,,,,,,,,ADJUNTAR_SETTLEMENT_Y_LEDGER,Plantilla single-numeraire liquidado. Multi-activo: agregar ledger por activo; neutralizar aportes y evitar duplicar gas. No hay ejecuciones acreditadas.
MEV-04-003,,SIN_EVIDENCIA,,,,,,,,,,,,,,,ADJUNTAR_SETTLEMENT_Y_LEDGER,Plantilla single-numeraire liquidado. Multi-activo: agregar ledger por activo; neutralizar aportes y evitar duplicar gas. No hay ejecuciones acreditadas.
MEV-04-004,,SIN_EVIDENCIA,,,,,,,,,,,,,,,ADJUNTAR_SETTLEMENT_Y_LEDGER,Plantilla single-numeraire liquidado. Multi-activo: agregar ledger por activo; neutralizar aportes y evitar duplicar gas. No hay ejecuciones acreditadas.
MEV-04-005,,SIN_EVIDENCIA,,,,,,,,,,,,,,,ADJUNTAR_SETTLEMENT_Y_LEDGER,Plantilla single-numeraire liquidado. Multi-activo: agregar ledger por activo; neutralizar aportes y evitar duplicar gas. No hay ejecuciones acreditadas.
MEV-04-006,,SIN_EVIDENCIA,,,,,,,,,,,,,,,ADJUNTAR_SETTLEMENT_Y_LEDGER,Plantilla single-numeraire liquidado. Multi-activo: agregar ledger por activo; neutralizar aportes y evitar duplicar gas. No hay ejecuciones acreditadas.
MEV-04-007,,SIN_EVIDENCIA,,,,,,,,,,,,,,,ADJUNTAR_SETTLEMENT_Y_LEDGER,Plantilla single-numeraire liquidado. Multi-activo: agregar ledger por activo; neutralizar aportes y evitar duplicar gas. No hay ejecuciones acreditadas.
MEV-04-008,,SIN_EVIDENCIA,,,,,,,,,,,,,,,ADJUNTAR_SETTLEMENT_Y_LEDGER,Plantilla single-numeraire liquidado. Multi-activo: agregar ledger por activo; neutralizar aportes y evitar duplicar gas. No hay ejecuciones acreditadas.
MEV-04-009,,SIN_EVIDENCIA,,,,,,,,,,,,,,,ADJUNTAR_SETTLEMENT_Y_LEDGER,Plantilla single-numeraire liquidado. Multi-activo: agregar ledger por activo; neutralizar aportes y evitar duplicar gas. No hay ejecuciones acreditadas.
MEV-04-010,,SIN_EVIDENCIA,,,,,,,,,,,,,,,ADJUNTAR_SETTLEMENT_Y_LEDGER,Plantilla single-numeraire liquidado. Multi-activo: agregar ledger por activo; neutralizar aportes y evitar duplicar gas. No hay ejecuciones acreditadas.
MEV-04-011,,SIN_EVIDENCIA,,,,,,,,,,,,,,,ADJUNTAR_SETTLEMENT_Y_LEDGER,Plantilla single-numeraire liquidado. Multi-activo: agregar ledger por activo; neutralizar aportes y evitar duplicar gas. No hay ejecuciones acreditadas.
MEV-04-012,,SIN_EVIDENCIA,,,,,,,,,,,,,,,ADJUNTAR_SETTLEMENT_Y_LEDGER,Plantilla single-numeraire liquidado. Multi-activo: agregar ledger por activo; neutralizar aportes y evitar duplicar gas. No hay ejecuciones acreditadas.
MEV-04-013,,SIN_EVIDENCIA,,,,,,,,,,,,,,,ADJUNTAR_SETTLEMENT_Y_LEDGER,Plantilla single-numeraire liquidado. Multi-activo: agregar ledger por activo; neutralizar aportes y evitar duplicar gas. No hay ejecuciones acreditadas.
MEV-04-014,,SIN_EVIDENCIA,,,,,,,,,,,,,,,ADJUNTAR_SETTLEMENT_Y_LEDGER,Plantilla single-numeraire liquidado. Multi-activo: agregar ledger por activo; neutralizar aportes y evitar duplicar gas. No hay ejecuciones acreditadas.
MEV-04-015,,SIN_EVIDENCIA,,,,,,,,,,,,,,,ADJUNTAR_SETTLEMENT_Y_LEDGER,Plantilla single-numeraire liquidado. Multi-activo: agregar ledger por activo; neutralizar aportes y evitar duplicar gas. No hay ejecuciones acreditadas.
MEV-04-016,,SIN_EVIDENCIA,,,,,,,,,,,,,,,ADJUNTAR_SETTLEMENT_Y_LEDGER,Plantilla single-numeraire liquidado. Multi-activo: agregar ledger por activo; neutralizar aportes y evitar duplicar gas. No hay ejecuciones acreditadas.
MEV-04-017,,SIN_EVIDENCIA,,,,,,,,,,,,,,,ADJUNTAR_SETTLEMENT_Y_LEDGER,Plantilla single-numeraire liquidado. Multi-activo: agregar ledger por activo; neutralizar aportes y evitar duplicar gas. No hay ejecuciones acreditadas.
MEV-04-018,,SIN_EVIDENCIA,,,,,,,,,,,,,,,ADJUNTAR_SETTLEMENT_Y_LEDGER,Plantilla single-numeraire liquidado. Multi-activo: agregar ledger por activo; neutralizar aportes y evitar duplicar gas. No hay ejecuciones acreditadas.
MEV-04-019,,SIN_EVIDENCIA,,,,,,,,,,,,,,,ADJUNTAR_SETTLEMENT_Y_LEDGER,Plantilla single-numeraire liquidado. Multi-activo: agregar ledger por activo; neutralizar aportes y evitar duplicar gas. No hay ejecuciones acreditadas.
MEV-04-020,,SIN_EVIDENCIA,,,,,,,,,,,,,,,ADJUNTAR_SETTLEMENT_Y_LEDGER,Plantilla single-numeraire liquidado. Multi-activo: agregar ledger por activo; neutralizar aportes y evitar duplicar gas. No hay ejecuciones acreditadas.
MEV-04-021,,SIN_EVIDENCIA,,,,,,,,,,,,,,,ADJUNTAR_SETTLEMENT_Y_LEDGER,Plantilla single-numeraire liquidado. Multi-activo: agregar ledger por activo; neutralizar aportes y evitar duplicar gas. No hay ejecuciones acreditadas.
MEV-04-022,,SIN_EVIDENCIA,,,,,,,,,,,,,,,ADJUNTAR_SETTLEMENT_Y_LEDGER,Plantilla single-numeraire liquidado. Multi-activo: agregar ledger por activo; neutralizar aportes y evitar duplicar gas. No hay ejecuciones acreditadas.
MEV-04-023,,SIN_EVIDENCIA,,,,,,,,,,,,,,,ADJUNTAR_SETTLEMENT_Y_LEDGER,Plantilla single-numeraire liquidado. Multi-activo: agregar ledger por activo; neutralizar aportes y evitar duplicar gas. No hay ejecuciones acreditadas.
MEV-04-024,,SIN_EVIDENCIA,,,,,,,,,,,,,,,ADJUNTAR_SETTLEMENT_Y_LEDGER,Plantilla single-numeraire liquidado. Multi-activo: agregar ledger por activo; neutralizar aportes y evitar duplicar gas. No hay ejecuciones acreditadas.
MEV-04-025,,SIN_EVIDENCIA,,,,,,,,,,,,,,,ADJUNTAR_SETTLEMENT_Y_LEDGER,Plantilla single-numeraire liquidado. Multi-activo: agregar ledger por activo; neutralizar aportes y evitar duplicar gas. No hay ejecuciones acreditadas.
MEV-04-026,,SIN_EVIDENCIA,,,,,,,,,,,,,,,ADJUNTAR_SETTLEMENT_Y_LEDGER,Plantilla single-numeraire liquidado. Multi-activo: agregar ledger por activo; neutralizar aportes y evitar duplicar gas. No hay ejecuciones acreditadas.
MEV-04-027,,SIN_EVIDENCIA,,,,,,,,,,,,,,,ADJUNTAR_SETTLEMENT_Y_LEDGER,Plantilla single-numeraire liquidado. Multi-activo: agregar ledger por activo; neutralizar aportes y evitar duplicar gas. No hay ejecuciones acreditadas.
MEV-04-028,,SIN_EVIDENCIA,,,,,,,,,,,,,,,ADJUNTAR_SETTLEMENT_Y_LEDGER,Plantilla single-numeraire liquidado. Multi-activo: agregar ledger por activo; neutralizar aportes y evitar duplicar gas. No hay ejecuciones acreditadas.
MEV-04-029,,SIN_EVIDENCIA,,,,,,,,,,,,,,,ADJUNTAR_SETTLEMENT_Y_LEDGER,Plantilla single-numeraire liquidado. Multi-activo: agregar ledger por activo; neutralizar aportes y evitar duplicar gas. No hay ejecuciones acreditadas.
MEV-04-030,,SIN_EVIDENCIA,,,,,,,,,,,,,,,ADJUNTAR_SETTLEMENT_Y_LEDGER,Plantilla single-numeraire liquidado. Multi-activo: agregar ledger por activo; neutralizar aportes y evitar duplicar gas. No hay ejecuciones acreditadas.
MEV-04-031,,SIN_EVIDENCIA,,,,,,,,,,,,,,,ADJUNTAR_SETTLEMENT_Y_LEDGER,Plantilla single-numeraire liquidado. Multi-activo: agregar ledger por activo; neutralizar aportes y evitar duplicar gas. No hay ejecuciones acreditadas.
MEV-05-001,,SIN_EVIDENCIA,,,,,,,,,,,,,,,ADJUNTAR_SETTLEMENT_Y_LEDGER,Plantilla single-numeraire liquidado. Multi-activo: agregar ledger por activo; neutralizar aportes y evitar duplicar gas. No hay ejecuciones acreditadas.
MEV-05-002,,SIN_EVIDENCIA,,,,,,,,,,,,,,,ADJUNTAR_SETTLEMENT_Y_LEDGER,Plantilla single-numeraire liquidado. Multi-activo: agregar ledger por activo; neutralizar aportes y evitar duplicar gas. No hay ejecuciones acreditadas.
MEV-05-003,,SIN_EVIDENCIA,,,,,,,,,,,,,,,ADJUNTAR_SETTLEMENT_Y_LEDGER,Plantilla single-numeraire liquidado. Multi-activo: agregar ledger por activo; neutralizar aportes y evitar duplicar gas. No hay ejecuciones acreditadas.
MEV-05-004,,SIN_EVIDENCIA,,,,,,,,,,,,,,,ADJUNTAR_SETTLEMENT_Y_LEDGER,Plantilla single-numeraire liquidado. Multi-activo: agregar ledger por activo; neutralizar aportes y evitar duplicar gas. No hay ejecuciones acreditadas.
MEV-05-005,,SIN_EVIDENCIA,,,,,,,,,,,,,,,ADJUNTAR_SETTLEMENT_Y_LEDGER,Plantilla single-numeraire liquidado. Multi-activo: agregar ledger por activo; neutralizar aportes y evitar duplicar gas. No hay ejecuciones acreditadas.
MEV-05-006,,SIN_EVIDENCIA,,,,,,,,,,,,,,,ADJUNTAR_SETTLEMENT_Y_LEDGER,Plantilla single-numeraire liquidado. Multi-activo: agregar ledger por activo; neutralizar aportes y evitar duplicar gas. No hay ejecuciones acreditadas.
MEV-05-007,,SIN_EVIDENCIA,,,,,,,,,,,,,,,ADJUNTAR_SETTLEMENT_Y_LEDGER,Plantilla single-numeraire liquidado. Multi-activo: agregar ledger por activo; neutralizar aportes y evitar duplicar gas. No hay ejecuciones acreditadas.
MEV-05-008,,SIN_EVIDENCIA,,,,,,,,,,,,,,,ADJUNTAR_SETTLEMENT_Y_LEDGER,Plantilla single-numeraire liquidado. Multi-activo: agregar ledger por activo; neutralizar aportes y evitar duplicar gas. No hay ejecuciones acreditadas.
MEV-05-009,,SIN_EVIDENCIA,,,,,,,,,,,,,,,ADJUNTAR_SETTLEMENT_Y_LEDGER,Plantilla single-numeraire liquidado. Multi-activo: agregar ledger por activo; neutralizar aportes y evitar duplicar gas. No hay ejecuciones acreditadas.
MEV-05-010,,SIN_EVIDENCIA,,,,,,,,,,,,,,,ADJUNTAR_SETTLEMENT_Y_LEDGER,Plantilla single-numeraire liquidado. Multi-activo: agregar ledger por activo; neutralizar aportes y evitar duplicar gas. No hay ejecuciones acreditadas.
MEV-05-011,,SIN_EVIDENCIA,,,,,,,,,,,,,,,ADJUNTAR_SETTLEMENT_Y_LEDGER,Plantilla single-numeraire liquidado. Multi-activo: agregar ledger por activo; neutralizar aportes y evitar duplicar gas. No hay ejecuciones acreditadas.
MEV-05-012,,SIN_EVIDENCIA,,,,,,,,,,,,,,,ADJUNTAR_SETTLEMENT_Y_LEDGER,Plantilla single-numeraire liquidado. Multi-activo: agregar ledger por activo; neutralizar aportes y evitar duplicar gas. No hay ejecuciones acreditadas.
MEV-05-013,,SIN_EVIDENCIA,,,,,,,,,,,,,,,ADJUNTAR_SETTLEMENT_Y_LEDGER,Plantilla single-numeraire liquidado. Multi-activo: agregar ledger por activo; neutralizar aportes y evitar duplicar gas. No hay ejecuciones acreditadas.
MEV-05-014,,SIN_EVIDENCIA,,,,,,,,,,,,,,,ADJUNTAR_SETTLEMENT_Y_LEDGER,Plantilla single-numeraire liquidado. Multi-activo: agregar ledger por activo; neutralizar aportes y evitar duplicar gas. No hay ejecuciones acreditadas.
MEV-06-001,,SIN_EVIDENCIA,,,,,,,,,,,,,,,ADJUNTAR_SETTLEMENT_Y_LEDGER,Plantilla single-numeraire liquidado. Multi-activo: agregar ledger por activo; neutralizar aportes y evitar duplicar gas. No hay ejecuciones acreditadas.
MEV-06-002,,SIN_EVIDENCIA,,,,,,,,,,,,,,,ADJUNTAR_SETTLEMENT_Y_LEDGER,Plantilla single-numeraire liquidado. Multi-activo: agregar ledger por activo; neutralizar aportes y evitar duplicar gas. No hay ejecuciones acreditadas.
MEV-06-003,,SIN_EVIDENCIA,,,,,,,,,,,,,,,ADJUNTAR_SETTLEMENT_Y_LEDGER,Plantilla single-numeraire liquidado. Multi-activo: agregar ledger por activo; neutralizar aportes y evitar duplicar gas. No hay ejecuciones acreditadas.
MEV-06-004,,SIN_EVIDENCIA,,,,,,,,,,,,,,,ADJUNTAR_SETTLEMENT_Y_LEDGER,Plantilla single-numeraire liquidado. Multi-activo: agregar ledger por activo; neutralizar aportes y evitar duplicar gas. No hay ejecuciones acreditadas.
MEV-06-005,,SIN_EVIDENCIA,,,,,,,,,,,,,,,ADJUNTAR_SETTLEMENT_Y_LEDGER,Plantilla single-numeraire liquidado. Multi-activo: agregar ledger por activo; neutralizar aportes y evitar duplicar gas. No hay ejecuciones acreditadas.
MEV-06-006,,SIN_EVIDENCIA,,,,,,,,,,,,,,,ADJUNTAR_SETTLEMENT_Y_LEDGER,Plantilla single-numeraire liquidado. Multi-activo: agregar ledger por activo; neutralizar aportes y evitar duplicar gas. No hay ejecuciones acreditadas.
MEV-06-007,,SIN_EVIDENCIA,,,,,,,,,,,,,,,ADJUNTAR_SETTLEMENT_Y_LEDGER,Plantilla single-numeraire liquidado. Multi-activo: agregar ledger por activo; neutralizar aportes y evitar duplicar gas. No hay ejecuciones acreditadas.
MEV-06-008,,SIN_EVIDENCIA,,,,,,,,,,,,,,,ADJUNTAR_SETTLEMENT_Y_LEDGER,Plantilla single-numeraire liquidado. Multi-activo: agregar ledger por activo; neutralizar aportes y evitar duplicar gas. No hay ejecuciones acreditadas.
MEV-06-009,,SIN_EVIDENCIA,,,,,,,,,,,,,,,ADJUNTAR_SETTLEMENT_Y_LEDGER,Plantilla single-numeraire liquidado. Multi-activo: agregar ledger por activo; neutralizar aportes y evitar duplicar gas. No hay ejecuciones acreditadas.
MEV-06-010,,SIN_EVIDENCIA,,,,,,,,,,,,,,,ADJUNTAR_SETTLEMENT_Y_LEDGER,Plantilla single-numeraire liquidado. Multi-activo: agregar ledger por activo; neutralizar aportes y evitar duplicar gas. No hay ejecuciones acreditadas.
MEV-06-011,,SIN_EVIDENCIA,,,,,,,,,,,,,,,ADJUNTAR_SETTLEMENT_Y_LEDGER,Plantilla single-numeraire liquidado. Multi-activo: agregar ledger por activo; neutralizar aportes y evitar duplicar gas. No hay ejecuciones acreditadas.
MEV-06-012,,SIN_EVIDENCIA,,,,,,,,,,,,,,,ADJUNTAR_SETTLEMENT_Y_LEDGER,Plantilla single-numeraire liquidado. Multi-activo: agregar ledger por activo; neutralizar aportes y evitar duplicar gas. No hay ejecuciones acreditadas.
MEV-06-013,,SIN_EVIDENCIA,,,,,,,,,,,,,,,ADJUNTAR_SETTLEMENT_Y_LEDGER,Plantilla single-numeraire liquidado. Multi-activo: agregar ledger por activo; neutralizar aportes y evitar duplicar gas. No hay ejecuciones acreditadas.
MEV-06-014,,SIN_EVIDENCIA,,,,,,,,,,,,,,,ADJUNTAR_SETTLEMENT_Y_LEDGER,Plantilla single-numeraire liquidado. Multi-activo: agregar ledger por activo; neutralizar aportes y evitar duplicar gas. No hay ejecuciones acreditadas.
MEV-06-015,,SIN_EVIDENCIA,,,,,,,,,,,,,,,ADJUNTAR_SETTLEMENT_Y_LEDGER,Plantilla single-numeraire liquidado. Multi-activo: agregar ledger por activo; neutralizar aportes y evitar duplicar gas. No hay ejecuciones acreditadas.
MEV-06-016,,SIN_EVIDENCIA,,,,,,,,,,,,,,,ADJUNTAR_SETTLEMENT_Y_LEDGER,Plantilla single-numeraire liquidado. Multi-activo: agregar ledger por activo; neutralizar aportes y evitar duplicar gas. No hay ejecuciones acreditadas.
MEV-06-017,,SIN_EVIDENCIA,,,,,,,,,,,,,,,ADJUNTAR_SETTLEMENT_Y_LEDGER,Plantilla single-numeraire liquidado. Multi-activo: agregar ledger por activo; neutralizar aportes y evitar duplicar gas. No hay ejecuciones acreditadas.
MEV-06-018,,SIN_EVIDENCIA,,,,,,,,,,,,,,,ADJUNTAR_SETTLEMENT_Y_LEDGER,Plantilla single-numeraire liquidado. Multi-activo: agregar ledger por activo; neutralizar aportes y evitar duplicar gas. No hay ejecuciones acreditadas.
MEV-06-019,,SIN_EVIDENCIA,,,,,,,,,,,,,,,ADJUNTAR_SETTLEMENT_Y_LEDGER,Plantilla single-numeraire liquidado. Multi-activo: agregar ledger por activo; neutralizar aportes y evitar duplicar gas. No hay ejecuciones acreditadas.
MEV-06-020,,SIN_EVIDENCIA,,,,,,,,,,,,,,,ADJUNTAR_SETTLEMENT_Y_LEDGER,Plantilla single-numeraire liquidado. Multi-activo: agregar ledger por activo; neutralizar aportes y evitar duplicar gas. No hay ejecuciones acreditadas.
MEV-06-021,,SIN_EVIDENCIA,,,,,,,,,,,,,,,ADJUNTAR_SETTLEMENT_Y_LEDGER,Plantilla single-numeraire liquidado. Multi-activo: agregar ledger por activo; neutralizar aportes y evitar duplicar gas. No hay ejecuciones acreditadas.
MEV-06-022,,SIN_EVIDENCIA,,,,,,,,,,,,,,,ADJUNTAR_SETTLEMENT_Y_LEDGER,Plantilla single-numeraire liquidado. Multi-activo: agregar ledger por activo; neutralizar aportes y evitar duplicar gas. No hay ejecuciones acreditadas.
MEV-06-023,,SIN_EVIDENCIA,,,,,,,,,,,,,,,ADJUNTAR_SETTLEMENT_Y_LEDGER,Plantilla single-numeraire liquidado. Multi-activo: agregar ledger por activo; neutralizar aportes y evitar duplicar gas. No hay ejecuciones acreditadas.
MEV-06-024,,SIN_EVIDENCIA,,,,,,,,,,,,,,,ADJUNTAR_SETTLEMENT_Y_LEDGER,Plantilla single-numeraire liquidado. Multi-activo: agregar ledger por activo; neutralizar aportes y evitar duplicar gas. No hay ejecuciones acreditadas.
MEV-06-025,,SIN_EVIDENCIA,,,,,,,,,,,,,,,ADJUNTAR_SETTLEMENT_Y_LEDGER,Plantilla single-numeraire liquidado. Multi-activo: agregar ledger por activo; neutralizar aportes y evitar duplicar gas. No hay ejecuciones acreditadas.
MEV-06-026,,SIN_EVIDENCIA,,,,,,,,,,,,,,,ADJUNTAR_SETTLEMENT_Y_LEDGER,Plantilla single-numeraire liquidado. Multi-activo: agregar ledger por activo; neutralizar aportes y evitar duplicar gas. No hay ejecuciones acreditadas.
MEV-06-027,,SIN_EVIDENCIA,,,,,,,,,,,,,,,ADJUNTAR_SETTLEMENT_Y_LEDGER,Plantilla single-numeraire liquidado. Multi-activo: agregar ledger por activo; neutralizar aportes y evitar duplicar gas. No hay ejecuciones acreditadas.
MEV-06-028,,SIN_EVIDENCIA,,,,,,,,,,,,,,,ADJUNTAR_SETTLEMENT_Y_LEDGER,Plantilla single-numeraire liquidado. Multi-activo: agregar ledger por activo; neutralizar aportes y evitar duplicar gas. No hay ejecuciones acreditadas.
MEV-06-029,,SIN_EVIDENCIA,,,,,,,,,,,,,,,ADJUNTAR_SETTLEMENT_Y_LEDGER,Plantilla single-numeraire liquidado. Multi-activo: agregar ledger por activo; neutralizar aportes y evitar duplicar gas. No hay ejecuciones acreditadas.
MEV-06-030,,SIN_EVIDENCIA,,,,,,,,,,,,,,,ADJUNTAR_SETTLEMENT_Y_LEDGER,Plantilla single-numeraire liquidado. Multi-activo: agregar ledger por activo; neutralizar aportes y evitar duplicar gas. No hay ejecuciones acreditadas.
MEV-07-001,,SIN_EVIDENCIA,,,,,,,,,,,,,,,ADJUNTAR_SETTLEMENT_Y_LEDGER,Plantilla single-numeraire liquidado. Multi-activo: agregar ledger por activo; neutralizar aportes y evitar duplicar gas. No hay ejecuciones acreditadas.
MEV-07-002,,SIN_EVIDENCIA,,,,,,,,,,,,,,,ADJUNTAR_SETTLEMENT_Y_LEDGER,Plantilla single-numeraire liquidado. Multi-activo: agregar ledger por activo; neutralizar aportes y evitar duplicar gas. No hay ejecuciones acreditadas.
MEV-07-003,,SIN_EVIDENCIA,,,,,,,,,,,,,,,ADJUNTAR_SETTLEMENT_Y_LEDGER,Plantilla single-numeraire liquidado. Multi-activo: agregar ledger por activo; neutralizar aportes y evitar duplicar gas. No hay ejecuciones acreditadas.
MEV-07-004,,SIN_EVIDENCIA,,,,,,,,,,,,,,,ADJUNTAR_SETTLEMENT_Y_LEDGER,Plantilla single-numeraire liquidado. Multi-activo: agregar ledger por activo; neutralizar aportes y evitar duplicar gas. No hay ejecuciones acreditadas.
MEV-07-005,,SIN_EVIDENCIA,,,,,,,,,,,,,,,ADJUNTAR_SETTLEMENT_Y_LEDGER,Plantilla single-numeraire liquidado. Multi-activo: agregar ledger por activo; neutralizar aportes y evitar duplicar gas. No hay ejecuciones acreditadas.
MEV-07-006,,SIN_EVIDENCIA,,,,,,,,,,,,,,,ADJUNTAR_SETTLEMENT_Y_LEDGER,Plantilla single-numeraire liquidado. Multi-activo: agregar ledger por activo; neutralizar aportes y evitar duplicar gas. No hay ejecuciones acreditadas.
MEV-07-007,,SIN_EVIDENCIA,,,,,,,,,,,,,,,ADJUNTAR_SETTLEMENT_Y_LEDGER,Plantilla single-numeraire liquidado. Multi-activo: agregar ledger por activo; neutralizar aportes y evitar duplicar gas. No hay ejecuciones acreditadas.
MEV-07-008,,SIN_EVIDENCIA,,,,,,,,,,,,,,,ADJUNTAR_SETTLEMENT_Y_LEDGER,Plantilla single-numeraire liquidado. Multi-activo: agregar ledger por activo; neutralizar aportes y evitar duplicar gas. No hay ejecuciones acreditadas.
MEV-07-009,,SIN_EVIDENCIA,,,,,,,,,,,,,,,ADJUNTAR_SETTLEMENT_Y_LEDGER,Plantilla single-numeraire liquidado. Multi-activo: agregar ledger por activo; neutralizar aportes y evitar duplicar gas. No hay ejecuciones acreditadas.
MEV-07-010,,SIN_EVIDENCIA,,,,,,,,,,,,,,,ADJUNTAR_SETTLEMENT_Y_LEDGER,Plantilla single-numeraire liquidado. Multi-activo: agregar ledger por activo; neutralizar aportes y evitar duplicar gas. No hay ejecuciones acreditadas.
MEV-07-011,,SIN_EVIDENCIA,,,,,,,,,,,,,,,ADJUNTAR_SETTLEMENT_Y_LEDGER,Plantilla single-numeraire liquidado. Multi-activo: agregar ledger por activo; neutralizar aportes y evitar duplicar gas. No hay ejecuciones acreditadas.
MEV-07-012,,SIN_EVIDENCIA,,,,,,,,,,,,,,,ADJUNTAR_SETTLEMENT_Y_LEDGER,Plantilla single-numeraire liquidado. Multi-activo: agregar ledger por activo; neutralizar aportes y evitar duplicar gas. No hay ejecuciones acreditadas.
MEV-07-013,,SIN_EVIDENCIA,,,,,,,,,,,,,,,ADJUNTAR_SETTLEMENT_Y_LEDGER,Plantilla single-numeraire liquidado. Multi-activo: agregar ledger por activo; neutralizar aportes y evitar duplicar gas. No hay ejecuciones acreditadas.
MEV-07-014,,SIN_EVIDENCIA,,,,,,,,,,,,,,,ADJUNTAR_SETTLEMENT_Y_LEDGER,Plantilla single-numeraire liquidado. Multi-activo: agregar ledger por activo; neutralizar aportes y evitar duplicar gas. No hay ejecuciones acreditadas.
MEV-07-015,,SIN_EVIDENCIA,,,,,,,,,,,,,,,ADJUNTAR_SETTLEMENT_Y_LEDGER,Plantilla single-numeraire liquidado. Multi-activo: agregar ledger por activo; neutralizar aportes y evitar duplicar gas. No hay ejecuciones acreditadas.
MEV-07-016,,SIN_EVIDENCIA,,,,,,,,,,,,,,,ADJUNTAR_SETTLEMENT_Y_LEDGER,Plantilla single-numeraire liquidado. Multi-activo: agregar ledger por activo; neutralizar aportes y evitar duplicar gas. No hay ejecuciones acreditadas.
MEV-07-017,,SIN_EVIDENCIA,,,,,,,,,,,,,,,ADJUNTAR_SETTLEMENT_Y_LEDGER,Plantilla single-numeraire liquidado. Multi-activo: agregar ledger por activo; neutralizar aportes y evitar duplicar gas. No hay ejecuciones acreditadas.
MEV-07-018,,SIN_EVIDENCIA,,,,,,,,,,,,,,,ADJUNTAR_SETTLEMENT_Y_LEDGER,Plantilla single-numeraire liquidado. Multi-activo: agregar ledger por activo; neutralizar aportes y evitar duplicar gas. No hay ejecuciones acreditadas.
MEV-07-019,,SIN_EVIDENCIA,,,,,,,,,,,,,,,ADJUNTAR_SETTLEMENT_Y_LEDGER,Plantilla single-numeraire liquidado. Multi-activo: agregar ledger por activo; neutralizar aportes y evitar duplicar gas. No hay ejecuciones acreditadas.
MEV-07-020,,SIN_EVIDENCIA,,,,,,,,,,,,,,,ADJUNTAR_SETTLEMENT_Y_LEDGER,Plantilla single-numeraire liquidado. Multi-activo: agregar ledger por activo; neutralizar aportes y evitar duplicar gas. No hay ejecuciones acreditadas.
MEV-07-021,,SIN_EVIDENCIA,,,,,,,,,,,,,,,ADJUNTAR_SETTLEMENT_Y_LEDGER,Plantilla single-numeraire liquidado. Multi-activo: agregar ledger por activo; neutralizar aportes y evitar duplicar gas. No hay ejecuciones acreditadas.
MEV-07-022,,SIN_EVIDENCIA,,,,,,,,,,,,,,,ADJUNTAR_SETTLEMENT_Y_LEDGER,Plantilla single-numeraire liquidado. Multi-activo: agregar ledger por activo; neutralizar aportes y evitar duplicar gas. No hay ejecuciones acreditadas.
MEV-07-023,,SIN_EVIDENCIA,,,,,,,,,,,,,,,ADJUNTAR_SETTLEMENT_Y_LEDGER,Plantilla single-numeraire liquidado. Multi-activo: agregar ledger por activo; neutralizar aportes y evitar duplicar gas. No hay ejecuciones acreditadas.
MEV-07-024,,SIN_EVIDENCIA,,,,,,,,,,,,,,,ADJUNTAR_SETTLEMENT_Y_LEDGER,Plantilla single-numeraire liquidado. Multi-activo: agregar ledger por activo; neutralizar aportes y evitar duplicar gas. No hay ejecuciones acreditadas.
MEV-07-025,,SIN_EVIDENCIA,,,,,,,,,,,,,,,ADJUNTAR_SETTLEMENT_Y_LEDGER,Plantilla single-numeraire liquidado. Multi-activo: agregar ledger por activo; neutralizar aportes y evitar duplicar gas. No hay ejecuciones acreditadas.
MEV-07-026,,SIN_EVIDENCIA,,,,,,,,,,,,,,,ADJUNTAR_SETTLEMENT_Y_LEDGER,Plantilla single-numeraire liquidado. Multi-activo: agregar ledger por activo; neutralizar aportes y evitar duplicar gas. No hay ejecuciones acreditadas.
MEV-07-027,,SIN_EVIDENCIA,,,,,,,,,,,,,,,ADJUNTAR_SETTLEMENT_Y_LEDGER,Plantilla single-numeraire liquidado. Multi-activo: agregar ledger por activo; neutralizar aportes y evitar duplicar gas. No hay ejecuciones acreditadas.
MEV-07-028,,SIN_EVIDENCIA,,,,,,,,,,,,,,,ADJUNTAR_SETTLEMENT_Y_LEDGER,Plantilla single-numeraire liquidado. Multi-activo: agregar ledger por activo; neutralizar aportes y evitar duplicar gas. No hay ejecuciones acreditadas.
MEV-07-029,,SIN_EVIDENCIA,,,,,,,,,,,,,,,ADJUNTAR_SETTLEMENT_Y_LEDGER,Plantilla single-numeraire liquidado. Multi-activo: agregar ledger por activo; neutralizar aportes y evitar duplicar gas. No hay ejecuciones acreditadas.
MEV-07-030,,SIN_EVIDENCIA,,,,,,,,,,,,,,,ADJUNTAR_SETTLEMENT_Y_LEDGER,Plantilla single-numeraire liquidado. Multi-activo: agregar ledger por activo; neutralizar aportes y evitar duplicar gas. No hay ejecuciones acreditadas.
MEV-08-001,,SIN_EVIDENCIA,,,,,,,,,,,,,,,ADJUNTAR_SETTLEMENT_Y_LEDGER,Plantilla single-numeraire liquidado. Multi-activo: agregar ledger por activo; neutralizar aportes y evitar duplicar gas. No hay ejecuciones acreditadas.
MEV-08-002,,SIN_EVIDENCIA,,,,,,,,,,,,,,,ADJUNTAR_SETTLEMENT_Y_LEDGER,Plantilla single-numeraire liquidado. Multi-activo: agregar ledger por activo; neutralizar aportes y evitar duplicar gas. No hay ejecuciones acreditadas.
MEV-08-003,,SIN_EVIDENCIA,,,,,,,,,,,,,,,ADJUNTAR_SETTLEMENT_Y_LEDGER,Plantilla single-numeraire liquidado. Multi-activo: agregar ledger por activo; neutralizar aportes y evitar duplicar gas. No hay ejecuciones acreditadas.
MEV-08-004,,SIN_EVIDENCIA,,,,,,,,,,,,,,,ADJUNTAR_SETTLEMENT_Y_LEDGER,Plantilla single-numeraire liquidado. Multi-activo: agregar ledger por activo; neutralizar aportes y evitar duplicar gas. No hay ejecuciones acreditadas.
MEV-08-005,,SIN_EVIDENCIA,,,,,,,,,,,,,,,ADJUNTAR_SETTLEMENT_Y_LEDGER,Plantilla single-numeraire liquidado. Multi-activo: agregar ledger por activo; neutralizar aportes y evitar duplicar gas. No hay ejecuciones acreditadas.
MEV-08-006,,SIN_EVIDENCIA,,,,,,,,,,,,,,,ADJUNTAR_SETTLEMENT_Y_LEDGER,Plantilla single-numeraire liquidado. Multi-activo: agregar ledger por activo; neutralizar aportes y evitar duplicar gas. No hay ejecuciones acreditadas.
MEV-08-007,,SIN_EVIDENCIA,,,,,,,,,,,,,,,ADJUNTAR_SETTLEMENT_Y_LEDGER,Plantilla single-numeraire liquidado. Multi-activo: agregar ledger por activo; neutralizar aportes y evitar duplicar gas. No hay ejecuciones acreditadas.
MEV-08-008,,SIN_EVIDENCIA,,,,,,,,,,,,,,,ADJUNTAR_SETTLEMENT_Y_LEDGER,Plantilla single-numeraire liquidado. Multi-activo: agregar ledger por activo; neutralizar aportes y evitar duplicar gas. No hay ejecuciones acreditadas.
MEV-08-009,,SIN_EVIDENCIA,,,,,,,,,,,,,,,ADJUNTAR_SETTLEMENT_Y_LEDGER,Plantilla single-numeraire liquidado. Multi-activo: agregar ledger por activo; neutralizar aportes y evitar duplicar gas. No hay ejecuciones acreditadas.
MEV-08-010,,SIN_EVIDENCIA,,,,,,,,,,,,,,,ADJUNTAR_SETTLEMENT_Y_LEDGER,Plantilla single-numeraire liquidado. Multi-activo: agregar ledger por activo; neutralizar aportes y evitar duplicar gas. No hay ejecuciones acreditadas.
MEV-08-011,,SIN_EVIDENCIA,,,,,,,,,,,,,,,ADJUNTAR_SETTLEMENT_Y_LEDGER,Plantilla single-numeraire liquidado. Multi-activo: agregar ledger por activo; neutralizar aportes y evitar duplicar gas. No hay ejecuciones acreditadas.
MEV-08-012,,SIN_EVIDENCIA,,,,,,,,,,,,,,,ADJUNTAR_SETTLEMENT_Y_LEDGER,Plantilla single-numeraire liquidado. Multi-activo: agregar ledger por activo; neutralizar aportes y evitar duplicar gas. No hay ejecuciones acreditadas.
MEV-08-013,,SIN_EVIDENCIA,,,,,,,,,,,,,,,ADJUNTAR_SETTLEMENT_Y_LEDGER,Plantilla single-numeraire liquidado. Multi-activo: agregar ledger por activo; neutralizar aportes y evitar duplicar gas. No hay ejecuciones acreditadas.
MEV-08-014,,SIN_EVIDENCIA,,,,,,,,,,,,,,,ADJUNTAR_SETTLEMENT_Y_LEDGER,Plantilla single-numeraire liquidado. Multi-activo: agregar ledger por activo; neutralizar aportes y evitar duplicar gas. No hay ejecuciones acreditadas.
MEV-08-015,,SIN_EVIDENCIA,,,,,,,,,,,,,,,ADJUNTAR_SETTLEMENT_Y_LEDGER,Plantilla single-numeraire liquidado. Multi-activo: agregar ledger por activo; neutralizar aportes y evitar duplicar gas. No hay ejecuciones acreditadas.
MEV-08-016,,SIN_EVIDENCIA,,,,,,,,,,,,,,,ADJUNTAR_SETTLEMENT_Y_LEDGER,Plantilla single-numeraire liquidado. Multi-activo: agregar ledger por activo; neutralizar aportes y evitar duplicar gas. No hay ejecuciones acreditadas.
MEV-08-017,,SIN_EVIDENCIA,,,,,,,,,,,,,,,ADJUNTAR_SETTLEMENT_Y_LEDGER,Plantilla single-numeraire liquidado. Multi-activo: agregar ledger por activo; neutralizar aportes y evitar duplicar gas. No hay ejecuciones acreditadas.
MEV-08-018,,SIN_EVIDENCIA,,,,,,,,,,,,,,,ADJUNTAR_SETTLEMENT_Y_LEDGER,Plantilla single-numeraire liquidado. Multi-activo: agregar ledger por activo; neutralizar aportes y evitar duplicar gas. No hay ejecuciones acreditadas.
MEV-08-019,,SIN_EVIDENCIA,,,,,,,,,,,,,,,ADJUNTAR_SETTLEMENT_Y_LEDGER,Plantilla single-numeraire liquidado. Multi-activo: agregar ledger por activo; neutralizar aportes y evitar duplicar gas. No hay ejecuciones acreditadas.
MEV-08-020,,SIN_EVIDENCIA,,,,,,,,,,,,,,,ADJUNTAR_SETTLEMENT_Y_LEDGER,Plantilla single-numeraire liquidado. Multi-activo: agregar ledger por activo; neutralizar aportes y evitar duplicar gas. No hay ejecuciones acreditadas.
MEV-08-021,,SIN_EVIDENCIA,,,,,,,,,,,,,,,ADJUNTAR_SETTLEMENT_Y_LEDGER,Plantilla single-numeraire liquidado. Multi-activo: agregar ledger por activo; neutralizar aportes y evitar duplicar gas. No hay ejecuciones acreditadas.
MEV-08-022,,SIN_EVIDENCIA,,,,,,,,,,,,,,,ADJUNTAR_SETTLEMENT_Y_LEDGER,Plantilla single-numeraire liquidado. Multi-activo: agregar ledger por activo; neutralizar aportes y evitar duplicar gas. No hay ejecuciones acreditadas.
MEV-08-023,,SIN_EVIDENCIA,,,,,,,,,,,,,,,ADJUNTAR_SETTLEMENT_Y_LEDGER,Plantilla single-numeraire liquidado. Multi-activo: agregar ledger por activo; neutralizar aportes y evitar duplicar gas. No hay ejecuciones acreditadas.
MEV-08-024,,SIN_EVIDENCIA,,,,,,,,,,,,,,,ADJUNTAR_SETTLEMENT_Y_LEDGER,Plantilla single-numeraire liquidado. Multi-activo: agregar ledger por activo; neutralizar aportes y evitar duplicar gas. No hay ejecuciones acreditadas.
MEV-08-025,,SIN_EVIDENCIA,,,,,,,,,,,,,,,ADJUNTAR_SETTLEMENT_Y_LEDGER,Plantilla single-numeraire liquidado. Multi-activo: agregar ledger por activo; neutralizar aportes y evitar duplicar gas. No hay ejecuciones acreditadas.
MEV-09-001,,SIN_EVIDENCIA,,,,,,,,,,,,,,,ADJUNTAR_SETTLEMENT_Y_LEDGER,Plantilla single-numeraire liquidado. Multi-activo: agregar ledger por activo; neutralizar aportes y evitar duplicar gas. No hay ejecuciones acreditadas.
MEV-09-002,,SIN_EVIDENCIA,,,,,,,,,,,,,,,ADJUNTAR_SETTLEMENT_Y_LEDGER,Plantilla single-numeraire liquidado. Multi-activo: agregar ledger por activo; neutralizar aportes y evitar duplicar gas. No hay ejecuciones acreditadas.
MEV-09-003,,SIN_EVIDENCIA,,,,,,,,,,,,,,,ADJUNTAR_SETTLEMENT_Y_LEDGER,Plantilla single-numeraire liquidado. Multi-activo: agregar ledger por activo; neutralizar aportes y evitar duplicar gas. No hay ejecuciones acreditadas.
MEV-09-004,,SIN_EVIDENCIA,,,,,,,,,,,,,,,ADJUNTAR_SETTLEMENT_Y_LEDGER,Plantilla single-numeraire liquidado. Multi-activo: agregar ledger por activo; neutralizar aportes y evitar duplicar gas. No hay ejecuciones acreditadas.
MEV-09-005,,SIN_EVIDENCIA,,,,,,,,,,,,,,,ADJUNTAR_SETTLEMENT_Y_LEDGER,Plantilla single-numeraire liquidado. Multi-activo: agregar ledger por activo; neutralizar aportes y evitar duplicar gas. No hay ejecuciones acreditadas.
MEV-09-006,,SIN_EVIDENCIA,,,,,,,,,,,,,,,ADJUNTAR_SETTLEMENT_Y_LEDGER,Plantilla single-numeraire liquidado. Multi-activo: agregar ledger por activo; neutralizar aportes y evitar duplicar gas. No hay ejecuciones acreditadas.
MEV-09-007,,SIN_EVIDENCIA,,,,,,,,,,,,,,,ADJUNTAR_SETTLEMENT_Y_LEDGER,Plantilla single-numeraire liquidado. Multi-activo: agregar ledger por activo; neutralizar aportes y evitar duplicar gas. No hay ejecuciones acreditadas.
MEV-09-008,,SIN_EVIDENCIA,,,,,,,,,,,,,,,ADJUNTAR_SETTLEMENT_Y_LEDGER,Plantilla single-numeraire liquidado. Multi-activo: agregar ledger por activo; neutralizar aportes y evitar duplicar gas. No hay ejecuciones acreditadas.
MEV-09-009,,SIN_EVIDENCIA,,,,,,,,,,,,,,,ADJUNTAR_SETTLEMENT_Y_LEDGER,Plantilla single-numeraire liquidado. Multi-activo: agregar ledger por activo; neutralizar aportes y evitar duplicar gas. No hay ejecuciones acreditadas.
MEV-09-010,,SIN_EVIDENCIA,,,,,,,,,,,,,,,ADJUNTAR_SETTLEMENT_Y_LEDGER,Plantilla single-numeraire liquidado. Multi-activo: agregar ledger por activo; neutralizar aportes y evitar duplicar gas. No hay ejecuciones acreditadas.
MEV-09-011,,SIN_EVIDENCIA,,,,,,,,,,,,,,,ADJUNTAR_SETTLEMENT_Y_LEDGER,Plantilla single-numeraire liquidado. Multi-activo: agregar ledger por activo; neutralizar aportes y evitar duplicar gas. No hay ejecuciones acreditadas.
MEV-09-012,,SIN_EVIDENCIA,,,,,,,,,,,,,,,ADJUNTAR_SETTLEMENT_Y_LEDGER,Plantilla single-numeraire liquidado. Multi-activo: agregar ledger por activo; neutralizar aportes y evitar duplicar gas. No hay ejecuciones acreditadas.
MEV-09-013,,SIN_EVIDENCIA,,,,,,,,,,,,,,,ADJUNTAR_SETTLEMENT_Y_LEDGER,Plantilla single-numeraire liquidado. Multi-activo: agregar ledger por activo; neutralizar aportes y evitar duplicar gas. No hay ejecuciones acreditadas.
MEV-09-014,,SIN_EVIDENCIA,,,,,,,,,,,,,,,ADJUNTAR_SETTLEMENT_Y_LEDGER,Plantilla single-numeraire liquidado. Multi-activo: agregar ledger por activo; neutralizar aportes y evitar duplicar gas. No hay ejecuciones acreditadas.
MEV-09-015,,SIN_EVIDENCIA,,,,,,,,,,,,,,,ADJUNTAR_SETTLEMENT_Y_LEDGER,Plantilla single-numeraire liquidado. Multi-activo: agregar ledger por activo; neutralizar aportes y evitar duplicar gas. No hay ejecuciones acreditadas.
MEV-09-016,,SIN_EVIDENCIA,,,,,,,,,,,,,,,ADJUNTAR_SETTLEMENT_Y_LEDGER,Plantilla single-numeraire liquidado. Multi-activo: agregar ledger por activo; neutralizar aportes y evitar duplicar gas. No hay ejecuciones acreditadas.
MEV-09-017,,SIN_EVIDENCIA,,,,,,,,,,,,,,,ADJUNTAR_SETTLEMENT_Y_LEDGER,Plantilla single-numeraire liquidado. Multi-activo: agregar ledger por activo; neutralizar aportes y evitar duplicar gas. No hay ejecuciones acreditadas.
MEV-09-018,,SIN_EVIDENCIA,,,,,,,,,,,,,,,ADJUNTAR_SETTLEMENT_Y_LEDGER,Plantilla single-numeraire liquidado. Multi-activo: agregar ledger por activo; neutralizar aportes y evitar duplicar gas. No hay ejecuciones acreditadas.
MEV-09-019,,SIN_EVIDENCIA,,,,,,,,,,,,,,,ADJUNTAR_SETTLEMENT_Y_LEDGER,Plantilla single-numeraire liquidado. Multi-activo: agregar ledger por activo; neutralizar aportes y evitar duplicar gas. No hay ejecuciones acreditadas.
MEV-09-020,,SIN_EVIDENCIA,,,,,,,,,,,,,,,ADJUNTAR_SETTLEMENT_Y_LEDGER,Plantilla single-numeraire liquidado. Multi-activo: agregar ledger por activo; neutralizar aportes y evitar duplicar gas. No hay ejecuciones acreditadas.
MEV-10-001,,SIN_EVIDENCIA,,,,,,,,,,,,,,,ADJUNTAR_SETTLEMENT_Y_LEDGER,Plantilla single-numeraire liquidado. Multi-activo: agregar ledger por activo; neutralizar aportes y evitar duplicar gas. No hay ejecuciones acreditadas.
MEV-10-002,,SIN_EVIDENCIA,,,,,,,,,,,,,,,ADJUNTAR_SETTLEMENT_Y_LEDGER,Plantilla single-numeraire liquidado. Multi-activo: agregar ledger por activo; neutralizar aportes y evitar duplicar gas. No hay ejecuciones acreditadas.
MEV-10-003,,SIN_EVIDENCIA,,,,,,,,,,,,,,,ADJUNTAR_SETTLEMENT_Y_LEDGER,Plantilla single-numeraire liquidado. Multi-activo: agregar ledger por activo; neutralizar aportes y evitar duplicar gas. No hay ejecuciones acreditadas.
MEV-10-004,,SIN_EVIDENCIA,,,,,,,,,,,,,,,ADJUNTAR_SETTLEMENT_Y_LEDGER,Plantilla single-numeraire liquidado. Multi-activo: agregar ledger por activo; neutralizar aportes y evitar duplicar gas. No hay ejecuciones acreditadas.
MEV-10-005,,SIN_EVIDENCIA,,,,,,,,,,,,,,,ADJUNTAR_SETTLEMENT_Y_LEDGER,Plantilla single-numeraire liquidado. Multi-activo: agregar ledger por activo; neutralizar aportes y evitar duplicar gas. No hay ejecuciones acreditadas.
MEV-10-006,,SIN_EVIDENCIA,,,,,,,,,,,,,,,ADJUNTAR_SETTLEMENT_Y_LEDGER,Plantilla single-numeraire liquidado. Multi-activo: agregar ledger por activo; neutralizar aportes y evitar duplicar gas. No hay ejecuciones acreditadas.
MEV-10-007,,SIN_EVIDENCIA,,,,,,,,,,,,,,,ADJUNTAR_SETTLEMENT_Y_LEDGER,Plantilla single-numeraire liquidado. Multi-activo: agregar ledger por activo; neutralizar aportes y evitar duplicar gas. No hay ejecuciones acreditadas.
MEV-10-008,,SIN_EVIDENCIA,,,,,,,,,,,,,,,ADJUNTAR_SETTLEMENT_Y_LEDGER,Plantilla single-numeraire liquidado. Multi-activo: agregar ledger por activo; neutralizar aportes y evitar duplicar gas. No hay ejecuciones acreditadas.
MEV-10-009,,SIN_EVIDENCIA,,,,,,,,,,,,,,,ADJUNTAR_SETTLEMENT_Y_LEDGER,Plantilla single-numeraire liquidado. Multi-activo: agregar ledger por activo; neutralizar aportes y evitar duplicar gas. No hay ejecuciones acreditadas.
MEV-10-010,,SIN_EVIDENCIA,,,,,,,,,,,,,,,ADJUNTAR_SETTLEMENT_Y_LEDGER,Plantilla single-numeraire liquidado. Multi-activo: agregar ledger por activo; neutralizar aportes y evitar duplicar gas. No hay ejecuciones acreditadas.
MEV-10-011,,SIN_EVIDENCIA,,,,,,,,,,,,,,,ADJUNTAR_SETTLEMENT_Y_LEDGER,Plantilla single-numeraire liquidado. Multi-activo: agregar ledger por activo; neutralizar aportes y evitar duplicar gas. No hay ejecuciones acreditadas.
MEV-10-012,,SIN_EVIDENCIA,,,,,,,,,,,,,,,ADJUNTAR_SETTLEMENT_Y_LEDGER,Plantilla single-numeraire liquidado. Multi-activo: agregar ledger por activo; neutralizar aportes y evitar duplicar gas. No hay ejecuciones acreditadas.
MEV-10-013,,SIN_EVIDENCIA,,,,,,,,,,,,,,,ADJUNTAR_SETTLEMENT_Y_LEDGER,Plantilla single-numeraire liquidado. Multi-activo: agregar ledger por activo; neutralizar aportes y evitar duplicar gas. No hay ejecuciones acreditadas.
MEV-10-014,,SIN_EVIDENCIA,,,,,,,,,,,,,,,ADJUNTAR_SETTLEMENT_Y_LEDGER,Plantilla single-numeraire liquidado. Multi-activo: agregar ledger por activo; neutralizar aportes y evitar duplicar gas. No hay ejecuciones acreditadas.
MEV-10-015,,SIN_EVIDENCIA,,,,,,,,,,,,,,,ADJUNTAR_SETTLEMENT_Y_LEDGER,Plantilla single-numeraire liquidado. Multi-activo: agregar ledger por activo; neutralizar aportes y evitar duplicar gas. No hay ejecuciones acreditadas.
MEV-10-016,,SIN_EVIDENCIA,,,,,,,,,,,,,,,ADJUNTAR_SETTLEMENT_Y_LEDGER,Plantilla single-numeraire liquidado. Multi-activo: agregar ledger por activo; neutralizar aportes y evitar duplicar gas. No hay ejecuciones acreditadas.
MEV-10-017,,SIN_EVIDENCIA,,,,,,,,,,,,,,,ADJUNTAR_SETTLEMENT_Y_LEDGER,Plantilla single-numeraire liquidado. Multi-activo: agregar ledger por activo; neutralizar aportes y evitar duplicar gas. No hay ejecuciones acreditadas.
MEV-10-018,,SIN_EVIDENCIA,,,,,,,,,,,,,,,ADJUNTAR_SETTLEMENT_Y_LEDGER,Plantilla single-numeraire liquidado. Multi-activo: agregar ledger por activo; neutralizar aportes y evitar duplicar gas. No hay ejecuciones acreditadas.
MEV-11-001,,SIN_EVIDENCIA,,,,,,,,,,,,,,,ADJUNTAR_SETTLEMENT_Y_LEDGER,Plantilla single-numeraire liquidado. Multi-activo: agregar ledger por activo; neutralizar aportes y evitar duplicar gas. No hay ejecuciones acreditadas.
MEV-11-002,,SIN_EVIDENCIA,,,,,,,,,,,,,,,ADJUNTAR_SETTLEMENT_Y_LEDGER,Plantilla single-numeraire liquidado. Multi-activo: agregar ledger por activo; neutralizar aportes y evitar duplicar gas. No hay ejecuciones acreditadas.
MEV-11-003,,SIN_EVIDENCIA,,,,,,,,,,,,,,,ADJUNTAR_SETTLEMENT_Y_LEDGER,Plantilla single-numeraire liquidado. Multi-activo: agregar ledger por activo; neutralizar aportes y evitar duplicar gas. No hay ejecuciones acreditadas.
MEV-11-004,,SIN_EVIDENCIA,,,,,,,,,,,,,,,ADJUNTAR_SETTLEMENT_Y_LEDGER,Plantilla single-numeraire liquidado. Multi-activo: agregar ledger por activo; neutralizar aportes y evitar duplicar gas. No hay ejecuciones acreditadas.
MEV-11-005,,SIN_EVIDENCIA,,,,,,,,,,,,,,,ADJUNTAR_SETTLEMENT_Y_LEDGER,Plantilla single-numeraire liquidado. Multi-activo: agregar ledger por activo; neutralizar aportes y evitar duplicar gas. No hay ejecuciones acreditadas.
MEV-11-006,,SIN_EVIDENCIA,,,,,,,,,,,,,,,ADJUNTAR_SETTLEMENT_Y_LEDGER,Plantilla single-numeraire liquidado. Multi-activo: agregar ledger por activo; neutralizar aportes y evitar duplicar gas. No hay ejecuciones acreditadas.
MEV-11-007,,SIN_EVIDENCIA,,,,,,,,,,,,,,,ADJUNTAR_SETTLEMENT_Y_LEDGER,Plantilla single-numeraire liquidado. Multi-activo: agregar ledger por activo; neutralizar aportes y evitar duplicar gas. No hay ejecuciones acreditadas.
MEV-11-008,,SIN_EVIDENCIA,,,,,,,,,,,,,,,ADJUNTAR_SETTLEMENT_Y_LEDGER,Plantilla single-numeraire liquidado. Multi-activo: agregar ledger por activo; neutralizar aportes y evitar duplicar gas. No hay ejecuciones acreditadas.
MEV-11-009,,SIN_EVIDENCIA,,,,,,,,,,,,,,,ADJUNTAR_SETTLEMENT_Y_LEDGER,Plantilla single-numeraire liquidado. Multi-activo: agregar ledger por activo; neutralizar aportes y evitar duplicar gas. No hay ejecuciones acreditadas.
MEV-11-010,,SIN_EVIDENCIA,,,,,,,,,,,,,,,ADJUNTAR_SETTLEMENT_Y_LEDGER,Plantilla single-numeraire liquidado. Multi-activo: agregar ledger por activo; neutralizar aportes y evitar duplicar gas. No hay ejecuciones acreditadas.
MEV-11-011,,SIN_EVIDENCIA,,,,,,,,,,,,,,,ADJUNTAR_SETTLEMENT_Y_LEDGER,Plantilla single-numeraire liquidado. Multi-activo: agregar ledger por activo; neutralizar aportes y evitar duplicar gas. No hay ejecuciones acreditadas.
MEV-11-012,,SIN_EVIDENCIA,,,,,,,,,,,,,,,ADJUNTAR_SETTLEMENT_Y_LEDGER,Plantilla single-numeraire liquidado. Multi-activo: agregar ledger por activo; neutralizar aportes y evitar duplicar gas. No hay ejecuciones acreditadas.
