CICLO | desarrollo continuo y operación verificable,,,,,,,
Sin aprobación de grupo ni historial rentable como condición circular de arranque. Las restricciones técnicas se resuelven con tareas y evidencia.,,,,,,,
Paso,Entrada,Requerimiento_verificable,Entregable,Accion_al_encontrar_brecha,Nota,,
ESPECIFICAR,Detector + operación monetizable,"Bindings, interfaces y flujo de cobro identificados",Spec + config hash,COMPLETAR_ESPECIFICACION,No supone que OBSERVE_ONLY sea directamente ejecutable.,,
CONECTAR,Adapters y fuentes,Estado y unidades coherentes; no placeholders en data observada,Snapshot + adapter version,CORREGIR_CONEXION,Un endpoint descrito no es un endpoint probado.,,
COTIZAR,Candidato y tamaño,Quote exacto y costes por activo/owner,Quote ID + coste desglosado,RECOTIZAR,Cerrar ciclos sólo donde aplique; posiciones pueden requerir horizonte.,,
OPTIMIZAR,Grid de tamaños / venues,Mejor candidato factible y brecha al objetivo,Sizing grid + PnL firmado,BUSCAR_OTRO_CANDIDATO,No aumentar slippage para aparentar rentabilidad.,,
PROBAR,Suite por estrategia,"Casos positivos, borde y pérdida; invariants de dominio",CI + fixtures,CORREGIR_IMPLEMENTACION,Ni el Sharpe ni una aprobación manual sustituyen pruebas.,,
SIMULAR,Payload íntegro,"Repayment, mínimos y delta neto consistentes con el snapshot",Sim ID + trace,RESOLVER_REVERT,"Para no atómicos, modelar fallos parciales e inventario por dominio.",,
DESPLEGAR,Código e interfaces verificadas,Primer envío acotado con límites de coste e idempotencia,Config + deployment + payload hash,CORREGIR_CONFIGURACION,No exige 20 trades rentables previos; límites técnicos siguen presentes.,,
EJECUTAR,Payload versionado y medios externos,Conectar signer fuera de Excel; precio vigente; mínimos en contrato,Receipt / order-fill IDs,REINTENTAR_SOLO_TRAS_RECOTIZAR,"El Excel no firma, transmite ni garantiza inclusión.",,
RECONCILIAR,Receipt/fills + balances,Costes únicos y aportes neutralizados; neto firmado,Recon ledger,INVESTIGAR_DELTA,Registrar ganancias y pérdidas; no convertir reservas en gasto ficticio.,,
APRENDER,Series observadas,"Calibrar probabilidades, costes y modelo de edge; versión de parámetros",Calibration report,RECALIBRAR,Alpha es diagnóstico de priorización; no veto arbitrario al desarrollo.,,
