DETECTOR FAMILIES — 60 FAMILIAS MATEMÁTICAS / DE EJECUCIÓN,,,,,,,,,,,
Detector ID,Nombre,Clase ejecución,Ecuación / criterio,Operadores primarios,Operadores secundarios,Datos requeridos,Frontend config,Fuente 1,Fuente 2,Fuente 3,Nº estrategias
CF_BATCH,Batch/auction-managed AMM,DETERMINISTIC_SETTLEMENT,"Solve clearing allocation/price maximizing feasible surplus subject to pool invariant, order limits and conservation; compare settlement value after costs.",op_19 Simplex; op_24 Nash; op_29 Shapley,op_20 Gradient Descent; op_22 Monte Carlo; op_23 Queueing,Batch orders; pool state; clearing constraints; fee model; auction deadline.,min_surplus_usd; max_auction_age_ms; solver timeout; min_price_improvement_bps.,https://docs.cow.fi/,,,2
CF_BOND,Bonding-curve AMM,DETERMINISTIC_EXECUTABLE,"For supply q and cost function C(q), marginal price p(q)=dC/dq; exact acquisition/redeem cost is integral/difference C(q+Δ)-C(q). Compare against executable external value.",op_21 Newton-Raphson; op_15 Golden Section; op_20 Gradient Descent,op_13 Regression; op_22 Monte Carlo,Current supply/state; bonding curve parameters; mint/redeem fees; external executable quote.,max_curve_fraction; min_profit_usd; max_price_impact_pct.,https://arxiv.org/abs/2107.12484,,,1
CF_CLAMM,Concentrated-liquidity AMM,DETERMINISTIC_EXECUTABLE,"Piecewise quote across initialized ticks using sqrtPrice, active liquidity L and fee tier; route Q_R(x) must traverse ticks exactly or use protocol quoter.",op_21 Newton-Raphson; op_15 Golden Section; op_27 Path Ordering,op_10 Welford; op_16 Kelly; op_22 Monte Carlo; op_30 GNN Encoder,sqrtPriceX96; active liquidity; initialized ticks/tick bitmap; fee tier; decimals; QuoterV2 or exact local tick traversal.,max_ticks_crossed; max_quote_age_blocks; min_profit_usd; max_slippage_pct; max_price_impact_pct.,https://developers.uniswap.org/docs/get-started/concepts/liquidity-providers/concentrated-liquidity,https://arxiv.org/abs/2302.04938,,1
CF_CONSTANT_SUM,Constant-sum AMM,DETERMINISTIC_EXECUTABLE,"x+y=k inside the valid inventory region; quote is locally constant-price until a reserve boundary, then infeasible. Detect cross-venue executable deviation net of fees.",op_19 Simplex; op_21 Newton-Raphson; op_15 Golden Section,op_22 Monte Carlo,Reserves; invariant bounds; fees; exact competing route.,min_profit_usd; reserve safety floor; max trade fraction.,https://docs.curve.finance/assets/pdf/whitepaper_stableswap.pdf,,,1
CF_CPMM,Constant-product AMM,DETERMINISTIC_EXECUTABLE,"For reserves (x,y), k=x·y. Exact-in quote with fee γ: Δy = y·(γΔx)/(x+γΔx). Route profit uses exact composition, not spot reserve ratio.",op_21 Newton-Raphson; op_15 Golden Section; op_27 Path Ordering,op_16 Kelly; op_22 Monte Carlo; op_26 Flash Loan,Reserves; token ordering/decimals; pool fee; exact route legs; gas.,min_profit_usd; probe/simulation capital; max_slippage_pct; max_price_impact_pct; reserve freshness.,https://arxiv.org/abs/2107.12484,https://arxiv.org/abs/2204.05238,,1
CF_CROSSINV,Cross-invariant routing,DETERMINISTIC_EXECUTABLE,Compose protocol-correct quote adapters across heterogeneous invariants. No common spot formula; opportunity iff exact closed-route net profit >0.,op_27 Path Ordering; op_21 Newton-Raphson; op_15 Golden Section,op_19 Simplex; op_22 Monte Carlo; op_30 GNN Encoder,Per-leg protocol adapter/state; exact route; same-block snapshot; gas.,allowed_protocol_mix; min_profit_usd; max_legs; quote/simulation timeout.,https://arxiv.org/abs/2302.04938,https://arxiv.org/abs/2107.12484,,1
CF_DYNAMIC,Dynamic parameter / hybrid AMM,DETERMINISTIC_IF_ADAPTER,"Q(x;θ(S_t)) with θ read from current contract state (weights, fees, peg, oracle or hybrid book). Reconstruct exact current invariant before comparing routes.",op_08 Kalman; op_10 Welford; op_21 Newton-Raphson; op_15 Golden Section,op_13 Regression; op_22 Monte Carlo,Protocol-specific dynamic parameters; state snapshot; exact adapter; fees; oracle where protocol requires.,max_state_age_blocks; min_profit_usd; max_dynamic_fee_bps; max_slippage_pct.,https://arxiv.org/abs/2107.12484,,,4
CF_LB,Liquidity Book / bin AMM,DETERMINISTIC_EXECUTABLE,"Traverse discrete price bins; each bin uses constant-sum behavior at fixed bin price, with fixed+variable fee. Aggregate fills across bins until amount is satisfied.",op_27 Path Ordering; op_21 Newton-Raphson; op_15 Golden Section,op_10 Welford; op_22 Monte Carlo,Active bin; bin step; per-bin reserves/liquidity; variable fee state; exact bin traversal.,max_bins_crossed; max_variable_fee_bps; min_profit_usd; max_quote_age_blocks.,https://docs.lfj.gg/concepts/bin-liquidity,,,1
CF_PMM,Proactive Market Maker,DETERMINISTIC_WITH_ORACLE,Use protocol PMM inventory-aware curve around oracle/reference price; quote exact buy/sell branch and compare executable round-trip net of fees.,op_21 Newton-Raphson; op_15 Golden Section; op_08 Kalman,op_13 Regression; op_22 Monte Carlo,PMM state/inventory; oracle/reference price; k/curve parameters; fees; exact protocol version.,max_oracle_age; min_profit_usd; inventory deviation cap; max_price_impact_pct.,https://docs.dodoex.io/en/product/pmm-algorithm,,,1
CF_STABLESWAP,Curve StableSwap invariant,DETERMINISTIC_EXECUTABLE,Use protocol StableSwap invariant D/A and solve post-trade y (Newton iteration as protocol does); compose exact dy across legs and optimize net route profit.,op_21 Newton-Raphson; op_15 Golden Section; op_27 Path Ordering,op_16 Kelly; op_22 Monte Carlo,All pool balances; amplification A; fees/admin fees; token rates/decimals; exact invariant version.,min_profit_usd; max_iterations; numerical_tolerance; max_slippage_pct; same-block state.,https://docs.curve.finance/assets/pdf/whitepaper_stableswap.pdf,,,1
CF_TWAMM,TWAMM post-virtual-order state,DETERMINISTIC_POST_STATE,"Advance virtual long-term orders to target block/time, derive post-state reserves, then run exact quote/round-trip on that state.",op_05 PDMP / jump process; op_21 Newton-Raphson; op_27 Path Ordering,op_08 Kalman; op_22 Monte Carlo,Long-term order state; last virtual execution time; reserves; block timestamp; fees.,max_state_age_blocks; min_profit_usd; event horizon.,https://arxiv.org/abs/2204.05238,,,1
CF_VAMM,Virtual AMM / derivative curve,DETERMINISTIC_WITH_DERIVATIVE_STATE,"Use virtual reserves/invariant plus index/mark/funding rules; opportunity is hedged net basis, not raw virtual reserve spread.",op_13 Regression; op_08 Kalman; op_21 Newton-Raphson,op_10 Welford; op_22 Monte Carlo,Virtual reserves; mark/index/oracle; funding; position constraints; fees.,max_basis_bps; max_oracle_age; min_profit_usd; hedge requirement.,https://arxiv.org/abs/2204.05238,,,1
CF_WEIGHTED,Weighted geometric-mean AMM,DETERMINISTIC_EXECUTABLE,Balancer invariant V=Π_i B_i^{W_i}; derive exact outGivenIn from balances/weights/fees and evaluate route net profit.,op_21 Newton-Raphson; op_15 Golden Section; op_19 Simplex,op_16 Kelly; op_22 Monte Carlo,Balances; normalized weights; swap fee; token scaling factors; exact pool type/version.,min_profit_usd; max_in_ratio; max_out_ratio; max_price_impact_pct.,https://docs.balancer.fi/whitepaper.pdf,,,1
C_CEXDERIV,CEX derivative vs DEX spot basis,EXTERNAL_DATA_REQUIRED,Hedged net basis/funding: Π=DerivativeLeg+SpotLeg+expected_funding-carry-fees-slippage-settlement risk.,op_13 Regression; op_08 Kalman; op_23 Queueing; op_21 Newton-Raphson,op_10 Welford; op_11 Bayes; op_22 Monte Carlo; op_16 Kelly,CEX derivative book; mark/index/funding; DEX exact spot quote; margin/inventory; fees.,max_basis_bps; funding_horizon_hours; max_latency_ms; min_depth_usd; min_profit_usd.,https://www.cfainstitute.org/insights/professional-learning/refresher-readings/2026/option-replication-using-put-call-parity,,,2
C_CEXDEX,CEX/DEX executable VWAP arbitrage,EXTERNAL_DATA_REQUIRED,"Π(q)=CEX_bid_VWAP(q)-DEX_buy_exact(q)-CEX/DEX fees-transfer/hedge costs, or reverse direction. Require firm depth and settlement/inventory model.",op_08 Kalman; op_10 Welford; op_23 Queueing; op_21 Newton-Raphson,op_11 Bayes; op_13 Regression; op_16 Kelly; op_22 Monte Carlo,CEX L2/orderbook or firm quotes; DEX exact route quote; fees; inventory; latency; transfer/hedge model.,max_cex_quote_age_ms; min_cex_depth_usd; max_latency_ms; inventory_mode; fee schedule; min_profit_usd.,https://arxiv.org/abs/2302.04938,,,10
D_BASIS,Spot/future/perpetual basis no-arbitrage,DERIVATIVE_DATA_REQUIRED,"Compare derivative price to carry-adjusted spot/forward replication; for perp include expected funding. Opportunity is hedged net convergence after margin, fees and funding.",op_13 Regression; op_08 Kalman; op_21 Newton-Raphson,op_10 Welford; op_16 Kelly; op_22 Monte Carlo; op_23 Queueing,Spot and derivative firm books; mark/index; rates/carry; funding; expiry; fees; margin.,max_basis_bps; funding_horizon_hours; max_margin_utilization_pct; min_profit_usd.,https://www.cfainstitute.org/insights/professional-learning/refresher-readings/2026/option-replication-using-put-call-parity,,,13
D_FUNDING,Funding-rate carry arbitrage,DERIVATIVE_DATA_REQUIRED,Expected net over horizon H: funding receipts - spot/perp basis convergence risk - borrow/carry - fees - slippage. Require hedgeable books.,op_13 Regression; op_08 Kalman; op_10 Welford,op_11 Bayes; op_16 Kelly; op_22 Monte Carlo; op_23 Queueing,Funding schedule/rate; perp and spot books; borrow rate; margin; horizon.,funding_horizon_hours; min_annualized_edge_bps; max_basis_bps; min_profit_usd.,https://www.cfainstitute.org/insights/professional-learning/refresher-readings/2026/option-replication-using-put-call-parity,,,2
D_OPTIONS_PARITY,Options static no-arbitrage parity,DERIVATIVE_DATA_REQUIRED,European no-income core: C-P = S-PV(K). Conversion/reversal/box compare executable legs with same strike/expiry and financing/dividend adjustments.,op_13 Regression; op_21 Newton-Raphson; op_19 Simplex,op_08 Kalman; op_11 Bayes; op_22 Monte Carlo,Option bid/ask by strike/expiry; spot/forward; rate/dividend/carry; contract multiplier; fees.,max_quote_age_ms; min_parity_edge_usd; min_open_interest/depth; min_profit_usd.,https://www.cfainstitute.org/insights/professional-learning/refresher-readings/2026/option-replication-using-put-call-parity,,,4
D_OPTIONS_SURFACE,Options surface static-arbitrage constraints,DERIVATIVE_DATA_REQUIRED,Enforce strike monotonicity/convexity and calendar consistency on executable bid/asks; e.g. equally spaced K: C(K1)-2C(K2)+C(K3)≥0. Trade violating butterfly/calendar only if all legs executable.,op_13 Regression; op_08 Kalman; op_19 Simplex,op_11 Bayes; op_14 KL divergence; op_22 Monte Carlo,Full option surface bid/ask; strikes; expiries; spot/forward; rates; depth.,min_surface_violation_usd; max_quote_age_ms; min_depth; max_legs; min_profit_usd.,https://www.cfainstitute.org/insights/professional-learning/refresher-readings/2026/pricing-valuation-options,,,6
D_SETTLE,Derivative settlement / expiry / liquidation convergence,DERIVATIVE_DATA_REQUIRED,Compute deterministic payoff/settlement value under venue rules and compare with executable acquisition/hedge/unwind cost; include liquidation penalty and expiry timing.,op_08 Kalman; op_21 Newton-Raphson; op_23 Queueing,op_11 Bayes; op_13 Regression; op_22 Monte Carlo,Contract payoff; mark/index/settlement oracle; expiry; position/margin state; executable hedge.,max_settlement_delay_sec; max_oracle_age_sec; min_profit_usd; min_margin_buffer.,https://www.cfainstitute.org/insights/professional-learning/refresher-readings/2026/valuing-derivative-one-period-binomial-model,,,5
E_AUCTION,Auction clearing / decay opportunity,DETERMINISTIC_AUCTION,"Π(q,t)=FairExecutableValue(q)-AuctionPurchaseCost(q,t)-UnwindCost(q)-Gas; solve feasible q and timing under auction rules.",op_19 Simplex; op_21 Newton-Raphson; op_23 Queueing; op_24 Nash,op_08 Kalman; op_22 Monte Carlo,Auction price/curve; remaining lot; deadline; collateral/external value; unwind liquidity.,min_discount_bps; max_auction_age_ms; max_position_usd; min_profit_usd.,https://docs.cow.fi/,,,2
E_LATENCY,Latency / stale-state discrepancy,LATENCY_SENSITIVE,Trigger z=(p_fast-p_slow)/σ only identifies divergence; opportunity requires a firm executable quote/route and Π_net>0 before stale side updates.,op_08 Kalman; op_10 Welford; op_23 Queueing; op_11 Bayes,op_13 Regression; op_22 Monte Carlo; op_16 Kelly,Independent timestamps; fast/slow quotes; volatility estimate; execution latency; firm liquidity.,max_quote_age_ms; min_zscore; max_end_to_end_latency_ms; min_profit_usd.,https://arxiv.org/abs/2302.04938,,,6
E_ORACLE,Oracle/OEV state transition,DETERMINISTIC_POST_ORACLE,Recompute protocol state under confirmed oracle update O_t→O_{t+1}; evaluate resulting executable liquidation/repricing routes. Oracle delta alone is not profit.,op_08 Kalman; op_11 Bayes; op_21 Newton-Raphson; op_25 Bundle Recon,op_05 PDMP / jump process; op_10 Welford; op_22 Monte Carlo,Oracle round/update; protocol state; affected positions/pools; post-update quotes; oracle freshness.,max_oracle_age_sec; min_deviation_bps; min_profit_usd; confirmed_update_only.,https://aave.com/help/borrowing/liquidations,,,2
E_POST,Deterministic post-event / backrun repricing,DETERMINISTIC_POST_STATE,"Apply confirmed/public event transition S'=T_e(S), quote all affected routes on S', then Π_R(x;S')=Q_R(x;S')-x-C_R(x). Never infer profit from event size alone.",op_05 PDMP / jump process; op_25 Bundle Recon; op_27 Path Ordering; op_21 Newton-Raphson,op_08 Kalman; op_10 Welford; op_11 Bayes; op_22 Monte Carlo,Event/receipt/log; pre/post state or deterministic transition; affected pools/routes; exact quote adapters; gas.,max_event_age_blocks; min_profit_usd; post_state_confirmation; private route preference.,https://arxiv.org/abs/2204.05238,,,6
E_STATE,Protocol state-transition arbitrage,DETERMINISTIC_POST_STATE,"Given deterministic transition e, compute S'=T_e(S); revalue all claims/routes V(S') and compare executable acquisition/unwind cost. Emit only if transition is known and settlement executable.",op_05 PDMP / jump process; op_08 Kalman; op_21 Newton-Raphson,op_11 Bayes; op_13 Regression; op_22 Monte Carlo,Protocol event/state variables; before/after block state; affected claims/pools; redemption/execution path.,event allowlist; max_state_age_blocks; min_profit_usd; settlement timeout.,https://arxiv.org/abs/2107.12484,,,15
I_BATCH,Batch/combinatorial intent matching,DETERMINISTIC_SETTLEMENT,"Find feasible matching/clearing maximizing total surplus across orders plus external liquidity, subject to conservation and individual limit-price constraints.",op_19 Simplex; op_29 Shapley; op_24 Nash,op_20 Gradient Descent; op_27 Path Ordering; op_22 Monte Carlo,Batch intents; limit prices; token graph; external quotes; settlement constraints.,batch_size_cap; solver_timeout_ms; min_surplus_usd; min_matched_volume_usd.,https://docs.cow.fi/,,,4
I_DUTCH,Dutch auction decay,DETERMINISTIC_AUCTION,"Given auction price P(t), execute when external executable value V(t)-P(t)-costs is maximized subject to deadline/competition and min surplus.",op_23 Queueing; op_21 Newton-Raphson; op_24 Nash,op_08 Kalman; op_11 Bayes; op_22 Monte Carlo,Auction start/end price/time; current timestamp; firm external quote; competition/latency.,min_discount_bps; max_wait_ms; min_profit_usd; competition buffer.,https://docs.cow.fi/,,,1
I_ORDERFLOW,Authorized/private order-flow strategy,AUTHORIZED_FLOW_ONLY,Only evaluate flows explicitly available to this searcher; price the authorized order/bundle against alternative settlement and costs. No inference of privileged/private data.,op_25 Bundle Recon; op_27 Path Ordering; op_24 Nash,op_11 Bayes; op_22 Monte Carlo; op_23 Queueing,Explicitly authorized/private order feed; bundle contents; settlement rules; route quotes.,allowed_orderflow_sources; min_surplus_usd; max_bundle_age_ms; private_route_required.,https://docs.cow.fi/,,,4
I_ROUTE,Intent/solver optimal settlement,DETERMINISTIC_SETTLEMENT,"maximize user/solver executable surplus under limit prices, token conservation, balances and settlement constraints; compare AMM/CLOB/RFQ routes.",op_19 Simplex; op_27 Path Ordering; op_29 Shapley,op_20 Gradient Descent; op_22 Monte Carlo; op_24 Nash; op_23 Queueing,Intent/order constraints; balances/approvals; external liquidity; gas; valid-to; settlement contract.,min_surplus_usd; min_price_improvement_bps; max_solver_latency_ms; max_auction_age_ms.,https://docs.cow.fi/,,,9
L_AUCTION,Credit / bad-debt auction,DETERMINISTIC_AUCTION,"Π(q,t)=ConservativeCollateralValue(q)-AuctionCost(q,t)-UnwindCost(q)-Gas-capital risk; solve lot size and timing under exact auction rules.",op_19 Simplex; op_21 Newton-Raphson; op_23 Queueing,op_08 Kalman; op_11 Bayes; op_22 Monte Carlo,Auction lot/price curve; collateral; protocol debt; deadline; market liquidity.,min_discount_bps; max_auction_age_sec; max_position_usd; min_profit_usd.,https://aave.com/help/borrowing/liquidations,,,4
L_COLLATERAL,Collateral/debt/wrapper parity,DETERMINISTIC_IF_REDEEMABLE,"Value debt/collateral claims in common numeraire using protocol conversion/redemption, then compare executable acquisition/repayment paths net of costs.",op_13 Regression; op_08 Kalman; op_21 Newton-Raphson,op_11 Bayes; op_22 Monte Carlo,Collateral/debt token exchange rates; protocol oracle; repayment/redemption functions; market quotes.,max_oracle_age_sec; min_parity_deviation_bps; min_profit_usd.,https://aave.com/help/borrowing/liquidations,,,5
L_LIQ,Lending liquidation,DETERMINISTIC_LIQUIDATION,Eligibility via protocol health metric (Aave: HF=(collateral value×weighted liquidation threshold)/borrow value; liquidation when HF<1). Π=seized collateral executable value-debt repaid-gas-flash/unwind costs.,op_21 Newton-Raphson; op_08 Kalman; op_26 Flash Loan; op_16 Kelly,op_11 Bayes; op_13 Regression; op_22 Monte Carlo; op_23 Queueing,Account collateral/debt; liquidation thresholds/bonuses; oracle prices; close factor; firm unwind route; gas/flash fee.,max_health_factor; min_liquidation_bonus_bps; max_oracle_age_sec; min_profit_usd; max_position_usd.,https://aave.com/help/borrowing/liquidations,,,7
L_LOOP,Recursive leverage-loop carry,DETERMINISTIC_POSITION_STRATEGY,Optimize leverage n / LTV to maximize net APY or finite-horizon P&L subject to health-factor/risk buffer and borrow/supply rate feedback.,op_17 Pontryagin; op_20 Gradient Descent; op_21 Newton-Raphson,op_13 Regression; op_16 Kelly; op_22 Monte Carlo,LTV/liquidation threshold; supply/borrow rates; collateral factor; loop fees; gas.,max_loops; target_ltv_pct; min_health_factor; min_net_apy_bps; capital cap.,https://aave.com/help/borrowing/liquidations,,,1
L_RATE,Lending/borrow carry spread,DETERMINISTIC_IF_POSITIONS,Net carry over horizon H = earned supply/yield - borrow cost - protocol fees - hedge/transaction costs - capital/risk charge.,op_13 Regression; op_08 Kalman; op_21 Newton-Raphson,op_10 Welford; op_11 Bayes; op_16 Kelly; op_22 Monte Carlo,Supply/borrow indices and rates; utilization; collateral/margin requirements; fees; market hedge.,horizon_hours; min_net_apy_bps; max_utilization_pct; min_profit_usd.,https://aave.com/help/borrowing/liquidations,,,8
M_AMM,Prediction AMM vs order-book,DETERMINISTIC_IF_MATCHED_CLAIM,"Quote conditional-token AMM exactly and compare with firm outcome order-book quotes for identical payout claim; net of split/merge, fees and settlement.",op_21 Newton-Raphson; op_08 Kalman; op_19 Simplex,op_11 Bayes; op_22 Monte Carlo,Prediction AMM invariant; outcome IDs; firm order book; complete-set mechanics; resolution source.,max_quote_age_ms; min_depth_usd; min_profit_usd; resolution_source_allowlist.,https://conditional-tokens.readthedocs.io/en/latest/developer-guide.html,,,1
M_COMPLETE,Prediction complete-set arbitrage,DETERMINISTIC_IF_COMPLETE_SET,"For exhaustive mutually exclusive outcomes backed by 1 collateral unit: buy all if Σ asks_i + fees < 1; mint/sell all if Σ bids_i - fees > 1, respecting split/merge/redeem mechanics.",op_19 Simplex; op_21 Newton-Raphson; op_11 Bayes,op_08 Kalman; op_14 KL divergence; op_22 Monte Carlo,Outcome partition; collateral denomination; firm bid/ask per outcome; split/merge/redeem availability; fees.,min_complete_set_edge_bps; max_quote_age_ms; min_depth_usd; min_profit_usd.,https://conditional-tokens.readthedocs.io/en/latest/developer-guide.html,,,3
M_CROSS,Cross-platform prediction-market parity,EXTERNAL_DATA_REQUIRED,"Normalize markets only if they reference the same event, resolution source and payout semantics; then compute firm cross-venue spread after fees/capital lockup.",op_08 Kalman; op_11 Bayes; op_13 Regression,op_14 KL divergence; op_22 Monte Carlo; op_23 Queueing,Canonical event identity; resolution rules; outcome mapping; firm books; fees; settlement horizon.,resolution_source_allowlist; max_settlement_days; min_probability_gap_bps; min_profit_usd.,https://conditional-tokens.readthedocs.io/en/latest/developer-guide.html,,,1
M_LOGIC,Logical/payoff constraint arbitrage,DETERMINISTIC_IF_PAYOFF_MODEL,"Represent outcome payoffs as linear constraints; solve LP for a portfolio with non-negative state payoff and negative acquisition cost (after fees), or detect violated logical probability bounds.",op_19 Simplex; op_11 Bayes; op_14 KL divergence,op_13 Regression; op_22 Monte Carlo,Outcome payoff matrix; logical relation/event mapping; firm quotes; resolution rules.,min_guaranteed_edge_usd; max_portfolio_legs; resolution_source_allowlist.,https://conditional-tokens.readthedocs.io/en/latest/developer-guide.html,,,4
N_AMM,NFT AMM / marketplace convergence,DETERMINISTIC_IF_FIRM_EXIT,"Use exact NFT AMM bonding curve quote for acquisition/unwind and compare against firm marketplace bid/ask for same eligible asset/collection, net of royalties/fees.",op_21 Newton-Raphson; op_15 Golden Section; op_08 Kalman,op_10 Welford; op_22 Monte Carlo,NFT AMM curve/state; eligible token set; marketplace firm quotes; royalties; fees.,max_curve_impact_pct; max_listing_age_sec; min_profit_usd.,https://arxiv.org/abs/2107.12484,,,2
N_FLOOR,NFT floor/relative-value signal,SIGNAL_UNLESS_FIRM_EXIT,Floor/trait deviation is only a signal. Emit only when a firm buyer/bid or deterministic redemption converts it into Π_net>0; otherwise observe-only.,op_08 Kalman; op_10 Welford; op_11 Bayes,op_13 Regression; op_22 Monte Carlo,Listings; trait metadata; firm bids; sale history; royalty/fees; redemption if applicable.,max_floor_age_sec; min_floor_discount_bps; require_firm_exit_bid; min_bid_depth.,https://arxiv.org/abs/2204.05238,,,5
N_IDENTICAL,NFT identical-asset cross-market spread,DETERMINISTIC_IF_FIRM_BID,"For identical tokenId/asset, Π=firm exit bid proceeds-acquisition ask-royalty-marketplace/gas costs; no floor proxy allowed for the exit leg.",op_08 Kalman; op_10 Welford; op_21 Newton-Raphson,op_11 Bayes; op_22 Monte Carlo; op_23 Queueing,TokenId identity; executable listing/ask and bid; royalties; marketplace fees; ownership/approval state.,max_listing_age_sec; require_firm_exit_bid=true; max_royalty_bps; min_profit_usd.,https://arxiv.org/abs/2204.05238,,,6
N_LIQ,NFT-backed loan liquidation,DETERMINISTIC_IF_FIRM_BID,Eligibility from lending protocol; Π=conservative firm-bid value of seized NFT-debt repayment-liquidation/gas/unwind costs. Floor alone cannot be profit.,op_08 Kalman; op_11 Bayes; op_21 Newton-Raphson,op_22 Monte Carlo; op_23 Queueing; op_16 Kelly,Loan state; liquidation rules; oracle/appraisal; firm NFT bid/liquidity; gas.,max_appraisal_age_sec; min_liquidation_discount_bps; require_firm_exit_bid; min_profit_usd.,https://aave.com/help/borrowing/liquidations,,,1
N_REDEEM,NFT fractional/bundle redemption NAV,DETERMINISTIC_IF_REDEEMABLE,Π=deterministic redeem/unbundle value-acquisition cost-component unwind costs; inverse path for mint/bundle-and-sell if contract permits.,op_19 Simplex; op_21 Newton-Raphson; op_13 Regression,op_08 Kalman; op_11 Bayes; op_22 Monte Carlo,Fractionalization/redemption contract; bundle composition; firm component bids; fees.,min_nav_discount_bps; max_component_count; min_profit_usd.,https://arxiv.org/abs/2107.12484,,,4
OBSERVE,Observe-only / non-deterministic or non-authorized,OBSERVE_ONLY,"No is_opportunity=true. Emit structured evidence only until a lawful, deterministic, executable settlement path and required public/authorized data are present.",op_10 Welford; op_11 Bayes,op_22 Monte Carlo,"Telemetry/evidence only; no fabricated private flow, reorg certainty, future resolution or unavailable external data.",telemetry_enabled; alert_threshold; evidence_retention.,https://arxiv.org/abs/2204.05238,,,8
P_4626,ERC-4626 share/asset parity,DETERMINISTIC_IF_REDEEMABLE,Use preview/convertToAssets and convertToShares plus actual deposit/redeem limits/fees; compare executable share market price to redeemable asset value.,op_21 Newton-Raphson; op_13 Regression; op_08 Kalman,op_15 Golden Section; op_22 Monte Carlo,convertToAssets/Shares; previewDeposit/Redeem; maxDeposit/Redeem; vault totalAssets; share/asset market quotes.,min_share_discount_bps; max_vault_fee_bps; max_redeem_delay; min_profit_usd.,https://eips.ethereum.org/EIPS/eip-4626,,,3
P_LST,LST/LRT redemption and market parity,SETTLEMENT_DELAY_SENSITIVE,"Π=RedemptionValue(exchange_rate,t)-MarketAcquisitionCost-queue/carry/fees; cross-LST uses a common underlying redemption unit.",op_13 Regression; op_08 Kalman; op_21 Newton-Raphson,op_23 Queueing; op_11 Bayes; op_22 Monte Carlo,Protocol exchange/redemption rate; withdrawal queue/delay; underlying price; firm LST quotes.,max_redemption_delay_sec; annual_carry_pct; min_discount_bps; min_profit_usd.,https://eips.ethereum.org/EIPS/eip-4626,,,4
P_NAV,Tokenized basket / NAV parity,DETERMINISTIC_IF_REDEEMABLE,"NAV from exact redeemable components; Π=RedeemValue(token)-MarketCost(token)-unwind/fees, or inverse mint-and-sell path.",op_13 Regression; op_19 Simplex; op_21 Newton-Raphson,op_08 Kalman; op_11 Bayes; op_22 Monte Carlo,Component weights/holdings; redemption/mint rules; firm component quotes; fees.,min_nav_deviation_bps; max_component_slippage_pct; min_profit_usd.,https://arxiv.org/abs/2107.12484,,,5
P_PEG,Mint/redeem peg parity,DETERMINISTIC_IF_REDEEMABLE,"Compare executable market price with protocol mint/redeem conversion after fees and caps: Π=max(RedeemValue-MarketBuyCost, MarketSellProceeds-MintCost)-costs.",op_08 Kalman; op_21 Newton-Raphson; op_15 Golden Section,op_13 Regression; op_11 Bayes; op_22 Monte Carlo,Mint/redeem functions/rates; market quotes; fees/caps; oracle if protocol uses one.,min_parity_deviation_bps; max_redemption_delay_sec; max_fee_bps; min_profit_usd.,https://arxiv.org/abs/2107.12484,,,7
P_PTYT,PT/YT no-arbitrage parity,DETERMINISTIC_IF_REDEEMABLE,"Core parity: P_PT+P_YT≈P_underlying (same accounting asset, same maturity). Also implied APY from PT/YT exchange rate; evaluate mint/redeem + market legs net of fees.",op_13 Regression; op_21 Newton-Raphson; op_15 Golden Section,op_08 Kalman; op_16 Kelly; op_22 Monte Carlo,PT/YT/SY exchange rates; expiry; mint/redeem path; firm PT/YT quotes; underlying APY.,min_parity_deviation_bps; days_to_expiry floor; max_slippage_pct; min_profit_usd.,https://docs.pendle.finance/pendle-academy/cheatsheet-for-the-impatient/pt-yt-lp-cheatsheet,https://docs.pendle.finance/pendle-v2/ProtocolMechanics/Glossary,,3
P_WRAP,Wrapper / representation parity,DETERMINISTIC_IF_CONVERTIBLE,"Compare exact wrap→sell and buy→unwrap paths against wrapper conversion ratio, fees and delay. Opportunity iff closed economic value >0.",op_21 Newton-Raphson; op_08 Kalman; op_13 Regression,op_15 Golden Section; op_22 Monte Carlo,wrap/unwrap conversion; exchange rate; fees; underlying and wrapper firm quotes; bridge state if bridged.,max_conversion_delay_sec; max_fee_bps; min_profit_usd; representation allowlist.,https://eips.ethereum.org/EIPS/eip-4626,,,5
P_YIELD,Yield-curve / maturity inconsistency,DETERMINISTIC_IF_SETTLEABLE,"Convert each claim to discount factor / implied yield for common underlying and maturity basis; detect executable curve violations after carry, fees and settlement delay.",op_13 Regression; op_08 Kalman; op_21 Newton-Raphson,op_15 Golden Section; op_22 Monte Carlo; op_16 Kelly,Maturities; redemption values; market prices; yield indices/APY; fees; settlement path.,min_implied_yield_gap_bps; max_duration_days; min_profit_usd.,https://docs.pendle.finance/pendle-v2/ProtocolMechanics/PendleMarketAPYCalculation,,,3
R_BASKET_NAV,Basket/index NAV convergence,DETERMINISTIC_IF_REDEEMABLE,NAV=Σ_i w_i·V_i (or exact redemption outputs). Π=ExecutableRedeemOrMintValue-BasketAcquisitionCost-all_costs. Emit only if mint/redeem or firm unwind exists.,op_13 Regression; op_19 Simplex; op_21 Newton-Raphson,op_08 Kalman; op_11 Bayes; op_16 Kelly; op_22 Monte Carlo,Basket composition/weights; mint/redeem contract state; exact component quotes; fees; redemption constraints.,min_nav_deviation_bps; max_component_slippage_pct; min_profit_usd; basket component allowlist.,https://arxiv.org/abs/2107.12484,,,2
R_CLOSED_CYCLE,Exact closed-route arbitrage,DETERMINISTIC_EXECUTABLE,Q_R(x)=q_n(...q_2(q_1(x))); Π_R(x)=Q_R(x)-x-C_R(x). Opportunity iff max_x Π_R(x)>0. Marginal prefilter: Σ_e[-ln((1-fee_e)·rate_e)]<0.,op_27 Path Ordering; op_21 Newton-Raphson; op_15 Golden Section; op_16 Kelly,op_01 SVD; op_22 Monte Carlo; op_26 Flash Loan; op_30 GNN Encoder,Full ordered route legs; per-leg protocol adapter; reserves/slot0/ticks/bins; token decimals; pool fees; same-block state; gas; optional flash fee.,enabled; min_profit_usd; min_roi_pct; simulation_capital_usd; min/max legs from cartridge; require_same_block=true; max_slippage_pct; max_price_impact_pct; max_gas_usd; allowed base/quote tokens; pool/DEX/protocol allowlists.,https://arxiv.org/abs/2204.05238,https://arxiv.org/abs/2302.04938,https://arxiv.org/abs/2107.12484,25
R_COW,Coincidence-of-Wants / combinatorial clearing,DETERMINISTIC_SETTLEMENT,"maximize total executable trader surplus subject to limit prices, token conservation and settlement constraints; compare internal matching vs external liquidity.",op_19 Simplex; op_29 Shapley; op_24 Nash; op_27 Path Ordering,op_20 Gradient Descent; op_22 Monte Carlo; op_23 Queueing,Orders/intents; limit prices; balances; valid-to; external liquidity quotes; settlement constraints.,min_surplus_usd; max_auction_age_ms; max_external_liquidity_share; min_price_improvement_bps.,https://docs.cow.fi/,,,1
R_DIRECT_INDIRECT,Direct-vs-indirect path inconsistency,DETERMINISTIC_EXECUTABLE,Δ(x)=Q_indirect(x)-Q_direct(x)-C_incremental(x); evaluate both executable paths at identical input/state; opportunity iff max_x Δ(x)>0.,op_27 Path Ordering; op_21 Newton-Raphson; op_15 Golden Section,op_01 SVD; op_20 Gradient Descent; op_22 Monte Carlo,Two competing paths with full legs; exact per-leg quotes; fees; block-consistent pool state; gas delta.,min_path_edge_usd; min_profit_usd; max_legs; max_slippage_pct; max_gas_usd; require_same_block.,https://arxiv.org/abs/2204.05238,https://arxiv.org/abs/2302.04938,,2
R_ORDERBOOK,Executable order-book / RFQ cross-market spread,EXTERNAL_DATA_REQUIRED,"Π(q)=Proceeds_bid(q)-Cost_ask(q)-taker_fees(q)-settlement_cost(q)-hedge_cost(q). Prices must be VWAP/depth-aware, not top-of-book only.",op_08 Kalman; op_10 Welford; op_23 Queueing; op_11 Bayes,op_13 Regression; op_22 Monte Carlo; op_16 Kelly,Firm bids/asks or RFQs; depth ladder; quote timestamp; venue fees; settlement latency/cost; DEX exact quote where applicable.,max_quote_age_ms; min_depth_usd; max_settlement_ms; fee_bps overrides; min_profit_usd; inventory cap.,https://arxiv.org/abs/2302.04938,,,4
R_SPLIT,Split/parallel optimal routing,DETERMINISTIC_EXECUTABLE,"maximize Σ_j Q_j(x_j)-C(x_1..x_m), subject to Σ_j x_j=x and x_j≥0; compare optimum against best unsplit route.",op_19 Simplex; op_20 Gradient Descent; op_15 Golden Section,op_21 Newton-Raphson; op_27 Path Ordering; op_22 Monte Carlo,Parallel executable paths; exact quote functions; gas activation cost per path; shared input amount.,max_parallel_paths; min_split_improvement_bps; min_profit_usd; gas activation cost; max_price_impact_pct.,https://arxiv.org/abs/2204.05238,https://arxiv.org/abs/2603.02844,https://arxiv.org/abs/2302.04938,2
X_BRIDGE,Bridge-in-the-loop expected-value arbitrage,NONATOMIC_BRIDGE_REQUIRED,E[Π]=DestinationValue-SourceCost-bridge_fee-gas-carry-CVaR(latency/finality/reorg). Must model non-atomic settlement and failure states.,op_06 Markov Chain; op_07 HMM; op_23 Queueing; op_22 Monte Carlo,op_11 Bayes; op_16 Kelly; op_13 Regression,Bridge quote/fee; message/finality state; source/destination liquidity; delay distribution; inventory/capital.,allowed_bridges; max_bridge_fee_bps; max_finality_sec; settlement_risk_haircut_bps; min_expected_profit_usd.,https://arxiv.org/abs/2204.05238,,,16
X_ORACLE,Cross-domain oracle / state discrepancy,EXTERNAL_SETTLEMENT_REQUIRED,Normalize same economic claim across domains; discount for timestamp/finality and require an executable settlement path. Signal deviation alone cannot emit.,op_08 Kalman; op_06 Markov Chain; op_23 Queueing; op_11 Bayes,op_07 HMM; op_13 Regression; op_22 Monte Carlo,Cross-domain oracle/state timestamps; finality; firm routes; bridge/inventory settlement model.,max_source_age_sec; max_finality_sec; min_deviation_bps; settlement mode.,https://arxiv.org/abs/2204.05238,,,2
X_PREPOS,Cross-domain pre-positioned inventory convergence,NONATOMIC_INVENTORY_REQUIRED,No atomic bridge assumption: aggregate independently executable legs using inventory on both domains. Π=Σ proceeds-Σ costs-carry/finality/hedge costs.,op_06 Markov Chain; op_07 HMM; op_23 Queueing; op_16 Kelly,op_08 Kalman; op_11 Bayes; op_22 Monte Carlo; op_27 Path Ordering,Per-chain firm quotes; inventory balances; finality/latency; gas; settlement status; accounting FX.,inventory_mode=prepositioned; max_finality_sec; max_latency_sec; per-chain capital caps; min_profit_usd.,https://arxiv.org/abs/2204.05238,,,12
