INPUTS ECONÓMICOS | 264 fixtures contables,,,,,,,,,,,,,,,,,,,,,,,,,,,
NO son oportunidades detectadas. La misma hipótesis educativa prueba el cálculo para todos los IDs; no prueba su implementación ni rentabilidad de mercado.,,,,,,,,,,,,,,,,,,,,,,,,,,,
MEV_ID,Grupo,Estrategia,Naturaleza_dato,Token_referencia,Precio_token_USD,Unidades_inicio,Notional_USD,Gross_post_swaps_USD,Gas_success_USD,Financiacion_escenario,Principal_flash_token,Flash_fee_bps,Builder_extra_USD,Costes_externos_USD,Coste_por_intento_USD,Reserva_prudencial_USD,P_inclusion,P_exito_dada_inclusion,Coste_fallo_incluido_USD,Objetivo_ROI,Min_profit_USD,Margen_adicional_bps,Procedencia,Snapshot_ID,Quote_ID,Simulation_ID,Observacion
MEV-01-001,1,DEX–DEX arbitrage,SIMULADO_CONTABLE,TOKEN_REF_SIM,1,10000,10000,400,20,FLASH_SIM,10000,9,30,10,5,25,0.45,0.985,20,0.02,1,10,01_PARAMETROS / hipótesis común,,,,"Fixture de contabilidad, NO cotización de esta estrategia. Reemplazar entradas y adjuntar evidencia para usar datos reales."
MEV-01-002,1,Cross-pool arbitrage,SIMULADO_CONTABLE,TOKEN_REF_SIM,1,10000,10000,400,20,FLASH_SIM,10000,9,30,10,5,25,0.45,0.985,20,0.02,1,10,01_PARAMETROS / hipótesis común,,,,"Fixture de contabilidad, NO cotización de esta estrategia. Reemplazar entradas y adjuntar evidencia para usar datos reales."
MEV-01-003,1,Cross-protocol arbitrage,SIMULADO_CONTABLE,TOKEN_REF_SIM,1,10000,10000,400,20,FLASH_SIM,10000,9,30,10,5,25,0.45,0.985,20,0.02,1,10,01_PARAMETROS / hipótesis común,,,,"Fixture de contabilidad, NO cotización de esta estrategia. Reemplazar entradas y adjuntar evidencia para usar datos reales."
MEV-01-004,1,Cross-version arbitrage,SIMULADO_CONTABLE,TOKEN_REF_SIM,1,10000,10000,400,20,FLASH_SIM,10000,9,30,10,5,25,0.45,0.985,20,0.02,1,10,01_PARAMETROS / hipótesis común,,,,"Fixture de contabilidad, NO cotización de esta estrategia. Reemplazar entradas y adjuntar evidencia para usar datos reales."
MEV-01-005,1,Cross-fork arbitrage,SIMULADO_CONTABLE,TOKEN_REF_SIM,1,10000,10000,400,20,FLASH_SIM,10000,9,30,10,5,25,0.45,0.985,20,0.02,1,10,01_PARAMETROS / hipótesis común,,,,"Fixture de contabilidad, NO cotización de esta estrategia. Reemplazar entradas y adjuntar evidencia para usar datos reales."
MEV-01-006,1,Cross-fee-tier arbitrage,SIMULADO_CONTABLE,TOKEN_REF_SIM,1,10000,10000,400,20,FLASH_SIM,10000,9,30,10,5,25,0.45,0.985,20,0.02,1,10,01_PARAMETROS / hipótesis común,,,,"Fixture de contabilidad, NO cotización de esta estrategia. Reemplazar entradas y adjuntar evidencia para usar datos reales."
MEV-01-007,1,Cross-liquidity-tier arbitrage,SIMULADO_CONTABLE,TOKEN_REF_SIM,1,10000,10000,400,20,FLASH_SIM,10000,9,30,10,5,25,0.45,0.985,20,0.02,1,10,01_PARAMETROS / hipótesis común,,,,"Fixture de contabilidad, NO cotización de esta estrategia. Reemplazar entradas y adjuntar evidencia para usar datos reales."
MEV-01-008,1,AMM–AMM arbitrage,SIMULADO_CONTABLE,TOKEN_REF_SIM,1,10000,10000,400,20,FLASH_SIM,10000,9,30,10,5,25,0.45,0.985,20,0.02,1,10,01_PARAMETROS / hipótesis común,,,,"Fixture de contabilidad, NO cotización de esta estrategia. Reemplazar entradas y adjuntar evidencia para usar datos reales."
MEV-01-009,1,AMM–CLOB arbitrage,SIMULADO_CONTABLE,TOKEN_REF_SIM,1,10000,10000,400,20,FLASH_SIM,10000,9,30,10,5,25,0.45,0.985,20,0.02,1,10,01_PARAMETROS / hipótesis común,,,,"Fixture de contabilidad, NO cotización de esta estrategia. Reemplazar entradas y adjuntar evidencia para usar datos reales."
MEV-01-010,1,CLOB–CLOB arbitrage,SIMULADO_CONTABLE,TOKEN_REF_SIM,1,10000,10000,400,20,FLASH_SIM,10000,9,30,10,5,25,0.45,0.985,20,0.02,1,10,01_PARAMETROS / hipótesis común,,,,"Fixture de contabilidad, NO cotización de esta estrategia. Reemplazar entradas y adjuntar evidencia para usar datos reales."
MEV-01-011,1,AMM–RFQ arbitrage,SIMULADO_CONTABLE,TOKEN_REF_SIM,1,10000,10000,400,20,FLASH_SIM,10000,9,30,10,5,25,0.45,0.985,20,0.02,1,10,01_PARAMETROS / hipótesis común,,,,"Fixture de contabilidad, NO cotización de esta estrategia. Reemplazar entradas y adjuntar evidencia para usar datos reales."
MEV-01-012,1,RFQ–RFQ arbitrage,SIMULADO_CONTABLE,TOKEN_REF_SIM,1,10000,10000,400,20,FLASH_SIM,10000,9,30,10,5,25,0.45,0.985,20,0.02,1,10,01_PARAMETROS / hipótesis común,,,,"Fixture de contabilidad, NO cotización de esta estrategia. Reemplazar entradas y adjuntar evidencia para usar datos reales."
MEV-01-013,1,Aggregator–DEX arbitrage,SIMULADO_CONTABLE,TOKEN_REF_SIM,1,10000,10000,400,20,FLASH_SIM,10000,9,30,10,5,25,0.45,0.985,20,0.02,1,10,01_PARAMETROS / hipótesis común,,,,"Fixture de contabilidad, NO cotización de esta estrategia. Reemplazar entradas y adjuntar evidencia para usar datos reales."
MEV-01-014,1,Router–pool arbitrage,SIMULADO_CONTABLE,TOKEN_REF_SIM,1,10000,10000,400,20,FLASH_SIM,10000,9,30,10,5,25,0.45,0.985,20,0.02,1,10,01_PARAMETROS / hipótesis común,,,,"Fixture de contabilidad, NO cotización de esta estrategia. Reemplazar entradas y adjuntar evidencia para usar datos reales."
MEV-01-015,1,Two-leg arbitrage,SIMULADO_CONTABLE,TOKEN_REF_SIM,1,10000,10000,400,20,FLASH_SIM,10000,9,30,10,5,25,0.45,0.985,20,0.02,1,10,01_PARAMETROS / hipótesis común,,,,"Fixture de contabilidad, NO cotización de esta estrategia. Reemplazar entradas y adjuntar evidencia para usar datos reales."
MEV-01-016,1,Triangular arbitrage,SIMULADO_CONTABLE,TOKEN_REF_SIM,1,10000,10000,400,20,FLASH_SIM,10000,9,30,10,5,25,0.45,0.985,20,0.02,1,10,01_PARAMETROS / hipótesis común,,,,"Fixture de contabilidad, NO cotización de esta estrategia. Reemplazar entradas y adjuntar evidencia para usar datos reales."
MEV-01-017,1,Quadrangular arbitrage,SIMULADO_CONTABLE,TOKEN_REF_SIM,1,10000,10000,400,20,FLASH_SIM,10000,9,30,10,5,25,0.45,0.985,20,0.02,1,10,01_PARAMETROS / hipótesis común,,,,"Fixture de contabilidad, NO cotización de esta estrategia. Reemplazar entradas y adjuntar evidencia para usar datos reales."
MEV-01-018,1,N-leg cyclic arbitrage,SIMULADO_CONTABLE,TOKEN_REF_SIM,1,10000,10000,400,20,FLASH_SIM,10000,9,30,10,5,25,0.45,0.985,20,0.02,1,10,01_PARAMETROS / hipótesis común,,,,"Fixture de contabilidad, NO cotización de esta estrategia. Reemplazar entradas y adjuntar evidencia para usar datos reales."
MEV-01-019,1,Multi-hop arbitrage,SIMULADO_CONTABLE,TOKEN_REF_SIM,1,10000,10000,400,20,FLASH_SIM,10000,9,30,10,5,25,0.45,0.985,20,0.02,1,10,01_PARAMETROS / hipótesis común,,,,"Fixture de contabilidad, NO cotización de esta estrategia. Reemplazar entradas y adjuntar evidencia para usar datos reales."
MEV-01-020,1,Multi-DEX cyclic arbitrage,SIMULADO_CONTABLE,TOKEN_REF_SIM,1,10000,10000,400,20,FLASH_SIM,10000,9,30,10,5,25,0.45,0.985,20,0.02,1,10,01_PARAMETROS / hipótesis común,,,,"Fixture de contabilidad, NO cotización de esta estrategia. Reemplazar entradas y adjuntar evidencia para usar datos reales."
MEV-01-021,1,Intra-DEX cyclic arbitrage,SIMULADO_CONTABLE,TOKEN_REF_SIM,1,10000,10000,400,20,FLASH_SIM,10000,9,30,10,5,25,0.45,0.985,20,0.02,1,10,01_PARAMETROS / hipótesis común,,,,"Fixture de contabilidad, NO cotización de esta estrategia. Reemplazar entradas y adjuntar evidencia para usar datos reales."
MEV-01-022,1,Non-cyclic inventory arbitrage,SIMULADO_CONTABLE,TOKEN_REF_SIM,1,10000,10000,400,20,FLASH_SIM,10000,9,30,10,5,25,0.45,0.985,20,0.02,1,10,01_PARAMETROS / hipótesis común,,,,"Fixture de contabilidad, NO cotización de esta estrategia. Reemplazar entradas y adjuntar evidencia para usar datos reales."
MEV-01-023,1,Path inconsistency arbitrage,SIMULADO_CONTABLE,TOKEN_REF_SIM,1,10000,10000,400,20,FLASH_SIM,10000,9,30,10,5,25,0.45,0.985,20,0.02,1,10,01_PARAMETROS / hipótesis común,,,,"Fixture de contabilidad, NO cotización de esta estrategia. Reemplazar entradas y adjuntar evidencia para usar datos reales."
MEV-01-024,1,Direct-vs-indirect-route arbitrage,SIMULADO_CONTABLE,TOKEN_REF_SIM,1,10000,10000,400,20,FLASH_SIM,10000,9,30,10,5,25,0.45,0.985,20,0.02,1,10,01_PARAMETROS / hipótesis común,,,,"Fixture de contabilidad, NO cotización de esta estrategia. Reemplazar entradas y adjuntar evidencia para usar datos reales."
MEV-01-025,1,Split-route arbitrage,SIMULADO_CONTABLE,TOKEN_REF_SIM,1,10000,10000,400,20,FLASH_SIM,10000,9,30,10,5,25,0.45,0.985,20,0.02,1,10,01_PARAMETROS / hipótesis común,,,,"Fixture de contabilidad, NO cotización de esta estrategia. Reemplazar entradas y adjuntar evidencia para usar datos reales."
MEV-01-026,1,Parallel-route arbitrage,SIMULADO_CONTABLE,TOKEN_REF_SIM,1,10000,10000,400,20,FLASH_SIM,10000,9,30,10,5,25,0.45,0.985,20,0.02,1,10,01_PARAMETROS / hipótesis común,,,,"Fixture de contabilidad, NO cotización de esta estrategia. Reemplazar entradas y adjuntar evidencia para usar datos reales."
MEV-01-027,1,Basket arbitrage,SIMULADO_CONTABLE,TOKEN_REF_SIM,1,10000,10000,400,20,FLASH_SIM,10000,9,30,10,5,25,0.45,0.985,20,0.02,1,10,01_PARAMETROS / hipótesis común,,,,"Fixture de contabilidad, NO cotización de esta estrategia. Reemplazar entradas y adjuntar evidencia para usar datos reales."
MEV-01-028,1,Index arbitrage,SIMULADO_CONTABLE,TOKEN_REF_SIM,1,10000,10000,400,20,FLASH_SIM,10000,9,30,10,5,25,0.45,0.985,20,0.02,1,10,01_PARAMETROS / hipótesis común,,,,"Fixture de contabilidad, NO cotización de esta estrategia. Reemplazar entradas y adjuntar evidencia para usar datos reales."
MEV-01-029,1,Ring arbitrage,SIMULADO_CONTABLE,TOKEN_REF_SIM,1,10000,10000,400,20,FLASH_SIM,10000,9,30,10,5,25,0.45,0.985,20,0.02,1,10,01_PARAMETROS / hipótesis común,,,,"Fixture de contabilidad, NO cotización de esta estrategia. Reemplazar entradas y adjuntar evidencia para usar datos reales."
MEV-01-030,1,Coincidence-of-Wants arbitrage,SIMULADO_CONTABLE,TOKEN_REF_SIM,1,10000,10000,400,20,FLASH_SIM,10000,9,30,10,5,25,0.45,0.985,20,0.02,1,10,01_PARAMETROS / hipótesis común,,,,"Fixture de contabilidad, NO cotización de esta estrategia. Reemplazar entradas y adjuntar evidencia para usar datos reales."
MEV-01-031,1,Exact-in/exact-out arbitrage,SIMULADO_CONTABLE,TOKEN_REF_SIM,1,10000,10000,400,20,FLASH_SIM,10000,9,30,10,5,25,0.45,0.985,20,0.02,1,10,01_PARAMETROS / hipótesis común,,,,"Fixture de contabilidad, NO cotización de esta estrategia. Reemplazar entradas y adjuntar evidencia para usar datos reales."
MEV-01-032,1,Fee-adjusted arbitrage,SIMULADO_CONTABLE,TOKEN_REF_SIM,1,10000,10000,400,20,FLASH_SIM,10000,9,30,10,5,25,0.45,0.985,20,0.02,1,10,01_PARAMETROS / hipótesis común,,,,"Fixture de contabilidad, NO cotización de esta estrategia. Reemplazar entradas y adjuntar evidencia para usar datos reales."
MEV-01-033,1,Gas-adjusted arbitrage,SIMULADO_CONTABLE,TOKEN_REF_SIM,1,10000,10000,400,20,FLASH_SIM,10000,9,30,10,5,25,0.45,0.985,20,0.02,1,10,01_PARAMETROS / hipótesis común,,,,"Fixture de contabilidad, NO cotización de esta estrategia. Reemplazar entradas y adjuntar evidencia para usar datos reales."
MEV-01-034,1,Rebate arbitrage,SIMULADO_CONTABLE,TOKEN_REF_SIM,1,10000,10000,400,20,FLASH_SIM,10000,9,30,10,5,25,0.45,0.985,20,0.02,1,10,01_PARAMETROS / hipótesis común,,,,"Fixture de contabilidad, NO cotización de esta estrategia. Reemplazar entradas y adjuntar evidencia para usar datos reales."
MEV-01-035,1,Dynamic-fee arbitrage,SIMULADO_CONTABLE,TOKEN_REF_SIM,1,10000,10000,400,20,FLASH_SIM,10000,9,30,10,5,25,0.45,0.985,20,0.02,1,10,01_PARAMETROS / hipótesis común,,,,"Fixture de contabilidad, NO cotización de esta estrategia. Reemplazar entradas y adjuntar evidencia para usar datos reales."
MEV-01-036,1,Hook arbitrage,SIMULADO_CONTABLE,TOKEN_REF_SIM,1,10000,10000,400,20,FLASH_SIM,10000,9,30,10,5,25,0.45,0.985,20,0.02,1,10,01_PARAMETROS / hipótesis común,,,,"Fixture de contabilidad, NO cotización de esta estrategia. Reemplazar entradas y adjuntar evidencia para usar datos reales."
MEV-02-001,2,Constant-product arbitrage,SIMULADO_CONTABLE,TOKEN_REF_SIM,1,10000,10000,400,20,FLASH_SIM,10000,9,30,10,5,25,0.45,0.985,20,0.02,1,10,01_PARAMETROS / hipótesis común,,,,"Fixture de contabilidad, NO cotización de esta estrategia. Reemplazar entradas y adjuntar evidencia para usar datos reales."
MEV-02-002,2,Constant-sum arbitrage,SIMULADO_CONTABLE,TOKEN_REF_SIM,1,10000,10000,400,20,FLASH_SIM,10000,9,30,10,5,25,0.45,0.985,20,0.02,1,10,01_PARAMETROS / hipótesis común,,,,"Fixture de contabilidad, NO cotización de esta estrategia. Reemplazar entradas y adjuntar evidencia para usar datos reales."
MEV-02-003,2,StableSwap arbitrage,SIMULADO_CONTABLE,TOKEN_REF_SIM,1,10000,10000,400,20,FLASH_SIM,10000,9,30,10,5,25,0.45,0.985,20,0.02,1,10,01_PARAMETROS / hipótesis común,,,,"Fixture de contabilidad, NO cotización de esta estrategia. Reemplazar entradas y adjuntar evidencia para usar datos reales."
MEV-02-004,2,Weighted-pool arbitrage,SIMULADO_CONTABLE,TOKEN_REF_SIM,1,10000,10000,400,20,FLASH_SIM,10000,9,30,10,5,25,0.45,0.985,20,0.02,1,10,01_PARAMETROS / hipótesis común,,,,"Fixture de contabilidad, NO cotización de esta estrategia. Reemplazar entradas y adjuntar evidencia para usar datos reales."
MEV-02-005,2,Concentrated-liquidity arbitrage,SIMULADO_CONTABLE,TOKEN_REF_SIM,1,10000,10000,400,20,FLASH_SIM,10000,9,30,10,5,25,0.45,0.985,20,0.02,1,10,01_PARAMETROS / hipótesis común,,,,"Fixture de contabilidad, NO cotización de esta estrategia. Reemplazar entradas y adjuntar evidencia para usar datos reales."
MEV-02-006,2,Liquidity-bin arbitrage,SIMULADO_CONTABLE,TOKEN_REF_SIM,1,10000,10000,400,20,FLASH_SIM,10000,9,30,10,5,25,0.45,0.985,20,0.02,1,10,01_PARAMETROS / hipótesis común,,,,"Fixture de contabilidad, NO cotización de esta estrategia. Reemplazar entradas y adjuntar evidencia para usar datos reales."
MEV-02-007,2,Proactive Market Maker arbitrage,SIMULADO_CONTABLE,TOKEN_REF_SIM,1,10000,10000,400,20,FLASH_SIM,10000,9,30,10,5,25,0.45,0.985,20,0.02,1,10,01_PARAMETROS / hipótesis común,,,,"Fixture de contabilidad, NO cotización de esta estrategia. Reemplazar entradas y adjuntar evidencia para usar datos reales."
MEV-02-008,2,Dynamic-liquidity arbitrage,SIMULADO_CONTABLE,TOKEN_REF_SIM,1,10000,10000,400,20,FLASH_SIM,10000,9,30,10,5,25,0.45,0.985,20,0.02,1,10,01_PARAMETROS / hipótesis común,,,,"Fixture de contabilidad, NO cotización de esta estrategia. Reemplazar entradas y adjuntar evidencia para usar datos reales."
MEV-02-009,2,Dynamic-weight arbitrage,SIMULADO_CONTABLE,TOKEN_REF_SIM,1,10000,10000,400,20,FLASH_SIM,10000,9,30,10,5,25,0.45,0.985,20,0.02,1,10,01_PARAMETROS / hipótesis común,,,,"Fixture de contabilidad, NO cotización de esta estrategia. Reemplazar entradas y adjuntar evidencia para usar datos reales."
MEV-02-010,2,Bonding-curve arbitrage,SIMULADO_CONTABLE,TOKEN_REF_SIM,1,10000,10000,400,20,FLASH_SIM,10000,9,30,10,5,25,0.45,0.985,20,0.02,1,10,01_PARAMETROS / hipótesis común,,,,"Fixture de contabilidad, NO cotización de esta estrategia. Reemplazar entradas y adjuntar evidencia para usar datos reales."
MEV-02-011,2,Oracle-priced AMM arbitrage,SIMULADO_CONTABLE,TOKEN_REF_SIM,1,10000,10000,400,20,FLASH_SIM,10000,9,30,10,5,25,0.45,0.985,20,0.02,1,10,01_PARAMETROS / hipótesis común,,,,"Fixture de contabilidad, NO cotización de esta estrategia. Reemplazar entradas y adjuntar evidencia para usar datos reales."
MEV-02-012,2,Virtual-AMM arbitrage,SIMULADO_CONTABLE,TOKEN_REF_SIM,1,10000,10000,400,20,FLASH_SIM,10000,9,30,10,5,25,0.45,0.985,20,0.02,1,10,01_PARAMETROS / hipótesis común,,,,"Fixture de contabilidad, NO cotización de esta estrategia. Reemplazar entradas y adjuntar evidencia para usar datos reales."
MEV-02-013,2,Hybrid AMM/CLOB arbitrage,SIMULADO_CONTABLE,TOKEN_REF_SIM,1,10000,10000,400,20,FLASH_SIM,10000,9,30,10,5,25,0.45,0.985,20,0.02,1,10,01_PARAMETROS / hipótesis común,,,,"Fixture de contabilidad, NO cotización de esta estrategia. Reemplazar entradas y adjuntar evidencia para usar datos reales."
MEV-02-014,2,TWAMM arbitrage,SIMULADO_CONTABLE,TOKEN_REF_SIM,1,10000,10000,400,20,FLASH_SIM,10000,9,30,10,5,25,0.45,0.985,20,0.02,1,10,01_PARAMETROS / hipótesis común,,,,"Fixture de contabilidad, NO cotización de esta estrategia. Reemplazar entradas y adjuntar evidencia para usar datos reales."
MEV-02-015,2,Batch-AMM arbitrage,SIMULADO_CONTABLE,TOKEN_REF_SIM,1,10000,10000,400,20,FLASH_SIM,10000,9,30,10,5,25,0.45,0.985,20,0.02,1,10,01_PARAMETROS / hipótesis común,,,,"Fixture de contabilidad, NO cotización de esta estrategia. Reemplazar entradas y adjuntar evidencia para usar datos reales."
MEV-02-016,2,Auction-managed AMM arbitrage,SIMULADO_CONTABLE,TOKEN_REF_SIM,1,10000,10000,400,20,FLASH_SIM,10000,9,30,10,5,25,0.45,0.985,20,0.02,1,10,01_PARAMETROS / hipótesis común,,,,"Fixture de contabilidad, NO cotización de esta estrategia. Reemplazar entradas y adjuntar evidencia para usar datos reales."
MEV-02-017,2,Cross-invariant arbitrage,SIMULADO_CONTABLE,TOKEN_REF_SIM,1,10000,10000,400,20,FLASH_SIM,10000,9,30,10,5,25,0.45,0.985,20,0.02,1,10,01_PARAMETROS / hipótesis común,,,,"Fixture de contabilidad, NO cotización de esta estrategia. Reemplazar entradas y adjuntar evidencia para usar datos reales."
MEV-03-001,3,Swap backrun arbitrage,SIMULADO_CONTABLE,TOKEN_REF_SIM,1,10000,10000,400,20,FLASH_SIM,10000,9,30,10,5,25,0.45,0.985,20,0.02,1,10,01_PARAMETROS / hipótesis común,,,,"Fixture de contabilidad, NO cotización de esta estrategia. Reemplazar entradas y adjuntar evidencia para usar datos reales."
MEV-03-002,3,Multi-swap backrun,SIMULADO_CONTABLE,TOKEN_REF_SIM,1,10000,10000,400,20,FLASH_SIM,10000,9,30,10,5,25,0.45,0.985,20,0.02,1,10,01_PARAMETROS / hipótesis común,,,,"Fixture de contabilidad, NO cotización de esta estrategia. Reemplazar entradas y adjuntar evidencia para usar datos reales."
MEV-03-003,3,Cross-pool ripple arbitrage,SIMULADO_CONTABLE,TOKEN_REF_SIM,1,10000,10000,400,20,FLASH_SIM,10000,9,30,10,5,25,0.45,0.985,20,0.02,1,10,01_PARAMETROS / hipótesis común,,,,"Fixture de contabilidad, NO cotización de esta estrategia. Reemplazar entradas y adjuntar evidencia para usar datos reales."
MEV-03-004,3,Top-of-block arbitrage,SIMULADO_CONTABLE,TOKEN_REF_SIM,1,10000,10000,400,20,FLASH_SIM,10000,9,30,10,5,25,0.45,0.985,20,0.02,1,10,01_PARAMETROS / hipótesis común,,,,"Fixture de contabilidad, NO cotización de esta estrategia. Reemplazar entradas y adjuntar evidencia para usar datos reales."
MEV-03-005,3,End-of-block arbitrage,SIMULADO_CONTABLE,TOKEN_REF_SIM,1,10000,10000,400,20,FLASH_SIM,10000,9,30,10,5,25,0.45,0.985,20,0.02,1,10,01_PARAMETROS / hipótesis común,,,,"Fixture de contabilidad, NO cotización de esta estrategia. Reemplazar entradas y adjuntar evidencia para usar datos reales."
MEV-03-006,3,Inter-block arbitrage,SIMULADO_CONTABLE,TOKEN_REF_SIM,1,10000,10000,400,20,CAPITAL_SIM,0,9,30,10,5,25,0.45,0.985,20,0.02,1,10,01_PARAMETROS / hipótesis común,,,,"Fixture de contabilidad, NO cotización de esta estrategia. Reemplazar entradas y adjuntar evidencia para usar datos reales."
MEV-03-007,3,Stale-price arbitrage,SIMULADO_CONTABLE,TOKEN_REF_SIM,1,10000,10000,400,20,FLASH_SIM,10000,9,30,10,5,25,0.45,0.985,20,0.02,1,10,01_PARAMETROS / hipótesis común,,,,"Fixture de contabilidad, NO cotización de esta estrategia. Reemplazar entradas y adjuntar evidencia para usar datos reales."
MEV-03-008,3,Latency arbitrage,SIMULADO_CONTABLE,TOKEN_REF_SIM,1,10000,10000,400,20,FLASH_SIM,10000,9,30,10,5,25,0.45,0.985,20,0.02,1,10,01_PARAMETROS / hipótesis común,,,,"Fixture de contabilidad, NO cotización de esta estrategia. Reemplazar entradas y adjuntar evidencia para usar datos reales."
MEV-03-009,3,Oracle-update arbitrage,SIMULADO_CONTABLE,TOKEN_REF_SIM,1,10000,10000,400,20,FLASH_SIM,10000,9,30,10,5,25,0.45,0.985,20,0.02,1,10,01_PARAMETROS / hipótesis común,,,,"Fixture de contabilidad, NO cotización de esta estrategia. Reemplazar entradas y adjuntar evidencia para usar datos reales."
MEV-03-010,3,OEV — Oracle Extractable Value,SIMULADO_CONTABLE,TOKEN_REF_SIM,1,10000,10000,400,20,FLASH_SIM,10000,9,30,10,5,25,0.45,0.985,20,0.02,1,10,01_PARAMETROS / hipótesis común,,,,"Fixture de contabilidad, NO cotización de esta estrategia. Reemplazar entradas y adjuntar evidencia para usar datos reales."
MEV-03-011,3,Rebase arbitrage,SIMULADO_CONTABLE,TOKEN_REF_SIM,1,10000,10000,400,20,FLASH_SIM,10000,9,30,10,5,25,0.45,0.985,20,0.02,1,10,01_PARAMETROS / hipótesis común,,,,"Fixture de contabilidad, NO cotización de esta estrategia. Reemplazar entradas y adjuntar evidencia para usar datos reales."
MEV-03-012,3,Interest-index update arbitrage,SIMULADO_CONTABLE,TOKEN_REF_SIM,1,10000,10000,400,20,FLASH_SIM,10000,9,30,10,5,25,0.45,0.985,20,0.02,1,10,01_PARAMETROS / hipótesis común,,,,"Fixture de contabilidad, NO cotización de esta estrategia. Reemplazar entradas y adjuntar evidencia para usar datos reales."
MEV-03-013,3,Funding-update arbitrage,SIMULADO_CONTABLE,TOKEN_REF_SIM,1,10000,10000,400,20,FLASH_SIM,10000,9,30,10,5,25,0.45,0.985,20,0.02,1,10,01_PARAMETROS / hipótesis común,,,,"Fixture de contabilidad, NO cotización de esta estrategia. Reemplazar entradas y adjuntar evidencia para usar datos reales."
MEV-03-014,3,Epoch-rollover arbitrage,SIMULADO_CONTABLE,TOKEN_REF_SIM,1,10000,10000,400,20,FLASH_SIM,10000,9,30,10,5,25,0.45,0.985,20,0.02,1,10,01_PARAMETROS / hipótesis común,,,,"Fixture de contabilidad, NO cotización de esta estrategia. Reemplazar entradas y adjuntar evidencia para usar datos reales."
MEV-03-015,3,Settlement arbitrage,SIMULADO_CONTABLE,TOKEN_REF_SIM,1,10000,10000,400,20,FLASH_SIM,10000,9,30,10,5,25,0.45,0.985,20,0.02,1,10,01_PARAMETROS / hipótesis común,,,,"Fixture de contabilidad, NO cotización de esta estrategia. Reemplazar entradas y adjuntar evidencia para usar datos reales."
MEV-03-016,3,Mint/burn state arbitrage,SIMULADO_CONTABLE,TOKEN_REF_SIM,1,10000,10000,400,20,FLASH_SIM,10000,9,30,10,5,25,0.45,0.985,20,0.02,1,10,01_PARAMETROS / hipótesis común,,,,"Fixture de contabilidad, NO cotización de esta estrategia. Reemplazar entradas y adjuntar evidencia para usar datos reales."
MEV-03-017,3,Redemption-state arbitrage,SIMULADO_CONTABLE,TOKEN_REF_SIM,1,10000,10000,400,20,FLASH_SIM,10000,9,30,10,5,25,0.45,0.985,20,0.02,1,10,01_PARAMETROS / hipótesis común,,,,"Fixture de contabilidad, NO cotización de esta estrategia. Reemplazar entradas y adjuntar evidencia para usar datos reales."
MEV-03-018,3,Liquidity-add arbitrage,SIMULADO_CONTABLE,TOKEN_REF_SIM,1,10000,10000,400,20,FLASH_SIM,10000,9,30,10,5,25,0.45,0.985,20,0.02,1,10,01_PARAMETROS / hipótesis común,,,,"Fixture de contabilidad, NO cotización de esta estrategia. Reemplazar entradas y adjuntar evidencia para usar datos reales."
MEV-03-019,3,Liquidity-removal arbitrage,SIMULADO_CONTABLE,TOKEN_REF_SIM,1,10000,10000,400,20,FLASH_SIM,10000,9,30,10,5,25,0.45,0.985,20,0.02,1,10,01_PARAMETROS / hipótesis común,,,,"Fixture de contabilidad, NO cotización de esta estrategia. Reemplazar entradas y adjuntar evidencia para usar datos reales."
MEV-03-020,3,Pool-initialization arbitrage,SIMULADO_CONTABLE,TOKEN_REF_SIM,1,10000,10000,400,20,FLASH_SIM,10000,9,30,10,5,25,0.45,0.985,20,0.02,1,10,01_PARAMETROS / hipótesis común,,,,"Fixture de contabilidad, NO cotización de esta estrategia. Reemplazar entradas y adjuntar evidencia para usar datos reales."
MEV-03-021,3,Migration arbitrage,SIMULADO_CONTABLE,TOKEN_REF_SIM,1,10000,10000,400,20,FLASH_SIM,10000,9,30,10,5,25,0.45,0.985,20,0.02,1,10,01_PARAMETROS / hipótesis común,,,,"Fixture de contabilidad, NO cotización de esta estrategia. Reemplazar entradas y adjuntar evidencia para usar datos reales."
MEV-03-022,3,Fee-switch arbitrage,SIMULADO_CONTABLE,TOKEN_REF_SIM,1,10000,10000,400,20,FLASH_SIM,10000,9,30,10,5,25,0.45,0.985,20,0.02,1,10,01_PARAMETROS / hipótesis común,,,,"Fixture de contabilidad, NO cotización de esta estrategia. Reemplazar entradas y adjuntar evidencia para usar datos reales."
MEV-03-023,3,Parameter-update arbitrage,SIMULADO_CONTABLE,TOKEN_REF_SIM,1,10000,10000,400,20,FLASH_SIM,10000,9,30,10,5,25,0.45,0.985,20,0.02,1,10,01_PARAMETROS / hipótesis común,,,,"Fixture de contabilidad, NO cotización de esta estrategia. Reemplazar entradas y adjuntar evidencia para usar datos reales."
MEV-03-024,3,Governance-execution arbitrage,SIMULADO_CONTABLE,TOKEN_REF_SIM,1,10000,10000,400,20,FLASH_SIM,10000,9,30,10,5,25,0.45,0.985,20,0.02,1,10,01_PARAMETROS / hipótesis común,,,,"Fixture de contabilidad, NO cotización de esta estrategia. Reemplazar entradas y adjuntar evidencia para usar datos reales."
MEV-03-025,3,Keeper-triggered arbitrage,SIMULADO_CONTABLE,TOKEN_REF_SIM,1,10000,10000,400,20,FLASH_SIM,10000,9,30,10,5,25,0.45,0.985,20,0.02,1,10,01_PARAMETROS / hipótesis común,,,,"Fixture de contabilidad, NO cotización de esta estrategia. Reemplazar entradas y adjuntar evidencia para usar datos reales."
MEV-03-026,3,Auction-clearing arbitrage,SIMULADO_CONTABLE,TOKEN_REF_SIM,1,10000,10000,400,20,FLASH_SIM,10000,9,30,10,5,25,0.45,0.985,20,0.02,1,10,01_PARAMETROS / hipótesis común,,,,"Fixture de contabilidad, NO cotización de esta estrategia. Reemplazar entradas y adjuntar evidencia para usar datos reales."
MEV-03-027,3,Block-time arbitrage,SIMULADO_CONTABLE,TOKEN_REF_SIM,1,10000,10000,400,20,CAPITAL_SIM,0,9,30,10,5,25,0.45,0.985,20,0.02,1,10,01_PARAMETROS / hipótesis común,,,,"Fixture de contabilidad, NO cotización de esta estrategia. Reemplazar entradas y adjuntar evidencia para usar datos reales."
MEV-03-028,3,Sequencer-latency arbitrage,SIMULADO_CONTABLE,TOKEN_REF_SIM,1,10000,10000,400,20,FLASH_SIM,10000,9,30,10,5,25,0.45,0.985,20,0.02,1,10,01_PARAMETROS / hipótesis común,,,,"Fixture de contabilidad, NO cotización de esta estrategia. Reemplazar entradas y adjuntar evidencia para usar datos reales."
MEV-03-029,3,Spam arbitrage,SIMULADO_CONTABLE,TOKEN_REF_SIM,1,10000,10000,400,20,CAPITAL_SIM,0,9,30,10,5,25,0.45,0.985,20,0.02,1,10,01_PARAMETROS / hipótesis común,,,,"Fixture de contabilidad, NO cotización de esta estrategia. Reemplazar entradas y adjuntar evidencia para usar datos reales."
MEV-03-030,3,Reorg/time-bandit arbitrage,SIMULADO_CONTABLE,TOKEN_REF_SIM,1,10000,10000,400,20,CAPITAL_SIM,0,9,30,10,5,25,0.45,0.985,20,0.02,1,10,01_PARAMETROS / hipótesis común,,,,"Fixture de contabilidad, NO cotización de esta estrategia. Reemplazar entradas y adjuntar evidencia para usar datos reales."
MEV-03-031,3,Fork-state arbitrage,SIMULADO_CONTABLE,TOKEN_REF_SIM,1,10000,10000,400,20,CAPITAL_SIM,0,9,30,10,5,25,0.45,0.985,20,0.02,1,10,01_PARAMETROS / hipótesis común,,,,"Fixture de contabilidad, NO cotización de esta estrategia. Reemplazar entradas y adjuntar evidencia para usar datos reales."
MEV-04-001,4,Stablecoin peg arbitrage,SIMULADO_CONTABLE,TOKEN_REF_SIM,1,10000,10000,400,20,FLASH_SIM,10000,9,30,10,5,25,0.45,0.985,20,0.02,1,10,01_PARAMETROS / hipótesis común,,,,"Fixture de contabilidad, NO cotización de esta estrategia. Reemplazar entradas y adjuntar evidencia para usar datos reales."
MEV-04-002,4,Cross-stablecoin arbitrage,SIMULADO_CONTABLE,TOKEN_REF_SIM,1,10000,10000,400,20,FLASH_SIM,10000,9,30,10,5,25,0.45,0.985,20,0.02,1,10,01_PARAMETROS / hipótesis común,,,,"Fixture de contabilidad, NO cotización de esta estrategia. Reemplazar entradas y adjuntar evidencia para usar datos reales."
MEV-04-003,4,Algorithmic-stablecoin arbitrage,SIMULADO_CONTABLE,TOKEN_REF_SIM,1,10000,10000,400,20,FLASH_SIM,10000,9,30,10,5,25,0.45,0.985,20,0.02,1,10,01_PARAMETROS / hipótesis común,,,,"Fixture de contabilidad, NO cotización de esta estrategia. Reemplazar entradas y adjuntar evidencia para usar datos reales."
MEV-04-004,4,Collateralized-stablecoin arbitrage,SIMULADO_CONTABLE,TOKEN_REF_SIM,1,10000,10000,400,20,FLASH_SIM,10000,9,30,10,5,25,0.45,0.985,20,0.02,1,10,01_PARAMETROS / hipótesis común,,,,"Fixture de contabilidad, NO cotización de esta estrategia. Reemplazar entradas y adjuntar evidencia para usar datos reales."
MEV-04-005,4,Mint–redeem stablecoin arbitrage,SIMULADO_CONTABLE,TOKEN_REF_SIM,1,10000,10000,400,20,FLASH_SIM,10000,9,30,10,5,25,0.45,0.985,20,0.02,1,10,01_PARAMETROS / hipótesis común,,,,"Fixture de contabilidad, NO cotización de esta estrategia. Reemplazar entradas y adjuntar evidencia para usar datos reales."
MEV-04-006,4,Native–wrapped arbitrage,SIMULADO_CONTABLE,TOKEN_REF_SIM,1,10000,10000,400,20,FLASH_SIM,10000,9,30,10,5,25,0.45,0.985,20,0.02,1,10,01_PARAMETROS / hipótesis común,,,,"Fixture de contabilidad, NO cotización de esta estrategia. Reemplazar entradas y adjuntar evidencia para usar datos reales."
MEV-04-007,4,Canonical–bridged token arbitrage,SIMULADO_CONTABLE,TOKEN_REF_SIM,1,10000,10000,400,20,FLASH_SIM,10000,9,30,10,5,25,0.45,0.985,20,0.02,1,10,01_PARAMETROS / hipótesis común,,,,"Fixture de contabilidad, NO cotización de esta estrategia. Reemplazar entradas y adjuntar evidencia para usar datos reales."
MEV-04-008,4,Cross-wrapper arbitrage,SIMULADO_CONTABLE,TOKEN_REF_SIM,1,10000,10000,400,20,FLASH_SIM,10000,9,30,10,5,25,0.45,0.985,20,0.02,1,10,01_PARAMETROS / hipótesis común,,,,"Fixture de contabilidad, NO cotización de esta estrategia. Reemplazar entradas y adjuntar evidencia para usar datos reales."
MEV-04-009,4,Synthetic–underlying arbitrage,SIMULADO_CONTABLE,TOKEN_REF_SIM,1,10000,10000,400,20,FLASH_SIM,10000,9,30,10,5,25,0.45,0.985,20,0.02,1,10,01_PARAMETROS / hipótesis común,,,,"Fixture de contabilidad, NO cotización de esta estrategia. Reemplazar entradas y adjuntar evidencia para usar datos reales."
MEV-04-010,4,Receipt-token arbitrage,SIMULADO_CONTABLE,TOKEN_REF_SIM,1,10000,10000,400,20,FLASH_SIM,10000,9,30,10,5,25,0.45,0.985,20,0.02,1,10,01_PARAMETROS / hipótesis común,,,,"Fixture de contabilidad, NO cotización de esta estrategia. Reemplazar entradas y adjuntar evidencia para usar datos reales."
MEV-04-011,4,ERC-4626 share-price arbitrage,SIMULADO_CONTABLE,TOKEN_REF_SIM,1,10000,10000,400,20,FLASH_SIM,10000,9,30,10,5,25,0.45,0.985,20,0.02,1,10,01_PARAMETROS / hipótesis común,,,,"Fixture de contabilidad, NO cotización de esta estrategia. Reemplazar entradas y adjuntar evidencia para usar datos reales."
MEV-04-012,4,Vault share–underlying arbitrage,SIMULADO_CONTABLE,TOKEN_REF_SIM,1,10000,10000,400,20,FLASH_SIM,10000,9,30,10,5,25,0.45,0.985,20,0.02,1,10,01_PARAMETROS / hipótesis común,,,,"Fixture de contabilidad, NO cotización de esta estrategia. Reemplazar entradas y adjuntar evidencia para usar datos reales."
MEV-04-013,4,LP-token NAV arbitrage,SIMULADO_CONTABLE,TOKEN_REF_SIM,1,10000,10000,400,20,FLASH_SIM,10000,9,30,10,5,25,0.45,0.985,20,0.02,1,10,01_PARAMETROS / hipótesis común,,,,"Fixture de contabilidad, NO cotización de esta estrategia. Reemplazar entradas y adjuntar evidencia para usar datos reales."
MEV-04-014,4,Index token–basket arbitrage,SIMULADO_CONTABLE,TOKEN_REF_SIM,1,10000,10000,400,20,FLASH_SIM,10000,9,30,10,5,25,0.45,0.985,20,0.02,1,10,01_PARAMETROS / hipótesis común,,,,"Fixture de contabilidad, NO cotización de esta estrategia. Reemplazar entradas y adjuntar evidencia para usar datos reales."
MEV-04-015,4,ETF-like token arbitrage,SIMULADO_CONTABLE,TOKEN_REF_SIM,1,10000,10000,400,20,FLASH_SIM,10000,9,30,10,5,25,0.45,0.985,20,0.02,1,10,01_PARAMETROS / hipótesis común,,,,"Fixture de contabilidad, NO cotización de esta estrategia. Reemplazar entradas y adjuntar evidencia para usar datos reales."
MEV-04-016,4,RWA–NAV arbitrage,SIMULADO_CONTABLE,TOKEN_REF_SIM,1,10000,10000,400,20,CAPITAL_SIM,0,9,30,10,5,25,0.45,0.985,20,0.02,1,10,01_PARAMETROS / hipótesis común,,,,"Fixture de contabilidad, NO cotización de esta estrategia. Reemplazar entradas y adjuntar evidencia para usar datos reales."
MEV-04-017,4,Rebasing-token arbitrage,SIMULADO_CONTABLE,TOKEN_REF_SIM,1,10000,10000,400,20,FLASH_SIM,10000,9,30,10,5,25,0.45,0.985,20,0.02,1,10,01_PARAMETROS / hipótesis común,,,,"Fixture de contabilidad, NO cotización de esta estrategia. Reemplazar entradas y adjuntar evidencia para usar datos reales."
MEV-04-018,4,Fee-on-transfer token arbitrage,SIMULADO_CONTABLE,TOKEN_REF_SIM,1,10000,10000,400,20,FLASH_SIM,10000,9,30,10,5,25,0.45,0.985,20,0.02,1,10,01_PARAMETROS / hipótesis común,,,,"Fixture de contabilidad, NO cotización de esta estrategia. Reemplazar entradas y adjuntar evidencia para usar datos reales."
MEV-04-019,4,Liquid-staking-token arbitrage,SIMULADO_CONTABLE,TOKEN_REF_SIM,1,10000,10000,400,20,FLASH_SIM,10000,9,30,10,5,25,0.45,0.985,20,0.02,1,10,01_PARAMETROS / hipótesis común,,,,"Fixture de contabilidad, NO cotización de esta estrategia. Reemplazar entradas y adjuntar evidencia para usar datos reales."
MEV-04-020,4,LST redemption arbitrage,SIMULADO_CONTABLE,TOKEN_REF_SIM,1,10000,10000,400,20,FLASH_SIM,10000,9,30,10,5,25,0.45,0.985,20,0.02,1,10,01_PARAMETROS / hipótesis común,,,,"Fixture de contabilidad, NO cotización de esta estrategia. Reemplazar entradas y adjuntar evidencia para usar datos reales."
MEV-04-021,4,Liquid-restaking-token arbitrage,SIMULADO_CONTABLE,TOKEN_REF_SIM,1,10000,10000,400,20,FLASH_SIM,10000,9,30,10,5,25,0.45,0.985,20,0.02,1,10,01_PARAMETROS / hipótesis común,,,,"Fixture de contabilidad, NO cotización de esta estrategia. Reemplazar entradas y adjuntar evidencia para usar datos reales."
MEV-04-022,4,Cross-LST arbitrage,SIMULADO_CONTABLE,TOKEN_REF_SIM,1,10000,10000,400,20,FLASH_SIM,10000,9,30,10,5,25,0.45,0.985,20,0.02,1,10,01_PARAMETROS / hipótesis común,,,,"Fixture de contabilidad, NO cotización de esta estrategia. Reemplazar entradas y adjuntar evidencia para usar datos reales."
MEV-04-023,4,Governance-wrapper arbitrage,SIMULADO_CONTABLE,TOKEN_REF_SIM,1,10000,10000,400,20,FLASH_SIM,10000,9,30,10,5,25,0.45,0.985,20,0.02,1,10,01_PARAMETROS / hipótesis común,,,,"Fixture de contabilidad, NO cotización de esta estrategia. Reemplazar entradas y adjuntar evidencia para usar datos reales."
MEV-04-024,4,Vote-escrow derivative arbitrage,SIMULADO_CONTABLE,TOKEN_REF_SIM,1,10000,10000,400,20,FLASH_SIM,10000,9,30,10,5,25,0.45,0.985,20,0.02,1,10,01_PARAMETROS / hipótesis común,,,,"Fixture de contabilidad, NO cotización de esta estrategia. Reemplazar entradas y adjuntar evidencia para usar datos reales."
MEV-04-025,4,Tokenized-position arbitrage,SIMULADO_CONTABLE,TOKEN_REF_SIM,1,10000,10000,400,20,FLASH_SIM,10000,9,30,10,5,25,0.45,0.985,20,0.02,1,10,01_PARAMETROS / hipótesis común,,,,"Fixture de contabilidad, NO cotización de esta estrategia. Reemplazar entradas y adjuntar evidencia para usar datos reales."
MEV-04-026,4,Principal-token arbitrage,SIMULADO_CONTABLE,TOKEN_REF_SIM,1,10000,10000,400,20,FLASH_SIM,10000,9,30,10,5,25,0.45,0.985,20,0.02,1,10,01_PARAMETROS / hipótesis común,,,,"Fixture de contabilidad, NO cotización de esta estrategia. Reemplazar entradas y adjuntar evidencia para usar datos reales."
MEV-04-027,4,Yield-token arbitrage,SIMULADO_CONTABLE,TOKEN_REF_SIM,1,10000,10000,400,20,FLASH_SIM,10000,9,30,10,5,25,0.45,0.985,20,0.02,1,10,01_PARAMETROS / hipótesis común,,,,"Fixture de contabilidad, NO cotización de esta estrategia. Reemplazar entradas y adjuntar evidencia para usar datos reales."
MEV-04-028,4,PT–YT parity arbitrage,SIMULADO_CONTABLE,TOKEN_REF_SIM,1,10000,10000,400,20,FLASH_SIM,10000,9,30,10,5,25,0.45,0.985,20,0.02,1,10,01_PARAMETROS / hipótesis común,,,,"Fixture de contabilidad, NO cotización de esta estrategia. Reemplazar entradas y adjuntar evidencia para usar datos reales."
MEV-04-029,4,Cross-maturity yield arbitrage,SIMULADO_CONTABLE,TOKEN_REF_SIM,1,10000,10000,400,20,CAPITAL_SIM,0,9,30,10,5,25,0.45,0.985,20,0.02,1,10,01_PARAMETROS / hipótesis común,,,,"Fixture de contabilidad, NO cotización de esta estrategia. Reemplazar entradas y adjuntar evidencia para usar datos reales."
MEV-04-030,4,Fixed-yield/floating-yield arbitrage,SIMULADO_CONTABLE,TOKEN_REF_SIM,1,10000,10000,400,20,CAPITAL_SIM,0,9,30,10,5,25,0.45,0.985,20,0.02,1,10,01_PARAMETROS / hipótesis común,,,,"Fixture de contabilidad, NO cotización de esta estrategia. Reemplazar entradas y adjuntar evidencia para usar datos reales."
MEV-04-031,4,Points/pre-token arbitrage,SIMULADO_CONTABLE,TOKEN_REF_SIM,1,10000,10000,400,20,CAPITAL_SIM,0,9,30,10,5,25,0.45,0.985,20,0.02,1,10,01_PARAMETROS / hipótesis común,,,,"Fixture de contabilidad, NO cotización de esta estrategia. Reemplazar entradas y adjuntar evidencia para usar datos reales."
MEV-05-001,5,CEX–DEX spot arbitrage,SIMULADO_CONTABLE,TOKEN_REF_SIM,1,10000,10000,400,20,CAPITAL_SIM,0,9,30,10,5,25,0.45,0.985,20,0.02,1,10,01_PARAMETROS / hipótesis común,,,,"Fixture de contabilidad, NO cotización de esta estrategia. Reemplazar entradas y adjuntar evidencia para usar datos reales."
MEV-05-002,5,DEX–CEX spot arbitrage,SIMULADO_CONTABLE,TOKEN_REF_SIM,1,10000,10000,400,20,CAPITAL_SIM,0,9,30,10,5,25,0.45,0.985,20,0.02,1,10,01_PARAMETROS / hipótesis común,,,,"Fixture de contabilidad, NO cotización de esta estrategia. Reemplazar entradas y adjuntar evidencia para usar datos reales."
MEV-05-003,5,CEX–DEX triangular arbitrage,SIMULADO_CONTABLE,TOKEN_REF_SIM,1,10000,10000,400,20,CAPITAL_SIM,0,9,30,10,5,25,0.45,0.985,20,0.02,1,10,01_PARAMETROS / hipótesis común,,,,"Fixture de contabilidad, NO cotización de esta estrategia. Reemplazar entradas y adjuntar evidencia para usar datos reales."
MEV-05-004,5,CEX–multi-DEX arbitrage,SIMULADO_CONTABLE,TOKEN_REF_SIM,1,10000,10000,400,20,CAPITAL_SIM,0,9,30,10,5,25,0.45,0.985,20,0.02,1,10,01_PARAMETROS / hipótesis común,,,,"Fixture de contabilidad, NO cotización de esta estrategia. Reemplazar entradas y adjuntar evidencia para usar datos reales."
MEV-05-005,5,Multi-CEX–DEX arbitrage,SIMULADO_CONTABLE,TOKEN_REF_SIM,1,10000,10000,400,20,CAPITAL_SIM,0,9,30,10,5,25,0.45,0.985,20,0.02,1,10,01_PARAMETROS / hipótesis común,,,,"Fixture de contabilidad, NO cotización de esta estrategia. Reemplazar entradas y adjuntar evidencia para usar datos reales."
MEV-05-006,5,CEX order-book–AMM arbitrage,SIMULADO_CONTABLE,TOKEN_REF_SIM,1,10000,10000,400,20,CAPITAL_SIM,0,9,30,10,5,25,0.45,0.985,20,0.02,1,10,01_PARAMETROS / hipótesis común,,,,"Fixture de contabilidad, NO cotización de esta estrategia. Reemplazar entradas y adjuntar evidencia para usar datos reales."
MEV-05-007,5,CEX futures–DEX spot arbitrage,SIMULADO_CONTABLE,TOKEN_REF_SIM,1,10000,10000,400,20,CAPITAL_SIM,0,9,30,10,5,25,0.45,0.985,20,0.02,1,10,01_PARAMETROS / hipótesis común,,,,"Fixture de contabilidad, NO cotización de esta estrategia. Reemplazar entradas y adjuntar evidencia para usar datos reales."
MEV-05-008,5,CEX perpetual–DEX spot arbitrage,SIMULADO_CONTABLE,TOKEN_REF_SIM,1,10000,10000,400,20,CAPITAL_SIM,0,9,30,10,5,25,0.45,0.985,20,0.02,1,10,01_PARAMETROS / hipótesis común,,,,"Fixture de contabilidad, NO cotización de esta estrategia. Reemplazar entradas y adjuntar evidencia para usar datos reales."
MEV-05-009,5,CEX price-lead latency arbitrage,SIMULADO_CONTABLE,TOKEN_REF_SIM,1,10000,10000,400,20,CAPITAL_SIM,0,9,30,10,5,25,0.45,0.985,20,0.02,1,10,01_PARAMETROS / hipótesis común,,,,"Fixture de contabilidad, NO cotización de esta estrategia. Reemplazar entradas y adjuntar evidencia para usar datos reales."
MEV-05-010,5,DEX price-lead arbitrage,SIMULADO_CONTABLE,TOKEN_REF_SIM,1,10000,10000,400,20,CAPITAL_SIM,0,9,30,10,5,25,0.45,0.985,20,0.02,1,10,01_PARAMETROS / hipótesis común,,,,"Fixture de contabilidad, NO cotización de esta estrategia. Reemplazar entradas y adjuntar evidencia para usar datos reales."
MEV-05-011,5,OTC–DEX arbitrage,SIMULADO_CONTABLE,TOKEN_REF_SIM,1,10000,10000,400,20,CAPITAL_SIM,0,9,30,10,5,25,0.45,0.985,20,0.02,1,10,01_PARAMETROS / hipótesis común,,,,"Fixture de contabilidad, NO cotización de esta estrategia. Reemplazar entradas y adjuntar evidencia para usar datos reales."
MEV-05-012,5,Market-maker inventory–DEX arbitrage,SIMULADO_CONTABLE,TOKEN_REF_SIM,1,10000,10000,400,20,CAPITAL_SIM,0,9,30,10,5,25,0.45,0.985,20,0.02,1,10,01_PARAMETROS / hipótesis común,,,,"Fixture de contabilidad, NO cotización de esta estrategia. Reemplazar entradas y adjuntar evidencia para usar datos reales."
MEV-05-013,5,Cross-custodian arbitrage,SIMULADO_CONTABLE,TOKEN_REF_SIM,1,10000,10000,400,20,CAPITAL_SIM,0,9,30,10,5,25,0.45,0.985,20,0.02,1,10,01_PARAMETROS / hipótesis común,,,,"Fixture de contabilidad, NO cotización de esta estrategia. Reemplazar entradas y adjuntar evidencia para usar datos reales."
MEV-05-014,5,Fiat–stablecoin–DEX arbitrage,SIMULADO_CONTABLE,TOKEN_REF_SIM,1,10000,10000,400,20,CAPITAL_SIM,0,9,30,10,5,25,0.45,0.985,20,0.02,1,10,01_PARAMETROS / hipótesis común,,,,"Fixture de contabilidad, NO cotización de esta estrategia. Reemplazar entradas y adjuntar evidencia para usar datos reales."
MEV-06-001,6,L1–L1 arbitrage,SIMULADO_CONTABLE,TOKEN_REF_SIM,1,10000,10000,400,20,CAPITAL_SIM,0,9,30,10,5,25,0.45,0.985,20,0.02,1,10,01_PARAMETROS / hipótesis común,,,,"Fixture de contabilidad, NO cotización de esta estrategia. Reemplazar entradas y adjuntar evidencia para usar datos reales."
MEV-06-002,6,L1–L2 arbitrage,SIMULADO_CONTABLE,TOKEN_REF_SIM,1,10000,10000,400,20,CAPITAL_SIM,0,9,30,10,5,25,0.45,0.985,20,0.02,1,10,01_PARAMETROS / hipótesis común,,,,"Fixture de contabilidad, NO cotización de esta estrategia. Reemplazar entradas y adjuntar evidencia para usar datos reales."
MEV-06-003,6,L2–L1 arbitrage,SIMULADO_CONTABLE,TOKEN_REF_SIM,1,10000,10000,400,20,CAPITAL_SIM,0,9,30,10,5,25,0.45,0.985,20,0.02,1,10,01_PARAMETROS / hipótesis común,,,,"Fixture de contabilidad, NO cotización de esta estrategia. Reemplazar entradas y adjuntar evidencia para usar datos reales."
MEV-06-004,6,L2–L2 cross-rollup arbitrage,SIMULADO_CONTABLE,TOKEN_REF_SIM,1,10000,10000,400,20,CAPITAL_SIM,0,9,30,10,5,25,0.45,0.985,20,0.02,1,10,01_PARAMETROS / hipótesis común,,,,"Fixture de contabilidad, NO cotización de esta estrategia. Reemplazar entradas y adjuntar evidencia para usar datos reales."
MEV-06-005,6,Rollup–sidechain arbitrage,SIMULADO_CONTABLE,TOKEN_REF_SIM,1,10000,10000,400,20,CAPITAL_SIM,0,9,30,10,5,25,0.45,0.985,20,0.02,1,10,01_PARAMETROS / hipótesis común,,,,"Fixture de contabilidad, NO cotización de esta estrategia. Reemplazar entradas y adjuntar evidencia para usar datos reales."
MEV-06-006,6,Sidechain–sidechain arbitrage,SIMULADO_CONTABLE,TOKEN_REF_SIM,1,10000,10000,400,20,CAPITAL_SIM,0,9,30,10,5,25,0.45,0.985,20,0.02,1,10,01_PARAMETROS / hipótesis común,,,,"Fixture de contabilidad, NO cotización de esta estrategia. Reemplazar entradas y adjuntar evidencia para usar datos reales."
MEV-06-007,6,Appchain arbitrage,SIMULADO_CONTABLE,TOKEN_REF_SIM,1,10000,10000,400,20,CAPITAL_SIM,0,9,30,10,5,25,0.45,0.985,20,0.02,1,10,01_PARAMETROS / hipótesis común,,,,"Fixture de contabilidad, NO cotización de esta estrategia. Reemplazar entradas y adjuntar evidencia para usar datos reales."
MEV-06-008,6,Cross-VM arbitrage,SIMULADO_CONTABLE,TOKEN_REF_SIM,1,10000,10000,400,20,CAPITAL_SIM,0,9,30,10,5,25,0.45,0.985,20,0.02,1,10,01_PARAMETROS / hipótesis común,,,,"Fixture de contabilidad, NO cotización de esta estrategia. Reemplazar entradas y adjuntar evidencia para usar datos reales."
MEV-06-009,6,Cross-consensus arbitrage,SIMULADO_CONTABLE,TOKEN_REF_SIM,1,10000,10000,400,20,CAPITAL_SIM,0,9,30,10,5,25,0.45,0.985,20,0.02,1,10,01_PARAMETROS / hipótesis común,,,,"Fixture de contabilidad, NO cotización de esta estrategia. Reemplazar entradas y adjuntar evidencia para usar datos reales."
MEV-06-010,6,Cross-domain DEX–DEX arbitrage,SIMULADO_CONTABLE,TOKEN_REF_SIM,1,10000,10000,400,20,CAPITAL_SIM,0,9,30,10,5,25,0.45,0.985,20,0.02,1,10,01_PARAMETROS / hipótesis común,,,,"Fixture de contabilidad, NO cotización de esta estrategia. Reemplazar entradas y adjuntar evidencia para usar datos reales."
MEV-06-011,6,Cross-domain triangular arbitrage,SIMULADO_CONTABLE,TOKEN_REF_SIM,1,10000,10000,400,20,CAPITAL_SIM,0,9,30,10,5,25,0.45,0.985,20,0.02,1,10,01_PARAMETROS / hipótesis común,,,,"Fixture de contabilidad, NO cotización de esta estrategia. Reemplazar entradas y adjuntar evidencia para usar datos reales."
MEV-06-012,6,Cross-chain cyclic arbitrage,SIMULADO_CONTABLE,TOKEN_REF_SIM,1,10000,10000,400,20,CAPITAL_SIM,0,9,30,10,5,25,0.45,0.985,20,0.02,1,10,01_PARAMETROS / hipótesis común,,,,"Fixture de contabilidad, NO cotización de esta estrategia. Reemplazar entradas y adjuntar evidencia para usar datos reales."
MEV-06-013,6,Multi-chain N-leg arbitrage,SIMULADO_CONTABLE,TOKEN_REF_SIM,1,10000,10000,400,20,CAPITAL_SIM,0,9,30,10,5,25,0.45,0.985,20,0.02,1,10,01_PARAMETROS / hipótesis común,,,,"Fixture de contabilidad, NO cotización de esta estrategia. Reemplazar entradas y adjuntar evidencia para usar datos reales."
MEV-06-014,6,Canonical bridge arbitrage,SIMULADO_CONTABLE,TOKEN_REF_SIM,1,10000,10000,400,20,CAPITAL_SIM,0,9,30,10,5,25,0.45,0.985,20,0.02,1,10,01_PARAMETROS / hipótesis común,,,,"Fixture de contabilidad, NO cotización de esta estrategia. Reemplazar entradas y adjuntar evidencia para usar datos reales."
MEV-06-015,6,Fast-bridge arbitrage,SIMULADO_CONTABLE,TOKEN_REF_SIM,1,10000,10000,400,20,CAPITAL_SIM,0,9,30,10,5,25,0.45,0.985,20,0.02,1,10,01_PARAMETROS / hipótesis común,,,,"Fixture de contabilidad, NO cotización de esta estrategia. Reemplazar entradas y adjuntar evidencia para usar datos reales."
MEV-06-016,6,Bridge-rate arbitrage,SIMULADO_CONTABLE,TOKEN_REF_SIM,1,10000,10000,400,20,CAPITAL_SIM,0,9,30,10,5,25,0.45,0.985,20,0.02,1,10,01_PARAMETROS / hipótesis común,,,,"Fixture de contabilidad, NO cotización de esta estrategia. Reemplazar entradas y adjuntar evidencia para usar datos reales."
MEV-06-017,6,Bridge-liquidity arbitrage,SIMULADO_CONTABLE,TOKEN_REF_SIM,1,10000,10000,400,20,CAPITAL_SIM,0,9,30,10,5,25,0.45,0.985,20,0.02,1,10,01_PARAMETROS / hipótesis común,,,,"Fixture de contabilidad, NO cotización de esta estrategia. Reemplazar entradas y adjuntar evidencia para usar datos reales."
MEV-06-018,6,Bridge-rebalancing arbitrage,SIMULADO_CONTABLE,TOKEN_REF_SIM,1,10000,10000,400,20,CAPITAL_SIM,0,9,30,10,5,25,0.45,0.985,20,0.02,1,10,01_PARAMETROS / hipótesis común,,,,"Fixture de contabilidad, NO cotización de esta estrategia. Reemplazar entradas y adjuntar evidencia para usar datos reales."
MEV-06-019,6,Canonical-vs-fast-bridge arbitrage,SIMULADO_CONTABLE,TOKEN_REF_SIM,1,10000,10000,400,20,CAPITAL_SIM,0,9,30,10,5,25,0.45,0.985,20,0.02,1,10,01_PARAMETROS / hipótesis común,,,,"Fixture de contabilidad, NO cotización de esta estrategia. Reemplazar entradas y adjuntar evidencia para usar datos reales."
MEV-06-020,6,Wrapped-representation arbitrage,SIMULADO_CONTABLE,TOKEN_REF_SIM,1,10000,10000,400,20,CAPITAL_SIM,0,9,30,10,5,25,0.45,0.985,20,0.02,1,10,01_PARAMETROS / hipótesis común,,,,"Fixture de contabilidad, NO cotización de esta estrategia. Reemplazar entradas y adjuntar evidencia para usar datos reales."
MEV-06-021,6,Message-latency arbitrage,SIMULADO_CONTABLE,TOKEN_REF_SIM,1,10000,10000,400,20,CAPITAL_SIM,0,9,30,10,5,25,0.45,0.985,20,0.02,1,10,01_PARAMETROS / hipótesis común,,,,"Fixture de contabilidad, NO cotización de esta estrategia. Reemplazar entradas y adjuntar evidencia para usar datos reales."
MEV-06-022,6,Finality-delay arbitrage,SIMULADO_CONTABLE,TOKEN_REF_SIM,1,10000,10000,400,20,CAPITAL_SIM,0,9,30,10,5,25,0.45,0.985,20,0.02,1,10,01_PARAMETROS / hipótesis común,,,,"Fixture de contabilidad, NO cotización de esta estrategia. Reemplazar entradas y adjuntar evidencia para usar datos reales."
MEV-06-023,6,Pre-positioned inventory arbitrage,SIMULADO_CONTABLE,TOKEN_REF_SIM,1,10000,10000,400,20,CAPITAL_SIM,0,9,30,10,5,25,0.45,0.985,20,0.02,1,10,01_PARAMETROS / hipótesis común,,,,"Fixture de contabilidad, NO cotización de esta estrategia. Reemplazar entradas y adjuntar evidencia para usar datos reales."
MEV-06-024,6,Bridge-in-the-loop arbitrage,SIMULADO_CONTABLE,TOKEN_REF_SIM,1,10000,10000,400,20,CAPITAL_SIM,0,9,30,10,5,25,0.45,0.985,20,0.02,1,10,01_PARAMETROS / hipótesis común,,,,"Fixture de contabilidad, NO cotización de esta estrategia. Reemplazar entradas y adjuntar evidencia para usar datos reales."
MEV-06-025,6,Cross-chain intent arbitrage,SIMULADO_CONTABLE,TOKEN_REF_SIM,1,10000,10000,400,20,CAPITAL_SIM,0,9,30,10,5,25,0.45,0.985,20,0.02,1,10,01_PARAMETROS / hipótesis común,,,,"Fixture de contabilidad, NO cotización de esta estrategia. Reemplazar entradas y adjuntar evidencia para usar datos reales."
MEV-06-026,6,Cross-chain solver arbitrage,SIMULADO_CONTABLE,TOKEN_REF_SIM,1,10000,10000,400,20,CAPITAL_SIM,0,9,30,10,5,25,0.45,0.985,20,0.02,1,10,01_PARAMETROS / hipótesis común,,,,"Fixture de contabilidad, NO cotización de esta estrategia. Reemplazar entradas y adjuntar evidencia para usar datos reales."
MEV-06-027,6,Shared-sequencer arbitrage,SIMULADO_CONTABLE,TOKEN_REF_SIM,1,10000,10000,400,20,CAPITAL_SIM,0,9,30,10,5,25,0.45,0.985,20,0.02,1,10,01_PARAMETROS / hipótesis común,,,,"Fixture de contabilidad, NO cotización de esta estrategia. Reemplazar entradas y adjuntar evidencia para usar datos reales."
MEV-06-028,6,Sequencer–builder cross-domain arbitrage,SIMULADO_CONTABLE,TOKEN_REF_SIM,1,10000,10000,400,20,CAPITAL_SIM,0,9,30,10,5,25,0.45,0.985,20,0.02,1,10,01_PARAMETROS / hipótesis común,,,,"Fixture de contabilidad, NO cotización de esta estrategia. Reemplazar entradas y adjuntar evidencia para usar datos reales."
MEV-06-029,6,Cross-domain oracle arbitrage,SIMULADO_CONTABLE,TOKEN_REF_SIM,1,10000,10000,400,20,CAPITAL_SIM,0,9,30,10,5,25,0.45,0.985,20,0.02,1,10,01_PARAMETROS / hipótesis común,,,,"Fixture de contabilidad, NO cotización de esta estrategia. Reemplazar entradas y adjuntar evidencia para usar datos reales."
MEV-06-030,6,Cross-chain liquidation arbitrage,SIMULADO_CONTABLE,TOKEN_REF_SIM,1,10000,10000,400,20,CAPITAL_SIM,0,9,30,10,5,25,0.45,0.985,20,0.02,1,10,01_PARAMETROS / hipótesis común,,,,"Fixture de contabilidad, NO cotización de esta estrategia. Reemplazar entradas y adjuntar evidencia para usar datos reales."
MEV-07-001,7,Spot–perpetual arbitrage,SIMULADO_CONTABLE,TOKEN_REF_SIM,1,10000,10000,400,20,CAPITAL_SIM,0,9,30,10,5,25,0.45,0.985,20,0.02,1,10,01_PARAMETROS / hipótesis común,,,,"Fixture de contabilidad, NO cotización de esta estrategia. Reemplazar entradas y adjuntar evidencia para usar datos reales."
MEV-07-002,7,Perpetual–perpetual arbitrage,SIMULADO_CONTABLE,TOKEN_REF_SIM,1,10000,10000,400,20,CAPITAL_SIM,0,9,30,10,5,25,0.45,0.985,20,0.02,1,10,01_PARAMETROS / hipótesis común,,,,"Fixture de contabilidad, NO cotización de esta estrategia. Reemplazar entradas y adjuntar evidencia para usar datos reales."
MEV-07-003,7,Spot–future arbitrage,SIMULADO_CONTABLE,TOKEN_REF_SIM,1,10000,10000,400,20,CAPITAL_SIM,0,9,30,10,5,25,0.45,0.985,20,0.02,1,10,01_PARAMETROS / hipótesis común,,,,"Fixture de contabilidad, NO cotización de esta estrategia. Reemplazar entradas y adjuntar evidencia para usar datos reales."
MEV-07-004,7,Future–future arbitrage,SIMULADO_CONTABLE,TOKEN_REF_SIM,1,10000,10000,400,20,CAPITAL_SIM,0,9,30,10,5,25,0.45,0.985,20,0.02,1,10,01_PARAMETROS / hipótesis común,,,,"Fixture de contabilidad, NO cotización de esta estrategia. Reemplazar entradas y adjuntar evidencia para usar datos reales."
MEV-07-005,7,Cash-and-carry arbitrage,SIMULADO_CONTABLE,TOKEN_REF_SIM,1,10000,10000,400,20,CAPITAL_SIM,0,9,30,10,5,25,0.45,0.985,20,0.02,1,10,01_PARAMETROS / hipótesis común,,,,"Fixture de contabilidad, NO cotización de esta estrategia. Reemplazar entradas y adjuntar evidencia para usar datos reales."
MEV-07-006,7,Reverse cash-and-carry arbitrage,SIMULADO_CONTABLE,TOKEN_REF_SIM,1,10000,10000,400,20,CAPITAL_SIM,0,9,30,10,5,25,0.45,0.985,20,0.02,1,10,01_PARAMETROS / hipótesis común,,,,"Fixture de contabilidad, NO cotización de esta estrategia. Reemplazar entradas y adjuntar evidencia para usar datos reales."
MEV-07-007,7,Basis arbitrage,SIMULADO_CONTABLE,TOKEN_REF_SIM,1,10000,10000,400,20,CAPITAL_SIM,0,9,30,10,5,25,0.45,0.985,20,0.02,1,10,01_PARAMETROS / hipótesis común,,,,"Fixture de contabilidad, NO cotización de esta estrategia. Reemplazar entradas y adjuntar evidencia para usar datos reales."
MEV-07-008,7,Funding-rate arbitrage,SIMULADO_CONTABLE,TOKEN_REF_SIM,1,10000,10000,400,20,CAPITAL_SIM,0,9,30,10,5,25,0.45,0.985,20,0.02,1,10,01_PARAMETROS / hipótesis común,,,,"Fixture de contabilidad, NO cotización de esta estrategia. Reemplazar entradas y adjuntar evidencia para usar datos reales."
MEV-07-009,7,Cross-exchange funding arbitrage,SIMULADO_CONTABLE,TOKEN_REF_SIM,1,10000,10000,400,20,CAPITAL_SIM,0,9,30,10,5,25,0.45,0.985,20,0.02,1,10,01_PARAMETROS / hipótesis común,,,,"Fixture de contabilidad, NO cotización de esta estrategia. Reemplazar entradas y adjuntar evidencia para usar datos reales."
MEV-07-010,7,Calendar-spread arbitrage,SIMULADO_CONTABLE,TOKEN_REF_SIM,1,10000,10000,400,20,CAPITAL_SIM,0,9,30,10,5,25,0.45,0.985,20,0.02,1,10,01_PARAMETROS / hipótesis común,,,,"Fixture de contabilidad, NO cotización de esta estrategia. Reemplazar entradas y adjuntar evidencia para usar datos reales."
MEV-07-011,7,Cross-maturity futures arbitrage,SIMULADO_CONTABLE,TOKEN_REF_SIM,1,10000,10000,400,20,CAPITAL_SIM,0,9,30,10,5,25,0.45,0.985,20,0.02,1,10,01_PARAMETROS / hipótesis común,,,,"Fixture de contabilidad, NO cotización de esta estrategia. Reemplazar entradas y adjuntar evidencia para usar datos reales."
MEV-07-012,7,Index-price arbitrage,SIMULADO_CONTABLE,TOKEN_REF_SIM,1,10000,10000,400,20,CAPITAL_SIM,0,9,30,10,5,25,0.45,0.985,20,0.02,1,10,01_PARAMETROS / hipótesis común,,,,"Fixture de contabilidad, NO cotización de esta estrategia. Reemplazar entradas y adjuntar evidencia para usar datos reales."
MEV-07-013,7,Mark-price arbitrage,SIMULADO_CONTABLE,TOKEN_REF_SIM,1,10000,10000,400,20,CAPITAL_SIM,0,9,30,10,5,25,0.45,0.985,20,0.02,1,10,01_PARAMETROS / hipótesis común,,,,"Fixture de contabilidad, NO cotización de esta estrategia. Reemplazar entradas y adjuntar evidencia para usar datos reales."
MEV-07-014,7,Oracle–perpetual arbitrage,SIMULADO_CONTABLE,TOKEN_REF_SIM,1,10000,10000,400,20,CAPITAL_SIM,0,9,30,10,5,25,0.45,0.985,20,0.02,1,10,01_PARAMETROS / hipótesis común,,,,"Fixture de contabilidad, NO cotización de esta estrategia. Reemplazar entradas y adjuntar evidencia para usar datos reales."
MEV-07-015,7,vAMM–spot arbitrage,SIMULADO_CONTABLE,TOKEN_REF_SIM,1,10000,10000,400,20,CAPITAL_SIM,0,9,30,10,5,25,0.45,0.985,20,0.02,1,10,01_PARAMETROS / hipótesis común,,,,"Fixture de contabilidad, NO cotización de esta estrategia. Reemplazar entradas y adjuntar evidencia para usar datos reales."
MEV-07-016,7,Options put–call parity arbitrage,SIMULADO_CONTABLE,TOKEN_REF_SIM,1,10000,10000,400,20,CAPITAL_SIM,0,9,30,10,5,25,0.45,0.985,20,0.02,1,10,01_PARAMETROS / hipótesis común,,,,"Fixture de contabilidad, NO cotización de esta estrategia. Reemplazar entradas y adjuntar evidencia para usar datos reales."
MEV-07-017,7,Conversion arbitrage,SIMULADO_CONTABLE,TOKEN_REF_SIM,1,10000,10000,400,20,CAPITAL_SIM,0,9,30,10,5,25,0.45,0.985,20,0.02,1,10,01_PARAMETROS / hipótesis común,,,,"Fixture de contabilidad, NO cotización de esta estrategia. Reemplazar entradas y adjuntar evidencia para usar datos reales."
MEV-07-018,7,Reversal arbitrage,SIMULADO_CONTABLE,TOKEN_REF_SIM,1,10000,10000,400,20,CAPITAL_SIM,0,9,30,10,5,25,0.45,0.985,20,0.02,1,10,01_PARAMETROS / hipótesis común,,,,"Fixture de contabilidad, NO cotización de esta estrategia. Reemplazar entradas y adjuntar evidencia para usar datos reales."
MEV-07-019,7,Box-spread arbitrage,SIMULADO_CONTABLE,TOKEN_REF_SIM,1,10000,10000,400,20,CAPITAL_SIM,0,9,30,10,5,25,0.45,0.985,20,0.02,1,10,01_PARAMETROS / hipótesis común,,,,"Fixture de contabilidad, NO cotización de esta estrategia. Reemplazar entradas y adjuntar evidencia para usar datos reales."
MEV-07-020,7,Cross-strike arbitrage,SIMULADO_CONTABLE,TOKEN_REF_SIM,1,10000,10000,400,20,CAPITAL_SIM,0,9,30,10,5,25,0.45,0.985,20,0.02,1,10,01_PARAMETROS / hipótesis común,,,,"Fixture de contabilidad, NO cotización de esta estrategia. Reemplazar entradas y adjuntar evidencia para usar datos reales."
MEV-07-021,7,Cross-expiry options arbitrage,SIMULADO_CONTABLE,TOKEN_REF_SIM,1,10000,10000,400,20,CAPITAL_SIM,0,9,30,10,5,25,0.45,0.985,20,0.02,1,10,01_PARAMETROS / hipótesis común,,,,"Fixture de contabilidad, NO cotización de esta estrategia. Reemplazar entradas y adjuntar evidencia para usar datos reales."
MEV-07-022,7,Options AMM–order-book arbitrage,SIMULADO_CONTABLE,TOKEN_REF_SIM,1,10000,10000,400,20,CAPITAL_SIM,0,9,30,10,5,25,0.45,0.985,20,0.02,1,10,01_PARAMETROS / hipótesis común,,,,"Fixture de contabilidad, NO cotización de esta estrategia. Reemplazar entradas y adjuntar evidencia para usar datos reales."
MEV-07-023,7,Cross-venue implied-volatility arbitrage,SIMULADO_CONTABLE,TOKEN_REF_SIM,1,10000,10000,400,20,CAPITAL_SIM,0,9,30,10,5,25,0.45,0.985,20,0.02,1,10,01_PARAMETROS / hipótesis común,,,,"Fixture de contabilidad, NO cotización de esta estrategia. Reemplazar entradas y adjuntar evidencia para usar datos reales."
MEV-07-024,7,Volatility-surface inconsistency arbitrage,SIMULADO_CONTABLE,TOKEN_REF_SIM,1,10000,10000,400,20,CAPITAL_SIM,0,9,30,10,5,25,0.45,0.985,20,0.02,1,10,01_PARAMETROS / hipótesis común,,,,"Fixture de contabilidad, NO cotización de esta estrategia. Reemplazar entradas y adjuntar evidencia para usar datos reales."
MEV-07-025,7,Delta-hedged options arbitrage,SIMULADO_CONTABLE,TOKEN_REF_SIM,1,10000,10000,400,20,CAPITAL_SIM,0,9,30,10,5,25,0.45,0.985,20,0.02,1,10,01_PARAMETROS / hipótesis común,,,,"Fixture de contabilidad, NO cotización de esta estrategia. Reemplazar entradas y adjuntar evidencia para usar datos reales."
MEV-07-026,7,Settlement-price arbitrage,SIMULADO_CONTABLE,TOKEN_REF_SIM,1,10000,10000,400,20,CAPITAL_SIM,0,9,30,10,5,25,0.45,0.985,20,0.02,1,10,01_PARAMETROS / hipótesis común,,,,"Fixture de contabilidad, NO cotización de esta estrategia. Reemplazar entradas y adjuntar evidencia para usar datos reales."
MEV-07-027,7,Expiry arbitrage,SIMULADO_CONTABLE,TOKEN_REF_SIM,1,10000,10000,400,20,CAPITAL_SIM,0,9,30,10,5,25,0.45,0.985,20,0.02,1,10,01_PARAMETROS / hipótesis común,,,,"Fixture de contabilidad, NO cotización de esta estrategia. Reemplazar entradas y adjuntar evidencia para usar datos reales."
MEV-07-028,7,Derivative-liquidation arbitrage,SIMULADO_CONTABLE,TOKEN_REF_SIM,1,10000,10000,400,20,CAPITAL_SIM,0,9,30,10,5,25,0.45,0.985,20,0.02,1,10,01_PARAMETROS / hipótesis común,,,,"Fixture de contabilidad, NO cotización de esta estrategia. Reemplazar entradas y adjuntar evidencia para usar datos reales."
MEV-07-029,7,Structured-product parity arbitrage,SIMULADO_CONTABLE,TOKEN_REF_SIM,1,10000,10000,400,20,CAPITAL_SIM,0,9,30,10,5,25,0.45,0.985,20,0.02,1,10,01_PARAMETROS / hipótesis común,,,,"Fixture de contabilidad, NO cotización de esta estrategia. Reemplazar entradas y adjuntar evidencia para usar datos reales."
MEV-07-030,7,Leverage-token rebalancing arbitrage,SIMULADO_CONTABLE,TOKEN_REF_SIM,1,10000,10000,400,20,CAPITAL_SIM,0,9,30,10,5,25,0.45,0.985,20,0.02,1,10,01_PARAMETROS / hipótesis común,,,,"Fixture de contabilidad, NO cotización de esta estrategia. Reemplazar entradas y adjuntar evidencia para usar datos reales."
MEV-08-001,8,Borrow-rate arbitrage,SIMULADO_CONTABLE,TOKEN_REF_SIM,1,10000,10000,400,20,CAPITAL_SIM,0,9,30,10,5,25,0.45,0.985,20,0.02,1,10,01_PARAMETROS / hipótesis común,,,,"Fixture de contabilidad, NO cotización de esta estrategia. Reemplazar entradas y adjuntar evidencia para usar datos reales."
MEV-08-002,8,Supply-rate arbitrage,SIMULADO_CONTABLE,TOKEN_REF_SIM,1,10000,10000,400,20,CAPITAL_SIM,0,9,30,10,5,25,0.45,0.985,20,0.02,1,10,01_PARAMETROS / hipótesis común,,,,"Fixture de contabilidad, NO cotización de esta estrategia. Reemplazar entradas y adjuntar evidencia para usar datos reales."
MEV-08-003,8,Cross-lending-protocol arbitrage,SIMULADO_CONTABLE,TOKEN_REF_SIM,1,10000,10000,400,20,FLASH_SIM,10000,9,30,10,5,25,0.45,0.985,20,0.02,1,10,01_PARAMETROS / hipótesis común,,,,"Fixture de contabilidad, NO cotización de esta estrategia. Reemplazar entradas y adjuntar evidencia para usar datos reales."
MEV-08-004,8,Fixed-rate/floating-rate arbitrage,SIMULADO_CONTABLE,TOKEN_REF_SIM,1,10000,10000,400,20,CAPITAL_SIM,0,9,30,10,5,25,0.45,0.985,20,0.02,1,10,01_PARAMETROS / hipótesis común,,,,"Fixture de contabilidad, NO cotización de esta estrategia. Reemplazar entradas y adjuntar evidencia para usar datos reales."
MEV-08-005,8,Refinancing arbitrage,SIMULADO_CONTABLE,TOKEN_REF_SIM,1,10000,10000,400,20,CAPITAL_SIM,0,9,30,10,5,25,0.45,0.985,20,0.02,1,10,01_PARAMETROS / hipótesis común,,,,"Fixture de contabilidad, NO cotización de esta estrategia. Reemplazar entradas y adjuntar evidencia para usar datos reales."
MEV-08-006,8,Collateral-price arbitrage,SIMULADO_CONTABLE,TOKEN_REF_SIM,1,10000,10000,400,20,FLASH_SIM,10000,9,30,10,5,25,0.45,0.985,20,0.02,1,10,01_PARAMETROS / hipótesis común,,,,"Fixture de contabilidad, NO cotización de esta estrategia. Reemplazar entradas y adjuntar evidencia para usar datos reales."
MEV-08-007,8,Collateral-wrapper arbitrage,SIMULADO_CONTABLE,TOKEN_REF_SIM,1,10000,10000,400,20,FLASH_SIM,10000,9,30,10,5,25,0.45,0.985,20,0.02,1,10,01_PARAMETROS / hipótesis común,,,,"Fixture de contabilidad, NO cotización de esta estrategia. Reemplazar entradas y adjuntar evidencia para usar datos reales."
MEV-08-008,8,Debt-token arbitrage,SIMULADO_CONTABLE,TOKEN_REF_SIM,1,10000,10000,400,20,FLASH_SIM,10000,9,30,10,5,25,0.45,0.985,20,0.02,1,10,01_PARAMETROS / hipótesis común,,,,"Fixture de contabilidad, NO cotización de esta estrategia. Reemplazar entradas y adjuntar evidencia para usar datos reales."
MEV-08-009,8,Flash-loan rate arbitrage,SIMULADO_CONTABLE,TOKEN_REF_SIM,1,10000,10000,400,20,FLASH_SIM,10000,9,30,10,5,25,0.45,0.985,20,0.02,1,10,01_PARAMETROS / hipótesis común,,,,"Fixture de contabilidad, NO cotización de esta estrategia. Reemplazar entradas y adjuntar evidencia para usar datos reales."
MEV-08-010,8,Credit-delegation arbitrage,SIMULADO_CONTABLE,TOKEN_REF_SIM,1,10000,10000,400,20,CAPITAL_SIM,0,9,30,10,5,25,0.45,0.985,20,0.02,1,10,01_PARAMETROS / hipótesis común,,,,"Fixture de contabilidad, NO cotización de esta estrategia. Reemplazar entradas y adjuntar evidencia para usar datos reales."
MEV-08-011,8,Leverage-loop arbitrage,SIMULADO_CONTABLE,TOKEN_REF_SIM,1,10000,10000,400,20,FLASH_SIM,10000,9,30,10,5,25,0.45,0.985,20,0.02,1,10,01_PARAMETROS / hipótesis común,,,,"Fixture de contabilidad, NO cotización de esta estrategia. Reemplazar entradas y adjuntar evidencia para usar datos reales."
MEV-08-012,8,Liquidation discount arbitrage,SIMULADO_CONTABLE,TOKEN_REF_SIM,1,10000,10000,400,20,FLASH_SIM,10000,9,30,10,5,25,0.45,0.985,20,0.02,1,10,01_PARAMETROS / hipótesis común,,,,"Fixture de contabilidad, NO cotización de esta estrategia. Reemplazar entradas y adjuntar evidencia para usar datos reales."
MEV-08-013,8,Partial-liquidation arbitrage,SIMULADO_CONTABLE,TOKEN_REF_SIM,1,10000,10000,400,20,FLASH_SIM,10000,9,30,10,5,25,0.45,0.985,20,0.02,1,10,01_PARAMETROS / hipótesis común,,,,"Fixture de contabilidad, NO cotización de esta estrategia. Reemplazar entradas y adjuntar evidencia para usar datos reales."
MEV-08-014,8,Full-liquidation arbitrage,SIMULADO_CONTABLE,TOKEN_REF_SIM,1,10000,10000,400,20,FLASH_SIM,10000,9,30,10,5,25,0.45,0.985,20,0.02,1,10,01_PARAMETROS / hipótesis común,,,,"Fixture de contabilidad, NO cotización de esta estrategia. Reemplazar entradas y adjuntar evidencia para usar datos reales."
MEV-08-015,8,Cross-protocol liquidation arbitrage,SIMULADO_CONTABLE,TOKEN_REF_SIM,1,10000,10000,400,20,FLASH_SIM,10000,9,30,10,5,25,0.45,0.985,20,0.02,1,10,01_PARAMETROS / hipótesis común,,,,"Fixture de contabilidad, NO cotización de esta estrategia. Reemplazar entradas y adjuntar evidencia para usar datos reales."
MEV-08-016,8,Cross-chain liquidation arbitrage,SIMULADO_CONTABLE,TOKEN_REF_SIM,1,10000,10000,400,20,CAPITAL_SIM,0,9,30,10,5,25,0.45,0.985,20,0.02,1,10,01_PARAMETROS / hipótesis común,,,,"Fixture de contabilidad, NO cotización de esta estrategia. Reemplazar entradas y adjuntar evidencia para usar datos reales."
MEV-08-017,8,Oracle-update liquidation backrun,SIMULADO_CONTABLE,TOKEN_REF_SIM,1,10000,10000,400,20,FLASH_SIM,10000,9,30,10,5,25,0.45,0.985,20,0.02,1,10,01_PARAMETROS / hipótesis común,,,,"Fixture de contabilidad, NO cotización de esta estrategia. Reemplazar entradas y adjuntar evidencia para usar datos reales."
MEV-08-018,8,Liquidation-auction arbitrage,SIMULADO_CONTABLE,TOKEN_REF_SIM,1,10000,10000,400,20,FLASH_SIM,10000,9,30,10,5,25,0.45,0.985,20,0.02,1,10,01_PARAMETROS / hipótesis común,,,,"Fixture de contabilidad, NO cotización de esta estrategia. Reemplazar entradas y adjuntar evidencia para usar datos reales."
MEV-08-019,8,Dutch-auction liquidation arbitrage,SIMULADO_CONTABLE,TOKEN_REF_SIM,1,10000,10000,400,20,FLASH_SIM,10000,9,30,10,5,25,0.45,0.985,20,0.02,1,10,01_PARAMETROS / hipótesis común,,,,"Fixture de contabilidad, NO cotización de esta estrategia. Reemplazar entradas y adjuntar evidencia para usar datos reales."
MEV-08-020,8,Bad-debt auction arbitrage,SIMULADO_CONTABLE,TOKEN_REF_SIM,1,10000,10000,400,20,FLASH_SIM,10000,9,30,10,5,25,0.45,0.985,20,0.02,1,10,01_PARAMETROS / hipótesis común,,,,"Fixture de contabilidad, NO cotización de esta estrategia. Reemplazar entradas y adjuntar evidencia para usar datos reales."
MEV-08-021,8,Recapitalization auction arbitrage,SIMULADO_CONTABLE,TOKEN_REF_SIM,1,10000,10000,400,20,FLASH_SIM,10000,9,30,10,5,25,0.45,0.985,20,0.02,1,10,01_PARAMETROS / hipótesis común,,,,"Fixture de contabilidad, NO cotización de esta estrategia. Reemplazar entradas y adjuntar evidencia para usar datos reales."
MEV-08-022,8,Collateral redemption arbitrage,SIMULADO_CONTABLE,TOKEN_REF_SIM,1,10000,10000,400,20,FLASH_SIM,10000,9,30,10,5,25,0.45,0.985,20,0.02,1,10,01_PARAMETROS / hipótesis común,,,,"Fixture de contabilidad, NO cotización de esta estrategia. Reemplazar entradas y adjuntar evidencia para usar datos reales."
MEV-08-023,8,Debt-repayment arbitrage,SIMULADO_CONTABLE,TOKEN_REF_SIM,1,10000,10000,400,20,FLASH_SIM,10000,9,30,10,5,25,0.45,0.985,20,0.02,1,10,01_PARAMETROS / hipótesis común,,,,"Fixture de contabilidad, NO cotización de esta estrategia. Reemplazar entradas y adjuntar evidencia para usar datos reales."
MEV-08-024,8,Underwater-position takeover arbitrage,SIMULADO_CONTABLE,TOKEN_REF_SIM,1,10000,10000,400,20,FLASH_SIM,10000,9,30,10,5,25,0.45,0.985,20,0.02,1,10,01_PARAMETROS / hipótesis común,,,,"Fixture de contabilidad, NO cotización de esta estrategia. Reemplazar entradas y adjuntar evidencia para usar datos reales."
MEV-08-025,8,Interest-accrual timing arbitrage,SIMULADO_CONTABLE,TOKEN_REF_SIM,1,10000,10000,400,20,CAPITAL_SIM,0,9,30,10,5,25,0.45,0.985,20,0.02,1,10,01_PARAMETROS / hipótesis común,,,,"Fixture de contabilidad, NO cotización de esta estrategia. Reemplazar entradas y adjuntar evidencia para usar datos reales."
MEV-09-001,9,Solver arbitrage,SIMULADO_CONTABLE,TOKEN_REF_SIM,1,10000,10000,400,20,FLASH_SIM,10000,9,30,10,5,25,0.45,0.985,20,0.02,1,10,01_PARAMETROS / hipótesis común,,,,"Fixture de contabilidad, NO cotización de esta estrategia. Reemplazar entradas y adjuntar evidencia para usar datos reales."
MEV-09-002,9,Intent-to-AMM arbitrage,SIMULADO_CONTABLE,TOKEN_REF_SIM,1,10000,10000,400,20,FLASH_SIM,10000,9,30,10,5,25,0.45,0.985,20,0.02,1,10,01_PARAMETROS / hipótesis común,,,,"Fixture de contabilidad, NO cotización de esta estrategia. Reemplazar entradas y adjuntar evidencia para usar datos reales."
MEV-09-003,9,Intent-to-CLOB arbitrage,SIMULADO_CONTABLE,TOKEN_REF_SIM,1,10000,10000,400,20,FLASH_SIM,10000,9,30,10,5,25,0.45,0.985,20,0.02,1,10,01_PARAMETROS / hipótesis común,,,,"Fixture de contabilidad, NO cotización de esta estrategia. Reemplazar entradas y adjuntar evidencia para usar datos reales."
MEV-09-004,9,Intent-to-RFQ arbitrage,SIMULADO_CONTABLE,TOKEN_REF_SIM,1,10000,10000,400,20,FLASH_SIM,10000,9,30,10,5,25,0.45,0.985,20,0.02,1,10,01_PARAMETROS / hipótesis común,,,,"Fixture de contabilidad, NO cotización de esta estrategia. Reemplazar entradas y adjuntar evidencia para usar datos reales."
MEV-09-005,9,Cross-intent netting arbitrage,SIMULADO_CONTABLE,TOKEN_REF_SIM,1,10000,10000,400,20,FLASH_SIM,10000,9,30,10,5,25,0.45,0.985,20,0.02,1,10,01_PARAMETROS / hipótesis común,,,,"Fixture de contabilidad, NO cotización de esta estrategia. Reemplazar entradas y adjuntar evidencia para usar datos reales."
MEV-09-006,9,Coincidence-of-Wants settlement,SIMULADO_CONTABLE,TOKEN_REF_SIM,1,10000,10000,400,20,FLASH_SIM,10000,9,30,10,5,25,0.45,0.985,20,0.02,1,10,01_PARAMETROS / hipótesis común,,,,"Fixture de contabilidad, NO cotización de esta estrategia. Reemplazar entradas y adjuntar evidencia para usar datos reales."
MEV-09-007,9,Batch-auction arbitrage,SIMULADO_CONTABLE,TOKEN_REF_SIM,1,10000,10000,400,20,FLASH_SIM,10000,9,30,10,5,25,0.45,0.985,20,0.02,1,10,01_PARAMETROS / hipótesis común,,,,"Fixture de contabilidad, NO cotización de esta estrategia. Reemplazar entradas y adjuntar evidencia para usar datos reales."
MEV-09-008,9,Combinatorial-auction arbitrage,SIMULADO_CONTABLE,TOKEN_REF_SIM,1,10000,10000,400,20,FLASH_SIM,10000,9,30,10,5,25,0.45,0.985,20,0.02,1,10,01_PARAMETROS / hipótesis común,,,,"Fixture de contabilidad, NO cotización de esta estrategia. Reemplazar entradas y adjuntar evidencia para usar datos reales."
MEV-09-009,9,Dutch-auction decay arbitrage,SIMULADO_CONTABLE,TOKEN_REF_SIM,1,10000,10000,400,20,FLASH_SIM,10000,9,30,10,5,25,0.45,0.985,20,0.02,1,10,01_PARAMETROS / hipótesis común,,,,"Fixture de contabilidad, NO cotización de esta estrategia. Reemplazar entradas y adjuntar evidencia para usar datos reales."
MEV-09-010,9,Exclusive-order-flow arbitrage,SIMULADO_CONTABLE,TOKEN_REF_SIM,1,10000,10000,400,20,FLASH_SIM,10000,9,30,10,5,25,0.45,0.985,20,0.02,1,10,01_PARAMETROS / hipótesis común,,,,"Fixture de contabilidad, NO cotización de esta estrategia. Reemplazar entradas y adjuntar evidencia para usar datos reales."
MEV-09-011,9,Order-flow-auction arbitrage,SIMULADO_CONTABLE,TOKEN_REF_SIM,1,10000,10000,400,20,FLASH_SIM,10000,9,30,10,5,25,0.45,0.985,20,0.02,1,10,01_PARAMETROS / hipótesis común,,,,"Fixture de contabilidad, NO cotización de esta estrategia. Reemplazar entradas y adjuntar evidencia para usar datos reales."
MEV-09-012,9,Surplus-capture arbitrage,SIMULADO_CONTABLE,TOKEN_REF_SIM,1,10000,10000,400,20,FLASH_SIM,10000,9,30,10,5,25,0.45,0.985,20,0.02,1,10,01_PARAMETROS / hipótesis común,,,,"Fixture de contabilidad, NO cotización de esta estrategia. Reemplazar entradas y adjuntar evidencia para usar datos reales."
MEV-09-013,9,Price-improvement arbitrage,SIMULADO_CONTABLE,TOKEN_REF_SIM,1,10000,10000,400,20,FLASH_SIM,10000,9,30,10,5,25,0.45,0.985,20,0.02,1,10,01_PARAMETROS / hipótesis común,,,,"Fixture de contabilidad, NO cotización de esta estrategia. Reemplazar entradas y adjuntar evidencia para usar datos reales."
MEV-09-014,9,Internalization arbitrage,SIMULADO_CONTABLE,TOKEN_REF_SIM,1,10000,10000,400,20,FLASH_SIM,10000,9,30,10,5,25,0.45,0.985,20,0.02,1,10,01_PARAMETROS / hipótesis común,,,,"Fixture de contabilidad, NO cotización de esta estrategia. Reemplazar entradas y adjuntar evidencia para usar datos reales."
MEV-09-015,9,Solver-routing arbitrage,SIMULADO_CONTABLE,TOKEN_REF_SIM,1,10000,10000,400,20,FLASH_SIM,10000,9,30,10,5,25,0.45,0.985,20,0.02,1,10,01_PARAMETROS / hipótesis común,,,,"Fixture de contabilidad, NO cotización de esta estrategia. Reemplazar entradas y adjuntar evidencia para usar datos reales."
MEV-09-016,9,Solver–solver latency arbitrage,SIMULADO_CONTABLE,TOKEN_REF_SIM,1,10000,10000,400,20,FLASH_SIM,10000,9,30,10,5,25,0.45,0.985,20,0.02,1,10,01_PARAMETROS / hipótesis común,,,,"Fixture de contabilidad, NO cotización de esta estrategia. Reemplazar entradas y adjuntar evidencia para usar datos reales."
MEV-09-017,9,Private-order-flow backrun,SIMULADO_CONTABLE,TOKEN_REF_SIM,1,10000,10000,400,20,FLASH_SIM,10000,9,30,10,5,25,0.45,0.985,20,0.02,1,10,01_PARAMETROS / hipótesis común,,,,"Fixture de contabilidad, NO cotización de esta estrategia. Reemplazar entradas y adjuntar evidencia para usar datos reales."
MEV-09-018,9,MEV-Share backrun arbitrage,SIMULADO_CONTABLE,TOKEN_REF_SIM,1,10000,10000,400,20,FLASH_SIM,10000,9,30,10,5,25,0.45,0.985,20,0.02,1,10,01_PARAMETROS / hipótesis común,,,,"Fixture de contabilidad, NO cotización de esta estrategia. Reemplazar entradas y adjuntar evidencia para usar datos reales."
MEV-09-019,9,Builder-integrated arbitrage,SIMULADO_CONTABLE,TOKEN_REF_SIM,1,10000,10000,400,20,FLASH_SIM,10000,9,30,10,5,25,0.45,0.985,20,0.02,1,10,01_PARAMETROS / hipótesis común,,,,"Fixture de contabilidad, NO cotización de esta estrategia. Reemplazar entradas y adjuntar evidencia para usar datos reales."
MEV-09-020,9,Searcher–builder vertically integrated arbitrage,SIMULADO_CONTABLE,TOKEN_REF_SIM,1,10000,10000,400,20,FLASH_SIM,10000,9,30,10,5,25,0.45,0.985,20,0.02,1,10,01_PARAMETROS / hipótesis común,,,,"Fixture de contabilidad, NO cotización de esta estrategia. Reemplazar entradas y adjuntar evidencia para usar datos reales."
MEV-10-001,10,Cross-marketplace NFT arbitrage,SIMULADO_CONTABLE,TOKEN_REF_SIM,1,10000,10000,400,20,CAPITAL_SIM,0,9,30,10,5,25,0.45,0.985,20,0.02,1,10,01_PARAMETROS / hipótesis común,,,,"Fixture de contabilidad, NO cotización de esta estrategia. Reemplazar entradas y adjuntar evidencia para usar datos reales."
MEV-10-002,10,Floor-price arbitrage,SIMULADO_CONTABLE,TOKEN_REF_SIM,1,10000,10000,400,20,CAPITAL_SIM,0,9,30,10,5,25,0.45,0.985,20,0.02,1,10,01_PARAMETROS / hipótesis común,,,,"Fixture de contabilidad, NO cotización de esta estrategia. Reemplazar entradas y adjuntar evidencia para usar datos reales."
MEV-10-003,10,Trait-floor arbitrage,SIMULADO_CONTABLE,TOKEN_REF_SIM,1,10000,10000,400,20,CAPITAL_SIM,0,9,30,10,5,25,0.45,0.985,20,0.02,1,10,01_PARAMETROS / hipótesis común,,,,"Fixture de contabilidad, NO cotización de esta estrategia. Reemplazar entradas y adjuntar evidencia para usar datos reales."
MEV-10-004,10,Collection basket arbitrage,SIMULADO_CONTABLE,TOKEN_REF_SIM,1,10000,10000,400,20,CAPITAL_SIM,0,9,30,10,5,25,0.45,0.985,20,0.02,1,10,01_PARAMETROS / hipótesis común,,,,"Fixture de contabilidad, NO cotización de esta estrategia. Reemplazar entradas y adjuntar evidencia para usar datos reales."
MEV-10-005,10,Bid–ask NFT arbitrage,SIMULADO_CONTABLE,TOKEN_REF_SIM,1,10000,10000,400,20,CAPITAL_SIM,0,9,30,10,5,25,0.45,0.985,20,0.02,1,10,01_PARAMETROS / hipótesis común,,,,"Fixture de contabilidad, NO cotización de esta estrategia. Reemplazar entradas y adjuntar evidencia para usar datos reales."
MEV-10-006,10,AMM–marketplace NFT arbitrage,SIMULADO_CONTABLE,TOKEN_REF_SIM,1,10000,10000,400,20,CAPITAL_SIM,0,9,30,10,5,25,0.45,0.985,20,0.02,1,10,01_PARAMETROS / hipótesis común,,,,"Fixture de contabilidad, NO cotización de esta estrategia. Reemplazar entradas y adjuntar evidencia para usar datos reales."
MEV-10-007,10,NFT AMM–NFT AMM arbitrage,SIMULADO_CONTABLE,TOKEN_REF_SIM,1,10000,10000,400,20,CAPITAL_SIM,0,9,30,10,5,25,0.45,0.985,20,0.02,1,10,01_PARAMETROS / hipótesis común,,,,"Fixture de contabilidad, NO cotización de esta estrategia. Reemplazar entradas y adjuntar evidencia para usar datos reales."
MEV-10-008,10,Mint-to-secondary-market arbitrage,SIMULADO_CONTABLE,TOKEN_REF_SIM,1,10000,10000,400,20,CAPITAL_SIM,0,9,30,10,5,25,0.45,0.985,20,0.02,1,10,01_PARAMETROS / hipótesis común,,,,"Fixture de contabilidad, NO cotización de esta estrategia. Reemplazar entradas y adjuntar evidencia para usar datos reales."
MEV-10-009,10,Underpriced-listing arbitrage,SIMULADO_CONTABLE,TOKEN_REF_SIM,1,10000,10000,400,20,CAPITAL_SIM,0,9,30,10,5,25,0.45,0.985,20,0.02,1,10,01_PARAMETROS / hipótesis común,,,,"Fixture de contabilidad, NO cotización de esta estrategia. Reemplazar entradas y adjuntar evidencia para usar datos reales."
MEV-10-010,10,NFT fractionalization arbitrage,SIMULADO_CONTABLE,TOKEN_REF_SIM,1,10000,10000,400,20,CAPITAL_SIM,0,9,30,10,5,25,0.45,0.985,20,0.02,1,10,01_PARAMETROS / hipótesis común,,,,"Fixture de contabilidad, NO cotización de esta estrategia. Reemplazar entradas y adjuntar evidencia para usar datos reales."
MEV-10-011,10,Fractional-token redemption arbitrage,SIMULADO_CONTABLE,TOKEN_REF_SIM,1,10000,10000,400,20,CAPITAL_SIM,0,9,30,10,5,25,0.45,0.985,20,0.02,1,10,01_PARAMETROS / hipótesis común,,,,"Fixture de contabilidad, NO cotización de esta estrategia. Reemplazar entradas y adjuntar evidencia para usar datos reales."
MEV-10-012,10,NFT-backed-loan liquidation arbitrage,SIMULADO_CONTABLE,TOKEN_REF_SIM,1,10000,10000,400,20,CAPITAL_SIM,0,9,30,10,5,25,0.45,0.985,20,0.02,1,10,01_PARAMETROS / hipótesis común,,,,"Fixture de contabilidad, NO cotización de esta estrategia. Reemplazar entradas y adjuntar evidencia para usar datos reales."
MEV-10-013,10,NFT rental-rights arbitrage,SIMULADO_CONTABLE,TOKEN_REF_SIM,1,10000,10000,400,20,CAPITAL_SIM,0,9,30,10,5,25,0.45,0.985,20,0.02,1,10,01_PARAMETROS / hipótesis común,,,,"Fixture de contabilidad, NO cotización de esta estrategia. Reemplazar entradas y adjuntar evidencia para usar datos reales."
MEV-10-014,10,Gaming-asset marketplace arbitrage,SIMULADO_CONTABLE,TOKEN_REF_SIM,1,10000,10000,400,20,CAPITAL_SIM,0,9,30,10,5,25,0.45,0.985,20,0.02,1,10,01_PARAMETROS / hipótesis común,,,,"Fixture de contabilidad, NO cotización de esta estrategia. Reemplazar entradas y adjuntar evidencia para usar datos reales."
MEV-10-015,10,Cross-chain NFT arbitrage,SIMULADO_CONTABLE,TOKEN_REF_SIM,1,10000,10000,400,20,CAPITAL_SIM,0,9,30,10,5,25,0.45,0.985,20,0.02,1,10,01_PARAMETROS / hipótesis común,,,,"Fixture de contabilidad, NO cotización de esta estrategia. Reemplazar entradas y adjuntar evidencia para usar datos reales."
MEV-10-016,10,Royalty-adjusted marketplace arbitrage,SIMULADO_CONTABLE,TOKEN_REF_SIM,1,10000,10000,400,20,CAPITAL_SIM,0,9,30,10,5,25,0.45,0.985,20,0.02,1,10,01_PARAMETROS / hipótesis común,,,,"Fixture de contabilidad, NO cotización de esta estrategia. Reemplazar entradas y adjuntar evidencia para usar datos reales."
MEV-10-017,10,Bundle/unbundle NFT arbitrage,SIMULADO_CONTABLE,TOKEN_REF_SIM,1,10000,10000,400,20,CAPITAL_SIM,0,9,30,10,5,25,0.45,0.985,20,0.02,1,10,01_PARAMETROS / hipótesis común,,,,"Fixture de contabilidad, NO cotización de esta estrategia. Reemplazar entradas y adjuntar evidencia para usar datos reales."
MEV-10-018,10,Redeemable-NFT arbitrage,SIMULADO_CONTABLE,TOKEN_REF_SIM,1,10000,10000,400,20,CAPITAL_SIM,0,9,30,10,5,25,0.45,0.985,20,0.02,1,10,01_PARAMETROS / hipótesis común,,,,"Fixture de contabilidad, NO cotización de esta estrategia. Reemplazar entradas y adjuntar evidencia para usar datos reales."
MEV-11-001,11,Binary complement arbitrage,SIMULADO_CONTABLE,TOKEN_REF_SIM,1,10000,10000,400,20,CAPITAL_SIM,0,9,30,10,5,25,0.45,0.985,20,0.02,1,10,01_PARAMETROS / hipótesis común,,,,"Fixture de contabilidad, NO cotización de esta estrategia. Reemplazar entradas y adjuntar evidencia para usar datos reales."
MEV-11-002,11,Complete-set arbitrage,SIMULADO_CONTABLE,TOKEN_REF_SIM,1,10000,10000,400,20,CAPITAL_SIM,0,9,30,10,5,25,0.45,0.985,20,0.02,1,10,01_PARAMETROS / hipótesis común,,,,"Fixture de contabilidad, NO cotización de esta estrategia. Reemplazar entradas y adjuntar evidencia para usar datos reales."
MEV-11-003,11,Cross-platform prediction arbitrage,SIMULADO_CONTABLE,TOKEN_REF_SIM,1,10000,10000,400,20,CAPITAL_SIM,0,9,30,10,5,25,0.45,0.985,20,0.02,1,10,01_PARAMETROS / hipótesis común,,,,"Fixture de contabilidad, NO cotización de esta estrategia. Reemplazar entradas y adjuntar evidencia para usar datos reales."
MEV-11-004,11,Mutually-exclusive outcomes arbitrage,SIMULADO_CONTABLE,TOKEN_REF_SIM,1,10000,10000,400,20,CAPITAL_SIM,0,9,30,10,5,25,0.45,0.985,20,0.02,1,10,01_PARAMETROS / hipótesis común,,,,"Fixture de contabilidad, NO cotización de esta estrategia. Reemplazar entradas y adjuntar evidencia para usar datos reales."
MEV-11-005,11,Exhaustive-outcome basket arbitrage,SIMULADO_CONTABLE,TOKEN_REF_SIM,1,10000,10000,400,20,CAPITAL_SIM,0,9,30,10,5,25,0.45,0.985,20,0.02,1,10,01_PARAMETROS / hipótesis común,,,,"Fixture de contabilidad, NO cotización de esta estrategia. Reemplazar entradas y adjuntar evidencia para usar datos reales."
MEV-11-006,11,Conditional-token arbitrage,SIMULADO_CONTABLE,TOKEN_REF_SIM,1,10000,10000,400,20,CAPITAL_SIM,0,9,30,10,5,25,0.45,0.985,20,0.02,1,10,01_PARAMETROS / hipótesis común,,,,"Fixture de contabilidad, NO cotización de esta estrategia. Reemplazar entradas y adjuntar evidencia para usar datos reales."
MEV-11-007,11,Nested-market logical arbitrage,SIMULADO_CONTABLE,TOKEN_REF_SIM,1,10000,10000,400,20,CAPITAL_SIM,0,9,30,10,5,25,0.45,0.985,20,0.02,1,10,01_PARAMETROS / hipótesis común,,,,"Fixture de contabilidad, NO cotización de esta estrategia. Reemplazar entradas y adjuntar evidencia para usar datos reales."
MEV-11-008,11,Correlated-event arbitrage,SIMULADO_CONTABLE,TOKEN_REF_SIM,1,10000,10000,400,20,CAPITAL_SIM,0,9,30,10,5,25,0.45,0.985,20,0.02,1,10,01_PARAMETROS / hipótesis común,,,,"Fixture de contabilidad, NO cotización de esta estrategia. Reemplazar entradas y adjuntar evidencia para usar datos reales."
MEV-11-009,11,Resolution-source arbitrage,SIMULADO_CONTABLE,TOKEN_REF_SIM,1,10000,10000,400,20,CAPITAL_SIM,0,9,30,10,5,25,0.45,0.985,20,0.02,1,10,01_PARAMETROS / hipótesis común,,,,"Fixture de contabilidad, NO cotización de esta estrategia. Reemplazar entradas y adjuntar evidencia para usar datos reales."
MEV-11-010,11,Oracle-resolution timing arbitrage,SIMULADO_CONTABLE,TOKEN_REF_SIM,1,10000,10000,400,20,CAPITAL_SIM,0,9,30,10,5,25,0.45,0.985,20,0.02,1,10,01_PARAMETROS / hipótesis común,,,,"Fixture de contabilidad, NO cotización de esta estrategia. Reemplazar entradas y adjuntar evidencia para usar datos reales."
MEV-11-011,11,Pre-resolution settlement arbitrage,SIMULADO_CONTABLE,TOKEN_REF_SIM,1,10000,10000,400,20,CAPITAL_SIM,0,9,30,10,5,25,0.45,0.985,20,0.02,1,10,01_PARAMETROS / hipótesis común,,,,"Fixture de contabilidad, NO cotización de esta estrategia. Reemplazar entradas y adjuntar evidencia para usar datos reales."
MEV-11-012,11,Prediction AMM–order-book arbitrage,SIMULADO_CONTABLE,TOKEN_REF_SIM,1,10000,10000,400,20,CAPITAL_SIM,0,9,30,10,5,25,0.45,0.985,20,0.02,1,10,01_PARAMETROS / hipótesis común,,,,"Fixture de contabilidad, NO cotización de esta estrategia. Reemplazar entradas y adjuntar evidencia para usar datos reales."
