CONTRATO DE IMPLEMENTACIÓN | mínimo de beneficio verificable,,,,,,,
Especificación de interfaces y contabilidad; no smart contract desplegado. Caso A del Excel: flash+builder dentro del delta; gas+externos+intento fuera.,,,,,,,
ID,Campo_o_regla,Tipo_y_formula,Fuente_implementable,Test_o_invariant,Accion_correctiva,Limite_de_interpretacion,
C01,strategy_id / detector_id,string; registries de 264 IDs / 60 detectores,"02 / 14, fuente heredada",Identificador único y coincidencia con configuración,Duplicado -> corregir registry,No crea un módulo por nombrarlo.,
C02,execution_surface / model_kind,enum; atomic_single_chain | non_atomic | conditional,Clase fuente + prueba adapter,Debe coincidir con operación y temporalidad,Bridge presentado como flash global -> rediseñar,"144 Sí / 72 Condicional / 48 No son declaraciones de la fuente, no verificaciones.",
C03,code_hash / adapter_version,"hash; commit, ABI, deployment",Build y artefactos versionados,Simulación y ejecución usan idéntica versión,Mismatch -> reconstruir y re-simular,No usar aprobación genérica como sustituto.,
C04,snapshot_id / block_hash,chain_id + block_number + block_hash,RPC/venue por dominio,Todas las lecturas del dominio coherentes,Refrescar y recotizar,Ventana temporal explícita para no atómicos.,
C05,amount_in_raw,uint256/string decimal entero,"Balances, decimals y sizing exacto",Cantidad >0 y <=capacidad,Reducir tamaño y repetir quote,Excel sólo usa unidades humanas; no representa todos los uint256 exactamente.,
C06,amount_out_raw / quote_id,uint256 + snapshot_hash,Adapter quoter protocolar,Quote exacta incluye comisiones e impacto de swaps,Corregir redondeo o traversal de ticks,No restar swap fees de nuevo si ya están en amountOut.,
C07,cashflow_ledger,"array(asset,owner,amount,leg,cost_type,in_delta)",Quote/simulation/receipt,Toda partida incluida una vez y en su propia unidad,Reconciliar cada activo,Nunca sumar unidades de distintos tokens sin valoración.,
C08,gross_post_swaps_usd,decimal USD de referencia,Delta de ruta/posición factible,"Valor salida - entrada después de swaps, antes de costes externos",No reemplazar una cotización por spread objetivo,Las filas SIM son fixtures de contabilidad.,
C09,gas_success_usd,gas_used*effective_gas_price*native_usd + L1/data fees si aplican,"Simulación, fee quote y receipt",Priority fee incluida aquí,Separar pagos adicionales,Presupuesto previo no asegura coste final idéntico.,
C10,builder_extra_usd,decimal USD; pago directo adicional,Payload y receipt,No repetir priority fee de gas,Rehacer cost ledger,Dentro/fuera del delta se declara por activo.,
C11,flash_principal / premium,uint256 por activo,Proveedor y callback verificados,Repay=principal+premium exactamente; no abrir deuda persistente implícita,Consultar tarifa y corregir allowance,9 bps del fixture NO es tarifa oficial.,
C12,callback_auth,"lender,initiator,nonce,assets",Executor y proveedor elegido,Sólo callback esperado y contexto correcto,Reproducir y corregir autenticación,Interfaces por proveedor; no callback universal.,
C13,profit_objective_usd,"max(min_usd,notional*(target_roi+margin_bps/10000))",05 columna P,Objetivo estrictamente por encima de 2% con margen>0,"Resolver brecha de gross, tamaño o costes","Es objetivo, no forecast.",
C14,risk_reserve_usd,reserva>=0; no cash flow,Configuración prudencial explícita,Neto prudente=neto firmado-reserva,Calibrar con dispersión observada,No declarar reserva como gasto pagado.,
C15,min_delta_case_A_token,(gas+costes_externos_fuera_delta+coste_intento+reserva+objetivo)/precio_token,05 AA; hipótesis Caso A,Flash y builder ya debitados antes del balanceAfter; los otros costes aún fuera,Cambiar fórmula si cambia alcance del delta,Un precio conservador/validado es necesario; 1 USD es sólo unidad SIM.,
C16,min_profit_raw,ceil(min_delta_token*10^decimals) con aritmética entera,Cotizador/assembler fuera Excel,Redondear al alza; límites de overflow,Prueba independiente bigint,No convertir floats Excel a wei sin validación.,
C17,balance_before / balance_after,uint256 del mismo activo y owner,Balance anterior al préstamo y posterior al repayment/pagos incluidos,Medir después de cerrar deuda y antes de distribuir beneficio,Reordenar mediciones,Aportes/retiros externos se neutralizan.,
C18,surplus_condition,after-before-external_net_transfers >= min_profit_raw,Contrato executor,Assert/revert en la transacción atómica si falla,Requote / resolver costes / re-simular,Protege el mínimo definido; no garantiza USD ni gas de intentos revertidos.,
C19,atomic_repayment_boundary,outer call retorna tras liquidar préstamo; balances medidos allí,"API del proveedor, trace completo",No basta aprobar repayment sin que efectivamente se liquide,Verificar trace y cambios de saldo,La estructura exacta depende del proveedor.,
C20,native_gas_budget,presupuesto adicional por owner nativo,"Simulación, fee cap y receipt",Gas y extras sólo una vez; coste fuera del token delta,Recalcular coste si cambia fee o red,Una transacción revertida puede gastar gas.,
C21,non_atomic_branch_ledger,"array de escenarios excluyentes: p_j, net_j, exposición, duración",CEX/bridge/derivative model + datos observados,"Sum p=1; incluir fallos parciales, inventario, margen y hedge",Completar ramas antes de usar EV de producción,La fórmula binaria del fixture no es modelo completo de cada estrategia no atómica.,
C22,EV_per_attempt,sum_j(p_j*PnL_branch_j)-unconditional_attempt_cost,Ramas calibradas OOS,No multiplicar captura e inclusión si son el mismo evento,Reestimar probabilidades,Para atómico: pI*[pS*(gross-Csuccess)-(1-pS)*Cfail]-Cattempt.,
C23,probability_calibration,"muestra, intervalo, Brier/logloss y cutoff temporal",Historial observado; prior aparte,0<=p<=1; no look-ahead; holdout temporal,"Calibrar, no sustituir por resultados SIM","Probabilidades 0,45/0,985 son hipótesis comunes.",
C24,idempotency_key,chain+strategy+snapshot+payload+nonce,Queue/executor,No doble envío accidental ni doble contabilización,Reconciliar nonce y receipt,La repetición deliberada debe tener nuevo estado/coste.,
C25,first_execution,payload con límites técnicos y coste máximo; signer fuera Excel,Build+tests+simulación+config versionada,No se exigen 20 trades previos; se integra primer canary acotado,Resolver requisito concreto,El libro no habilita ni firma por sí mismo.,
C26,settlement_id / finality,tx_hash/receipt o fill_ids y estado final,RPC/venue,Coincide con candidato y ejecución; no sólo un texto arbitrario,Obtener prueba de settlement,Hash escrito manualmente no certifica por sí solo la operación.,
C27,reconciled_net_profit,value(after-before-net_external_contributions)-costs_not_in_delta,Balances + ledger + recibos,Positivos y negativos visibles; datos ausentes quedan ausentes,Investigar discrepancia,Una valoración marcada no equivale automáticamente a token vendido.,
C28,freshness_retry,deadline + re-quote + re-simulation,Monitoreo de mercado/estado,No reintentar la misma quote vencida,Refrescar pipeline,No subir slippage para prometer beneficio.,
C29,simulation_vs_realized,SIMULADO_CONTABLE | ESTIMADO_CON_EVIDENCIA | REALIZADO,Provenance + settlement,Sólo settlement con ledger puede etiquetarse REALIZADO,Corregir etiqueta/procedencia,No se agregan 264 ejemplos mutuamente excluyentes como ingreso de cartera.,
C30,catalog_scope,fuente documental != código auditado,20_CAMBIOS_FUENTES + sha256,"Cada requerimiento tiene artefacto, test y responsable","Completar tarea, no cambiar la etiqueta",No se inspeccionó repo ni se comprobaron endpoints reales.,
