OPERADORES | 31 identidades de la fuente,,,,,,,,,,
Base: ArbitrageX_SOP_264_Math_Software_GO_NOGO.xlsx / 14_OPERATORS. Catálogo documental; fórmulas y presencia en backend no se acreditan sólo por figurar aquí.,,,,,,,,,,
ID,Code,Operator,Canonical_Role,Enabled,Engine_Present,Calibration_State,Operational_Weight_pct,Primary_Uses,Secondary_Uses,Verificacion_en_esta_revision
1,op_01,SVD,"Spectral structure / rank signal; evidence only, not log spread.",YES,YES,UNCALIBRATED,1,0,27,Catalogo heredado; NO se inspeccionó ni ejecutó el repositorio. Engine_Present es declaración de la fuente.
2,op_02,PCA,Principal-component concentration across venues/features.,YES,YES,UNCALIBRATED,1,0,0,Catalogo heredado; NO se inspeccionó ni ejecutó el repositorio. Engine_Present es declaración de la fuente.
3,op_03,Eigen,Eigenstructure/regime structure.,YES,YES,UNCALIBRATED,1,0,0,Catalogo heredado; NO se inspeccionó ni ejecutó el repositorio. Engine_Present es declaración de la fuente.
4,op_04,Von Neumann entropy,Entropy/coherence evidence.,YES,YES,UNCALIBRATED,1,0,0,Catalogo heredado; NO se inspeccionó ni ejecutó el repositorio. Engine_Present es declaración de la fuente.
5,op_05,PDMP / jump process,Jump/event regime evidence.,YES,YES,UNCALIBRATED,1,22,2,Catalogo heredado; NO se inspeccionó ni ejecutó el repositorio. Engine_Present es declaración de la fuente.
6,op_06,Markov Chain,Cross-domain/state transition regime.,YES,YES,UNCALIBRATED,1,30,0,Catalogo heredado; NO se inspeccionó ni ejecutó el repositorio. Engine_Present es declaración de la fuente.
7,op_07,HMM,Hidden regime / finality-latency state.,YES,YES,UNCALIBRATED,1,28,2,Catalogo heredado; NO se inspeccionó ni ejecutó el repositorio. Engine_Present es declaración de la fuente.
8,op_08,Kalman,Filtered fair-value / innovation signal.,YES,YES,UNCALIBRATED,1,131,47,Catalogo heredado; NO se inspeccionó ni ejecutó el repositorio. Engine_Present es declaración de la fuente.
9,op_09,Lévy,Heavy-tail/jump-risk evidence.,YES,YES,UNCALIBRATED,1,0,0,Catalogo heredado; NO se inspeccionó ni ejecutó el repositorio. Engine_Present es declaración de la fuente.
10,op_10,Welford,Online volatility/mean/variance.,YES,YES,UNCALIBRATED,1,45,36,Catalogo heredado; NO se inspeccionó ni ejecutó el repositorio. Engine_Present es declaración de la fuente.
11,op_11,Bayes,Posterior probability/evidence.,YES,YES,UNCALIBRATED,1,36,136,Catalogo heredado; NO se inspeccionó ni ejecutó el repositorio. Engine_Present es declaración de la fuente.
12,op_12,MLE,Parameter estimation.,YES,YES,UNCALIBRATED,1,0,0,Catalogo heredado; NO se inspeccionó ni ejecutó el repositorio. Engine_Present es declaración de la fuente.
13,op_13,Regression,Parity/basis/curve regression.,YES,YES,UNCALIBRATED,1,71,88,Catalogo heredado; NO se inspeccionó ni ejecutó el repositorio. Engine_Present es declaración de la fuente.
14,op_14,KL divergence,Distribution/logical divergence.,YES,YES,UNCALIBRATED,1,4,10,Catalogo heredado; NO se inspeccionó ni ejecutó el repositorio. Engine_Present es declaración de la fuente.
15,op_15,Golden Section,1-D amount/timing optimization.,YES,YES,UNCALIBRATED,1,54,11,Catalogo heredado; NO se inspeccionó ni ejecutó el repositorio. Engine_Present es declaración de la fuente.
16,op_16,Kelly,Capital fraction/risk sizing after calibrated edge.,YES,YES,UNCALIBRATED,1,44,75,Catalogo heredado; NO se inspeccionó ni ejecutó el repositorio. Engine_Present es declaración de la fuente.
17,op_17,Pontryagin,Constrained dynamic-control sizing.,YES,YES,UNCALIBRATED,1,1,0,Catalogo heredado; NO se inspeccionó ni ejecutó el repositorio. Engine_Present es declaración de la fuente.
18,op_18,Lagrangian,Path/action functional evidence.,YES,YES,UNCALIBRATED,1,0,0,Catalogo heredado; NO se inspeccionó ni ejecutó el repositorio. Engine_Present es declaración de la fuente.
19,op_19,Simplex,LP/simplex allocation and batch/split routing.,YES,YES,UNCALIBRATED,1,55,1,Catalogo heredado; NO se inspeccionó ni ejecutó el repositorio. Engine_Present es declaración de la fuente.
20,op_20,Gradient Descent,Continuous multi-variable optimization.,YES,YES,UNCALIBRATED,1,4,18,Catalogo heredado; NO se inspeccionó ni ejecutó el repositorio. Engine_Present es declaración de la fuente.
21,op_21,Newton-Raphson,Root/break-even/invariant solve.,YES,YES,UNCALIBRATED,1,176,2,Catalogo heredado; NO se inspeccionó ni ejecutó el repositorio. Engine_Present es declaración de la fuente.
22,op_22,Monte Carlo,Scenario/risk/latency Monte Carlo.,YES,YES,UNCALIBRATED,1,16,248,Catalogo heredado; NO se inspeccionó ni ejecutó el repositorio. Engine_Present es declaración de la fuente.
23,op_23,Queueing,Latency/queue/competition modeling.,YES,YES,UNCALIBRATED,1,64,50,Catalogo heredado; NO se inspeccionó ni ejecutó el repositorio. Engine_Present es declaración de la fuente.
24,op_24,Nash,Strategic solver/auction interaction.,YES,YES,UNCALIBRATED,1,14,9,Catalogo heredado; NO se inspeccionó ni ejecutó el repositorio. Engine_Present es declaración de la fuente.
25,op_25,Bundle Recon,Bundle/state reconstruction.,YES,YES,UNCALIBRATED,1,12,0,Catalogo heredado; NO se inspeccionó ni ejecutó el repositorio. Engine_Present es declaración de la fuente.
26,op_26,Flash Loan,Flash-liquidity feasibility/cost.,YES,YES,UNCALIBRATED,1,7,26,Catalogo heredado; NO se inspeccionó ni ejecutó el repositorio. Engine_Present es declaración de la fuente.
27,op_27,Path Ordering,Route ordering/permutation optimization.,YES,YES,UNCALIBRATED,1,53,18,Catalogo heredado; NO se inspeccionó ni ejecutó el repositorio. Engine_Present es declaración de la fuente.
28,op_28,JIT Liquidity,JIT/liquidity-state evidence.,YES,YES,UNCALIBRATED,1,0,0,Catalogo heredado; NO se inspeccionó ni ejecutó el repositorio. Engine_Present es declaración de la fuente.
29,op_29,Shapley,Surplus attribution / cooperative allocation.,YES,YES,UNCALIBRATED,1,16,0,Catalogo heredado; NO se inspeccionó ni ejecutó el repositorio. Engine_Present es declaración de la fuente.
30,op_30,GNN Encoder,Graph/path pruning representation.,YES,YES,UNCALIBRATED,1,0,27,Catalogo heredado; NO se inspeccionó ni ejecutó el repositorio. Engine_Present es declaración de la fuente.
31,op_31,DRL Agent,Policy model only when trained/calibrated; otherwise unavailable.,YES,YES,UNCALIBRATED,1,0,0,Catalogo heredado; NO se inspeccionó ni ejecutó el repositorio. Engine_Present es declaración de la fuente.
