STRATEGY × OPERATOR MATRIX — 264 × 31 VÍNCULOS,,,,,,,,,,,,,,,,,,,,,,,,,,,,,,,,,,,,,,,,
MEV_ID,Strategy,Detector_ID,op_01,op_02,op_03,op_04,op_05,op_06,op_07,op_08,op_09,op_10,op_11,op_12,op_13,op_14,op_15,op_16,op_17,op_18,op_19,op_20,op_21,op_22,op_23,op_24,op_25,op_26,op_27,op_28,op_29,op_30,op_31,Primary_Count,Secondary_Count,Discover_Primary,Size_Primary,Risk_Primary,Rank_Primary,Validate_Primary
MEV-01-001,DEX–DEX arbitrage,R_CLOSED_CYCLE,1,0,0,0,0,0,0,0,0,0,0,0,0,0,2,2,0,0,0,0,2,1,0,0,0,1,2,0,0,1,0,4,4,1,3,0,0,0
MEV-01-002,Cross-pool arbitrage,R_CLOSED_CYCLE,1,0,0,0,0,0,0,0,0,0,0,0,0,0,2,2,0,0,0,0,2,1,0,0,0,1,2,0,0,1,0,4,4,1,3,0,0,0
MEV-01-003,Cross-protocol arbitrage,R_CLOSED_CYCLE,1,0,0,0,0,0,0,0,0,0,0,0,0,0,2,2,0,0,0,0,2,1,0,0,0,1,2,0,0,1,0,4,4,1,3,0,0,0
MEV-01-004,Cross-version arbitrage,R_CLOSED_CYCLE,1,0,0,0,0,0,0,0,0,0,0,0,0,0,2,2,0,0,0,0,2,1,0,0,0,1,2,0,0,1,0,4,4,1,3,0,0,0
MEV-01-005,Cross-fork arbitrage,R_CLOSED_CYCLE,1,0,0,0,0,0,0,0,0,0,0,0,0,0,2,2,0,0,0,0,2,1,0,0,0,1,2,0,0,1,0,4,4,1,3,0,0,0
MEV-01-006,Cross-fee-tier arbitrage,R_CLOSED_CYCLE,1,0,0,0,0,0,0,0,0,0,0,0,0,0,2,2,0,0,0,0,2,1,0,0,0,1,2,0,0,1,0,4,4,1,3,0,0,0
MEV-01-007,Cross-liquidity-tier arbitrage,R_CLOSED_CYCLE,1,0,0,0,0,0,0,0,0,0,0,0,0,0,2,2,0,0,0,0,2,1,0,0,0,1,2,0,0,1,0,4,4,1,3,0,0,0
MEV-01-008,AMM–AMM arbitrage,R_CLOSED_CYCLE,1,0,0,0,0,0,0,0,0,0,0,0,0,0,2,2,0,0,0,0,2,1,0,0,0,1,2,0,0,1,0,4,4,1,3,0,0,0
MEV-01-009,AMM–CLOB arbitrage,R_ORDERBOOK,0,0,0,0,0,0,0,2,0,2,2,0,1,0,0,1,0,0,0,0,0,1,2,0,0,0,0,0,0,0,0,4,3,0,0,1,0,0
MEV-01-010,CLOB–CLOB arbitrage,R_ORDERBOOK,0,0,0,0,0,0,0,2,0,2,2,0,1,0,0,1,0,0,0,0,0,1,2,0,0,0,0,0,0,0,0,4,3,0,0,1,0,0
MEV-01-011,AMM–RFQ arbitrage,R_ORDERBOOK,0,0,0,0,0,0,0,2,0,2,2,0,1,0,0,1,0,0,0,0,0,1,2,0,0,0,0,0,0,0,0,4,3,0,0,1,0,0
MEV-01-012,RFQ–RFQ arbitrage,R_ORDERBOOK,0,0,0,0,0,0,0,2,0,2,2,0,1,0,0,1,0,0,0,0,0,1,2,0,0,0,0,0,0,0,0,4,3,0,0,1,0,0
MEV-01-013,Aggregator–DEX arbitrage,R_CLOSED_CYCLE,1,0,0,0,0,0,0,0,0,0,0,0,0,0,2,2,0,0,0,0,2,1,0,0,0,1,2,0,0,1,0,4,4,1,3,0,0,0
MEV-01-014,Router–pool arbitrage,R_CLOSED_CYCLE,1,0,0,0,0,0,0,0,0,0,0,0,0,0,2,2,0,0,0,0,2,1,0,0,0,1,2,0,0,1,0,4,4,1,3,0,0,0
MEV-01-015,Two-leg arbitrage,R_CLOSED_CYCLE,1,0,0,0,0,0,0,0,0,0,0,0,0,0,2,2,0,0,0,0,2,1,0,0,0,1,2,0,0,1,0,4,4,1,3,0,0,0
MEV-01-016,Triangular arbitrage,R_CLOSED_CYCLE,1,0,0,0,0,0,0,0,0,0,0,0,0,0,2,2,0,0,0,0,2,1,0,0,0,1,2,0,0,1,0,4,4,1,3,0,0,0
MEV-01-017,Quadrangular arbitrage,R_CLOSED_CYCLE,1,0,0,0,0,0,0,0,0,0,0,0,0,0,2,2,0,0,0,0,2,1,0,0,0,1,2,0,0,1,0,4,4,1,3,0,0,0
MEV-01-018,N-leg cyclic arbitrage,R_CLOSED_CYCLE,1,0,0,0,0,0,0,0,0,0,0,0,0,0,2,2,0,0,0,0,2,1,0,0,0,1,2,0,0,1,0,4,4,1,3,0,0,0
MEV-01-019,Multi-hop arbitrage,R_CLOSED_CYCLE,1,0,0,0,0,0,0,0,0,0,0,0,0,0,2,2,0,0,0,0,2,1,0,0,0,1,2,0,0,1,0,4,4,1,3,0,0,0
MEV-01-020,Multi-DEX cyclic arbitrage,R_CLOSED_CYCLE,1,0,0,0,0,0,0,0,0,0,0,0,0,0,2,2,0,0,0,0,2,1,0,0,0,1,2,0,0,1,0,4,4,1,3,0,0,0
MEV-01-021,Intra-DEX cyclic arbitrage,R_CLOSED_CYCLE,1,0,0,0,0,0,0,0,0,0,0,0,0,0,2,2,0,0,0,0,2,1,0,0,0,1,2,0,0,1,0,4,4,1,3,0,0,0
MEV-01-022,Non-cyclic inventory arbitrage,R_CLOSED_CYCLE,1,0,0,0,0,0,0,0,0,0,0,0,0,0,2,2,0,0,0,0,2,1,0,0,0,1,2,0,0,1,0,4,4,1,3,0,0,0
MEV-01-023,Path inconsistency arbitrage,R_DIRECT_INDIRECT,1,0,0,0,0,0,0,0,0,0,0,0,0,0,2,0,0,0,0,1,2,1,0,0,0,0,2,0,0,0,0,3,3,1,2,0,0,0
MEV-01-024,Direct-vs-indirect-route arbitrage,R_DIRECT_INDIRECT,1,0,0,0,0,0,0,0,0,0,0,0,0,0,2,0,0,0,0,1,2,1,0,0,0,0,2,0,0,0,0,3,3,1,2,0,0,0
MEV-01-025,Split-route arbitrage,R_SPLIT,0,0,0,0,0,0,0,0,0,0,0,0,0,0,2,0,0,0,2,2,1,1,0,0,0,0,1,0,0,0,0,3,3,0,3,0,0,0
MEV-01-026,Parallel-route arbitrage,R_SPLIT,0,0,0,0,0,0,0,0,0,0,0,0,0,0,2,0,0,0,2,2,1,1,0,0,0,0,1,0,0,0,0,3,3,0,3,0,0,0
MEV-01-027,Basket arbitrage,R_BASKET_NAV,0,0,0,0,0,0,0,1,0,0,1,0,2,0,0,1,0,0,2,0,2,1,0,0,0,0,0,0,0,0,0,3,4,0,2,0,0,0
MEV-01-028,Index arbitrage,R_BASKET_NAV,0,0,0,0,0,0,0,1,0,0,1,0,2,0,0,1,0,0,2,0,2,1,0,0,0,0,0,0,0,0,0,3,4,0,2,0,0,0
MEV-01-029,Ring arbitrage,R_CLOSED_CYCLE,1,0,0,0,0,0,0,0,0,0,0,0,0,0,2,2,0,0,0,0,2,1,0,0,0,1,2,0,0,1,0,4,4,1,3,0,0,0
MEV-01-030,Coincidence-of-Wants arbitrage,R_COW,0,0,0,0,0,0,0,0,0,0,0,0,0,0,0,0,0,0,2,1,0,1,1,2,0,0,2,0,2,0,0,4,3,1,1,0,2,0
MEV-01-031,Exact-in/exact-out arbitrage,R_CLOSED_CYCLE,1,0,0,0,0,0,0,0,0,0,0,0,0,0,2,2,0,0,0,0,2,1,0,0,0,1,2,0,0,1,0,4,4,1,3,0,0,0
MEV-01-032,Fee-adjusted arbitrage,R_CLOSED_CYCLE,1,0,0,0,0,0,0,0,0,0,0,0,0,0,2,2,0,0,0,0,2,1,0,0,0,1,2,0,0,1,0,4,4,1,3,0,0,0
MEV-01-033,Gas-adjusted arbitrage,R_CLOSED_CYCLE,1,0,0,0,0,0,0,0,0,0,0,0,0,0,2,2,0,0,0,0,2,1,0,0,0,1,2,0,0,1,0,4,4,1,3,0,0,0
MEV-01-034,Rebate arbitrage,R_CLOSED_CYCLE,1,0,0,0,0,0,0,0,0,0,0,0,0,0,2,2,0,0,0,0,2,1,0,0,0,1,2,0,0,1,0,4,4,1,3,0,0,0
MEV-01-035,Dynamic-fee arbitrage,R_CLOSED_CYCLE,1,0,0,0,0,0,0,0,0,0,0,0,0,0,2,2,0,0,0,0,2,1,0,0,0,1,2,0,0,1,0,4,4,1,3,0,0,0
MEV-01-036,Hook arbitrage,R_CLOSED_CYCLE,1,0,0,0,0,0,0,0,0,0,0,0,0,0,2,2,0,0,0,0,2,1,0,0,0,1,2,0,0,1,0,4,4,1,3,0,0,0
MEV-02-001,Constant-product arbitrage,CF_CPMM,0,0,0,0,0,0,0,0,0,0,0,0,0,0,2,1,0,0,0,0,2,1,0,0,0,1,2,0,0,0,0,3,3,1,2,0,0,0
MEV-02-002,Constant-sum arbitrage,CF_CONSTANT_SUM,0,0,0,0,0,0,0,0,0,0,0,0,0,0,2,0,0,0,2,0,2,1,0,0,0,0,0,0,0,0,0,3,1,0,3,0,0,0
MEV-02-003,StableSwap arbitrage,CF_STABLESWAP,0,0,0,0,0,0,0,0,0,0,0,0,0,0,2,1,0,0,0,0,2,1,0,0,0,0,2,0,0,0,0,3,2,1,2,0,0,0
MEV-02-004,Weighted-pool arbitrage,CF_WEIGHTED,0,0,0,0,0,0,0,0,0,0,0,0,0,0,2,1,0,0,2,0,2,1,0,0,0,0,0,0,0,0,0,3,2,0,3,0,0,0
MEV-02-005,Concentrated-liquidity arbitrage,CF_CLAMM,0,0,0,0,0,0,0,0,0,1,0,0,0,0,2,1,0,0,0,0,2,1,0,0,0,0,2,0,0,1,0,3,4,1,2,0,0,0
MEV-02-006,Liquidity-bin arbitrage,CF_LB,0,0,0,0,0,0,0,0,0,1,0,0,0,0,2,0,0,0,0,0,2,1,0,0,0,0,2,0,0,0,0,3,2,1,2,0,0,0
MEV-02-007,Proactive Market Maker arbitrage,CF_PMM,0,0,0,0,0,0,0,2,0,0,0,0,1,0,2,0,0,0,0,0,2,1,0,0,0,0,0,0,0,0,0,3,2,0,2,0,0,0
MEV-02-008,Dynamic-liquidity arbitrage,CF_DYNAMIC,0,0,0,0,0,0,0,2,0,2,0,0,1,0,2,0,0,0,0,0,2,1,0,0,0,0,0,0,0,0,0,4,2,0,2,0,0,0
MEV-02-009,Dynamic-weight arbitrage,CF_DYNAMIC,0,0,0,0,0,0,0,2,0,2,0,0,1,0,2,0,0,0,0,0,2,1,0,0,0,0,0,0,0,0,0,4,2,0,2,0,0,0
MEV-02-010,Bonding-curve arbitrage,CF_BOND,0,0,0,0,0,0,0,0,0,0,0,0,1,0,2,0,0,0,0,2,2,1,0,0,0,0,0,0,0,0,0,3,2,0,3,0,0,0
MEV-02-011,Oracle-priced AMM arbitrage,CF_DYNAMIC,0,0,0,0,0,0,0,2,0,2,0,0,1,0,2,0,0,0,0,0,2,1,0,0,0,0,0,0,0,0,0,4,2,0,2,0,0,0
MEV-02-012,Virtual-AMM arbitrage,CF_VAMM,0,0,0,0,0,0,0,2,0,1,0,0,2,0,0,0,0,0,0,0,2,1,0,0,0,0,0,0,0,0,0,3,2,0,1,0,0,0
MEV-02-013,Hybrid AMM/CLOB arbitrage,CF_DYNAMIC,0,0,0,0,0,0,0,2,0,2,0,0,1,0,2,0,0,0,0,0,2,1,0,0,0,0,0,0,0,0,0,4,2,0,2,0,0,0
MEV-02-014,TWAMM arbitrage,CF_TWAMM,0,0,0,0,2,0,0,1,0,0,0,0,0,0,0,0,0,0,0,0,2,1,0,0,0,0,2,0,0,0,0,3,2,2,1,0,0,0
MEV-02-015,Batch-AMM arbitrage,CF_BATCH,0,0,0,0,0,0,0,0,0,0,0,0,0,0,0,0,0,0,2,1,0,1,1,2,0,0,0,0,2,0,0,3,3,0,1,0,2,0
MEV-02-016,Auction-managed AMM arbitrage,CF_BATCH,0,0,0,0,0,0,0,0,0,0,0,0,0,0,0,0,0,0,2,1,0,1,1,2,0,0,0,0,2,0,0,3,3,0,1,0,2,0
MEV-02-017,Cross-invariant arbitrage,CF_CROSSINV,0,0,0,0,0,0,0,0,0,0,0,0,0,0,2,0,0,0,1,0,2,1,0,0,0,0,2,0,0,1,0,3,3,1,2,0,0,0
MEV-03-001,Swap backrun arbitrage,E_POST,0,0,0,0,2,0,0,1,0,1,1,0,0,0,0,0,0,0,0,0,2,1,0,0,2,0,2,0,0,0,0,4,4,2,1,0,0,1
MEV-03-002,Multi-swap backrun,E_POST,0,0,0,0,2,0,0,1,0,1,1,0,0,0,0,0,0,0,0,0,2,1,0,0,2,0,2,0,0,0,0,4,4,2,1,0,0,1
MEV-03-003,Cross-pool ripple arbitrage,E_POST,0,0,0,0,2,0,0,1,0,1,1,0,0,0,0,0,0,0,0,0,2,1,0,0,2,0,2,0,0,0,0,4,4,2,1,0,0,1
MEV-03-004,Top-of-block arbitrage,E_POST,0,0,0,0,2,0,0,1,0,1,1,0,0,0,0,0,0,0,0,0,2,1,0,0,2,0,2,0,0,0,0,4,4,2,1,0,0,1
MEV-03-005,End-of-block arbitrage,E_POST,0,0,0,0,2,0,0,1,0,1,1,0,0,0,0,0,0,0,0,0,2,1,0,0,2,0,2,0,0,0,0,4,4,2,1,0,0,1
MEV-03-006,Inter-block arbitrage,E_POST,0,0,0,0,2,0,0,1,0,1,1,0,0,0,0,0,0,0,0,0,2,1,0,0,2,0,2,0,0,0,0,4,4,2,1,0,0,1
MEV-03-007,Stale-price arbitrage,E_LATENCY,0,0,0,0,0,0,0,2,0,2,2,0,1,0,0,1,0,0,0,0,0,1,2,0,0,0,0,0,0,0,0,4,3,0,0,1,0,0
MEV-03-008,Latency arbitrage,E_LATENCY,0,0,0,0,0,0,0,2,0,2,2,0,1,0,0,1,0,0,0,0,0,1,2,0,0,0,0,0,0,0,0,4,3,0,0,1,0,0
MEV-03-009,Oracle-update arbitrage,E_ORACLE,0,0,0,0,1,0,0,2,0,1,2,0,0,0,0,0,0,0,0,0,2,1,0,0,2,0,0,0,0,0,0,4,3,0,1,0,0,1
MEV-03-010,OEV — Oracle Extractable Value,E_ORACLE,0,0,0,0,1,0,0,2,0,1,2,0,0,0,0,0,0,0,0,0,2,1,0,0,2,0,0,0,0,0,0,4,3,0,1,0,0,1
MEV-03-011,Rebase arbitrage,E_STATE,0,0,0,0,2,0,0,2,0,0,1,0,1,0,0,0,0,0,0,0,2,1,0,0,0,0,0,0,0,0,0,3,3,1,1,0,0,0
MEV-03-012,Interest-index update arbitrage,E_STATE,0,0,0,0,2,0,0,2,0,0,1,0,1,0,0,0,0,0,0,0,2,1,0,0,0,0,0,0,0,0,0,3,3,1,1,0,0,0
MEV-03-013,Funding-update arbitrage,E_STATE,0,0,0,0,2,0,0,2,0,0,1,0,1,0,0,0,0,0,0,0,2,1,0,0,0,0,0,0,0,0,0,3,3,1,1,0,0,0
MEV-03-014,Epoch-rollover arbitrage,E_STATE,0,0,0,0,2,0,0,2,0,0,1,0,1,0,0,0,0,0,0,0,2,1,0,0,0,0,0,0,0,0,0,3,3,1,1,0,0,0
MEV-03-015,Settlement arbitrage,E_STATE,0,0,0,0,2,0,0,2,0,0,1,0,1,0,0,0,0,0,0,0,2,1,0,0,0,0,0,0,0,0,0,3,3,1,1,0,0,0
MEV-03-016,Mint/burn state arbitrage,E_STATE,0,0,0,0,2,0,0,2,0,0,1,0,1,0,0,0,0,0,0,0,2,1,0,0,0,0,0,0,0,0,0,3,3,1,1,0,0,0
MEV-03-017,Redemption-state arbitrage,E_STATE,0,0,0,0,2,0,0,2,0,0,1,0,1,0,0,0,0,0,0,0,2,1,0,0,0,0,0,0,0,0,0,3,3,1,1,0,0,0
MEV-03-018,Liquidity-add arbitrage,E_STATE,0,0,0,0,2,0,0,2,0,0,1,0,1,0,0,0,0,0,0,0,2,1,0,0,0,0,0,0,0,0,0,3,3,1,1,0,0,0
MEV-03-019,Liquidity-removal arbitrage,E_STATE,0,0,0,0,2,0,0,2,0,0,1,0,1,0,0,0,0,0,0,0,2,1,0,0,0,0,0,0,0,0,0,3,3,1,1,0,0,0
MEV-03-020,Pool-initialization arbitrage,E_STATE,0,0,0,0,2,0,0,2,0,0,1,0,1,0,0,0,0,0,0,0,2,1,0,0,0,0,0,0,0,0,0,3,3,1,1,0,0,0
MEV-03-021,Migration arbitrage,E_STATE,0,0,0,0,2,0,0,2,0,0,1,0,1,0,0,0,0,0,0,0,2,1,0,0,0,0,0,0,0,0,0,3,3,1,1,0,0,0
MEV-03-022,Fee-switch arbitrage,E_STATE,0,0,0,0,2,0,0,2,0,0,1,0,1,0,0,0,0,0,0,0,2,1,0,0,0,0,0,0,0,0,0,3,3,1,1,0,0,0
MEV-03-023,Parameter-update arbitrage,E_STATE,0,0,0,0,2,0,0,2,0,0,1,0,1,0,0,0,0,0,0,0,2,1,0,0,0,0,0,0,0,0,0,3,3,1,1,0,0,0
MEV-03-024,Governance-execution arbitrage,E_STATE,0,0,0,0,2,0,0,2,0,0,1,0,1,0,0,0,0,0,0,0,2,1,0,0,0,0,0,0,0,0,0,3,3,1,1,0,0,0
MEV-03-025,Keeper-triggered arbitrage,E_AUCTION,0,0,0,0,0,0,0,1,0,0,0,0,0,0,0,0,0,0,2,0,2,1,2,2,0,0,0,0,0,0,0,4,2,0,2,1,1,0
MEV-03-026,Auction-clearing arbitrage,E_AUCTION,0,0,0,0,0,0,0,1,0,0,0,0,0,0,0,0,0,0,2,0,2,1,2,2,0,0,0,0,0,0,0,4,2,0,2,1,1,0
MEV-03-027,Block-time arbitrage,E_LATENCY,0,0,0,0,0,0,0,2,0,2,2,0,1,0,0,1,0,0,0,0,0,1,2,0,0,0,0,0,0,0,0,4,3,0,0,1,0,0
MEV-03-028,Sequencer-latency arbitrage,E_LATENCY,0,0,0,0,0,0,0,2,0,2,2,0,1,0,0,1,0,0,0,0,0,1,2,0,0,0,0,0,0,0,0,4,3,0,0,1,0,0
MEV-03-029,Spam arbitrage,OBSERVE,0,0,0,0,0,0,0,0,0,2,2,0,0,0,0,0,0,0,0,0,0,1,0,0,0,0,0,0,0,0,0,2,1,0,0,0,0,0
MEV-03-030,Reorg/time-bandit arbitrage,OBSERVE,0,0,0,0,0,0,0,0,0,2,2,0,0,0,0,0,0,0,0,0,0,1,0,0,0,0,0,0,0,0,0,2,1,0,0,0,0,0
MEV-03-031,Fork-state arbitrage,E_STATE,0,0,0,0,2,0,0,2,0,0,1,0,1,0,0,0,0,0,0,0,2,1,0,0,0,0,0,0,0,0,0,3,3,1,1,0,0,0
MEV-04-001,Stablecoin peg arbitrage,P_PEG,0,0,0,0,0,0,0,2,0,0,1,0,1,0,2,0,0,0,0,0,2,1,0,0,0,0,0,0,0,0,0,3,3,0,2,0,0,0
MEV-04-002,Cross-stablecoin arbitrage,P_PEG,0,0,0,0,0,0,0,2,0,0,1,0,1,0,2,0,0,0,0,0,2,1,0,0,0,0,0,0,0,0,0,3,3,0,2,0,0,0
MEV-04-003,Algorithmic-stablecoin arbitrage,P_PEG,0,0,0,0,0,0,0,2,0,0,1,0,1,0,2,0,0,0,0,0,2,1,0,0,0,0,0,0,0,0,0,3,3,0,2,0,0,0
MEV-04-004,Collateralized-stablecoin arbitrage,P_PEG,0,0,0,0,0,0,0,2,0,0,1,0,1,0,2,0,0,0,0,0,2,1,0,0,0,0,0,0,0,0,0,3,3,0,2,0,0,0
MEV-04-005,Mint–redeem stablecoin arbitrage,P_PEG,0,0,0,0,0,0,0,2,0,0,1,0,1,0,2,0,0,0,0,0,2,1,0,0,0,0,0,0,0,0,0,3,3,0,2,0,0,0
MEV-04-006,Native–wrapped arbitrage,P_WRAP,0,0,0,0,0,0,0,2,0,0,0,0,2,0,1,0,0,0,0,0,2,1,0,0,0,0,0,0,0,0,0,3,2,0,1,0,0,0
MEV-04-007,Canonical–bridged token arbitrage,P_WRAP,0,0,0,0,0,0,0,2,0,0,0,0,2,0,1,0,0,0,0,0,2,1,0,0,0,0,0,0,0,0,0,3,2,0,1,0,0,0
MEV-04-008,Cross-wrapper arbitrage,P_WRAP,0,0,0,0,0,0,0,2,0,0,0,0,2,0,1,0,0,0,0,0,2,1,0,0,0,0,0,0,0,0,0,3,2,0,1,0,0,0
MEV-04-009,Synthetic–underlying arbitrage,P_WRAP,0,0,0,0,0,0,0,2,0,0,0,0,2,0,1,0,0,0,0,0,2,1,0,0,0,0,0,0,0,0,0,3,2,0,1,0,0,0
MEV-04-010,Receipt-token arbitrage,P_4626,0,0,0,0,0,0,0,2,0,0,0,0,2,0,1,0,0,0,0,0,2,1,0,0,0,0,0,0,0,0,0,3,2,0,1,0,0,0
MEV-04-011,ERC-4626 share-price arbitrage,P_4626,0,0,0,0,0,0,0,2,0,0,0,0,2,0,1,0,0,0,0,0,2,1,0,0,0,0,0,0,0,0,0,3,2,0,1,0,0,0
MEV-04-012,Vault share–underlying arbitrage,P_4626,0,0,0,0,0,0,0,2,0,0,0,0,2,0,1,0,0,0,0,0,2,1,0,0,0,0,0,0,0,0,0,3,2,0,1,0,0,0
MEV-04-013,LP-token NAV arbitrage,P_NAV,0,0,0,0,0,0,0,1,0,0,1,0,2,0,0,0,0,0,2,0,2,1,0,0,0,0,0,0,0,0,0,3,3,0,2,0,0,0
MEV-04-014,Index token–basket arbitrage,P_NAV,0,0,0,0,0,0,0,1,0,0,1,0,2,0,0,0,0,0,2,0,2,1,0,0,0,0,0,0,0,0,0,3,3,0,2,0,0,0
MEV-04-015,ETF-like token arbitrage,P_NAV,0,0,0,0,0,0,0,1,0,0,1,0,2,0,0,0,0,0,2,0,2,1,0,0,0,0,0,0,0,0,0,3,3,0,2,0,0,0
MEV-04-016,RWA–NAV arbitrage,P_NAV,0,0,0,0,0,0,0,1,0,0,1,0,2,0,0,0,0,0,2,0,2,1,0,0,0,0,0,0,0,0,0,3,3,0,2,0,0,0
MEV-04-017,Rebasing-token arbitrage,P_PEG,0,0,0,0,0,0,0,2,0,0,1,0,1,0,2,0,0,0,0,0,2,1,0,0,0,0,0,0,0,0,0,3,3,0,2,0,0,0
MEV-04-018,Fee-on-transfer token arbitrage,P_PEG,0,0,0,0,0,0,0,2,0,0,1,0,1,0,2,0,0,0,0,0,2,1,0,0,0,0,0,0,0,0,0,3,3,0,2,0,0,0
MEV-04-019,Liquid-staking-token arbitrage,P_LST,0,0,0,0,0,0,0,2,0,0,1,0,2,0,0,0,0,0,0,0,2,1,1,0,0,0,0,0,0,0,0,3,3,0,1,0,0,0
MEV-04-020,LST redemption arbitrage,P_LST,0,0,0,0,0,0,0,2,0,0,1,0,2,0,0,0,0,0,0,0,2,1,1,0,0,0,0,0,0,0,0,3,3,0,1,0,0,0
MEV-04-021,Liquid-restaking-token arbitrage,P_LST,0,0,0,0,0,0,0,2,0,0,1,0,2,0,0,0,0,0,0,0,2,1,1,0,0,0,0,0,0,0,0,3,3,0,1,0,0,0
MEV-04-022,Cross-LST arbitrage,P_LST,0,0,0,0,0,0,0,2,0,0,1,0,2,0,0,0,0,0,0,0,2,1,1,0,0,0,0,0,0,0,0,3,3,0,1,0,0,0
MEV-04-023,Governance-wrapper arbitrage,P_WRAP,0,0,0,0,0,0,0,2,0,0,0,0,2,0,1,0,0,0,0,0,2,1,0,0,0,0,0,0,0,0,0,3,2,0,1,0,0,0
MEV-04-024,Vote-escrow derivative arbitrage,P_YIELD,0,0,0,0,0,0,0,2,0,0,0,0,2,0,1,1,0,0,0,0,2,1,0,0,0,0,0,0,0,0,0,3,3,0,1,0,0,0
MEV-04-025,Tokenized-position arbitrage,P_NAV,0,0,0,0,0,0,0,1,0,0,1,0,2,0,0,0,0,0,2,0,2,1,0,0,0,0,0,0,0,0,0,3,3,0,2,0,0,0
MEV-04-026,Principal-token arbitrage,P_PTYT,0,0,0,0,0,0,0,1,0,0,0,0,2,0,2,1,0,0,0,0,2,1,0,0,0,0,0,0,0,0,0,3,3,0,2,0,0,0
MEV-04-027,Yield-token arbitrage,P_PTYT,0,0,0,0,0,0,0,1,0,0,0,0,2,0,2,1,0,0,0,0,2,1,0,0,0,0,0,0,0,0,0,3,3,0,2,0,0,0
MEV-04-028,PT–YT parity arbitrage,P_PTYT,0,0,0,0,0,0,0,1,0,0,0,0,2,0,2,1,0,0,0,0,2,1,0,0,0,0,0,0,0,0,0,3,3,0,2,0,0,0
MEV-04-029,Cross-maturity yield arbitrage,P_YIELD,0,0,0,0,0,0,0,2,0,0,0,0,2,0,1,1,0,0,0,0,2,1,0,0,0,0,0,0,0,0,0,3,3,0,1,0,0,0
MEV-04-030,Fixed-yield/floating-yield arbitrage,P_YIELD,0,0,0,0,0,0,0,2,0,0,0,0,2,0,1,1,0,0,0,0,2,1,0,0,0,0,0,0,0,0,0,3,3,0,1,0,0,0
MEV-04-031,Points/pre-token arbitrage,OBSERVE,0,0,0,0,0,0,0,0,0,2,2,0,0,0,0,0,0,0,0,0,0,1,0,0,0,0,0,0,0,0,0,2,1,0,0,0,0,0
MEV-05-001,CEX–DEX spot arbitrage,C_CEXDEX,0,0,0,0,0,0,0,2,0,2,1,0,1,0,0,1,0,0,0,0,2,1,2,0,0,0,0,0,0,0,0,4,4,0,1,1,0,0
MEV-05-002,DEX–CEX spot arbitrage,C_CEXDEX,0,0,0,0,0,0,0,2,0,2,1,0,1,0,0,1,0,0,0,0,2,1,2,0,0,0,0,0,0,0,0,4,4,0,1,1,0,0
MEV-05-003,CEX–DEX triangular arbitrage,C_CEXDEX,0,0,0,0,0,0,0,2,0,2,1,0,1,0,0,1,0,0,0,0,2,1,2,0,0,0,0,0,0,0,0,4,4,0,1,1,0,0
MEV-05-004,CEX–multi-DEX arbitrage,C_CEXDEX,0,0,0,0,0,0,0,2,0,2,1,0,1,0,0,1,0,0,0,0,2,1,2,0,0,0,0,0,0,0,0,4,4,0,1,1,0,0
MEV-05-005,Multi-CEX–DEX arbitrage,C_CEXDEX,0,0,0,0,0,0,0,2,0,2,1,0,1,0,0,1,0,0,0,0,2,1,2,0,0,0,0,0,0,0,0,4,4,0,1,1,0,0
MEV-05-006,CEX order-book–AMM arbitrage,C_CEXDEX,0,0,0,0,0,0,0,2,0,2,1,0,1,0,0,1,0,0,0,0,2,1,2,0,0,0,0,0,0,0,0,4,4,0,1,1,0,0
MEV-05-007,CEX futures–DEX spot arbitrage,C_CEXDERIV,0,0,0,0,0,0,0,2,0,1,1,0,2,0,0,1,0,0,0,0,2,1,2,0,0,0,0,0,0,0,0,4,4,0,1,1,0,0
MEV-05-008,CEX perpetual–DEX spot arbitrage,C_CEXDERIV,0,0,0,0,0,0,0,2,0,1,1,0,2,0,0,1,0,0,0,0,2,1,2,0,0,0,0,0,0,0,0,4,4,0,1,1,0,0
MEV-05-009,CEX price-lead latency arbitrage,E_LATENCY,0,0,0,0,0,0,0,2,0,2,2,0,1,0,0,1,0,0,0,0,0,1,2,0,0,0,0,0,0,0,0,4,3,0,0,1,0,0
MEV-05-010,DEX price-lead arbitrage,E_LATENCY,0,0,0,0,0,0,0,2,0,2,2,0,1,0,0,1,0,0,0,0,0,1,2,0,0,0,0,0,0,0,0,4,3,0,0,1,0,0
MEV-05-011,OTC–DEX arbitrage,C_CEXDEX,0,0,0,0,0,0,0,2,0,2,1,0,1,0,0,1,0,0,0,0,2,1,2,0,0,0,0,0,0,0,0,4,4,0,1,1,0,0
MEV-05-012,Market-maker inventory–DEX arbitrage,C_CEXDEX,0,0,0,0,0,0,0,2,0,2,1,0,1,0,0,1,0,0,0,0,2,1,2,0,0,0,0,0,0,0,0,4,4,0,1,1,0,0
MEV-05-013,Cross-custodian arbitrage,C_CEXDEX,0,0,0,0,0,0,0,2,0,2,1,0,1,0,0,1,0,0,0,0,2,1,2,0,0,0,0,0,0,0,0,4,4,0,1,1,0,0
MEV-05-014,Fiat–stablecoin–DEX arbitrage,C_CEXDEX,0,0,0,0,0,0,0,2,0,2,1,0,1,0,0,1,0,0,0,0,2,1,2,0,0,0,0,0,0,0,0,4,4,0,1,1,0,0
MEV-06-001,L1–L1 arbitrage,X_PREPOS,0,0,0,0,0,2,2,1,0,0,1,0,0,0,0,2,0,0,0,0,0,1,2,0,0,0,1,0,0,0,0,4,4,0,1,3,0,0
MEV-06-002,L1–L2 arbitrage,X_PREPOS,0,0,0,0,0,2,2,1,0,0,1,0,0,0,0,2,0,0,0,0,0,1,2,0,0,0,1,0,0,0,0,4,4,0,1,3,0,0
MEV-06-003,L2–L1 arbitrage,X_PREPOS,0,0,0,0,0,2,2,1,0,0,1,0,0,0,0,2,0,0,0,0,0,1,2,0,0,0,1,0,0,0,0,4,4,0,1,3,0,0
MEV-06-004,L2–L2 cross-rollup arbitrage,X_PREPOS,0,0,0,0,0,2,2,1,0,0,1,0,0,0,0,2,0,0,0,0,0,1,2,0,0,0,1,0,0,0,0,4,4,0,1,3,0,0
MEV-06-005,Rollup–sidechain arbitrage,X_PREPOS,0,0,0,0,0,2,2,1,0,0,1,0,0,0,0,2,0,0,0,0,0,1,2,0,0,0,1,0,0,0,0,4,4,0,1,3,0,0
MEV-06-006,Sidechain–sidechain arbitrage,X_PREPOS,0,0,0,0,0,2,2,1,0,0,1,0,0,0,0,2,0,0,0,0,0,1,2,0,0,0,1,0,0,0,0,4,4,0,1,3,0,0
MEV-06-007,Appchain arbitrage,X_PREPOS,0,0,0,0,0,2,2,1,0,0,1,0,0,0,0,2,0,0,0,0,0,1,2,0,0,0,1,0,0,0,0,4,4,0,1,3,0,0
MEV-06-008,Cross-VM arbitrage,X_BRIDGE,0,0,0,0,0,2,2,0,0,0,1,0,1,0,0,1,0,0,0,0,0,2,2,0,0,0,0,0,0,0,0,4,3,0,0,4,0,0
MEV-06-009,Cross-consensus arbitrage,X_BRIDGE,0,0,0,0,0,2,2,0,0,0,1,0,1,0,0,1,0,0,0,0,0,2,2,0,0,0,0,0,0,0,0,4,3,0,0,4,0,0
MEV-06-010,Cross-domain DEX–DEX arbitrage,X_PREPOS,0,0,0,0,0,2,2,1,0,0,1,0,0,0,0,2,0,0,0,0,0,1,2,0,0,0,1,0,0,0,0,4,4,0,1,3,0,0
MEV-06-011,Cross-domain triangular arbitrage,X_PREPOS,0,0,0,0,0,2,2,1,0,0,1,0,0,0,0,2,0,0,0,0,0,1,2,0,0,0,1,0,0,0,0,4,4,0,1,3,0,0
MEV-06-012,Cross-chain cyclic arbitrage,X_BRIDGE,0,0,0,0,0,2,2,0,0,0,1,0,1,0,0,1,0,0,0,0,0,2,2,0,0,0,0,0,0,0,0,4,3,0,0,4,0,0
MEV-06-013,Multi-chain N-leg arbitrage,X_BRIDGE,0,0,0,0,0,2,2,0,0,0,1,0,1,0,0,1,0,0,0,0,0,2,2,0,0,0,0,0,0,0,0,4,3,0,0,4,0,0
MEV-06-014,Canonical bridge arbitrage,X_BRIDGE,0,0,0,0,0,2,2,0,0,0,1,0,1,0,0,1,0,0,0,0,0,2,2,0,0,0,0,0,0,0,0,4,3,0,0,4,0,0
MEV-06-015,Fast-bridge arbitrage,X_BRIDGE,0,0,0,0,0,2,2,0,0,0,1,0,1,0,0,1,0,0,0,0,0,2,2,0,0,0,0,0,0,0,0,4,3,0,0,4,0,0
MEV-06-016,Bridge-rate arbitrage,X_BRIDGE,0,0,0,0,0,2,2,0,0,0,1,0,1,0,0,1,0,0,0,0,0,2,2,0,0,0,0,0,0,0,0,4,3,0,0,4,0,0
MEV-06-017,Bridge-liquidity arbitrage,X_BRIDGE,0,0,0,0,0,2,2,0,0,0,1,0,1,0,0,1,0,0,0,0,0,2,2,0,0,0,0,0,0,0,0,4,3,0,0,4,0,0
MEV-06-018,Bridge-rebalancing arbitrage,X_BRIDGE,0,0,0,0,0,2,2,0,0,0,1,0,1,0,0,1,0,0,0,0,0,2,2,0,0,0,0,0,0,0,0,4,3,0,0,4,0,0
MEV-06-019,Canonical-vs-fast-bridge arbitrage,X_BRIDGE,0,0,0,0,0,2,2,0,0,0,1,0,1,0,0,1,0,0,0,0,0,2,2,0,0,0,0,0,0,0,0,4,3,0,0,4,0,0
MEV-06-020,Wrapped-representation arbitrage,X_BRIDGE,0,0,0,0,0,2,2,0,0,0,1,0,1,0,0,1,0,0,0,0,0,2,2,0,0,0,0,0,0,0,0,4,3,0,0,4,0,0
MEV-06-021,Message-latency arbitrage,X_BRIDGE,0,0,0,0,0,2,2,0,0,0,1,0,1,0,0,1,0,0,0,0,0,2,2,0,0,0,0,0,0,0,0,4,3,0,0,4,0,0
MEV-06-022,Finality-delay arbitrage,X_BRIDGE,0,0,0,0,0,2,2,0,0,0,1,0,1,0,0,1,0,0,0,0,0,2,2,0,0,0,0,0,0,0,0,4,3,0,0,4,0,0
MEV-06-023,Pre-positioned inventory arbitrage,X_PREPOS,0,0,0,0,0,2,2,1,0,0,1,0,0,0,0,2,0,0,0,0,0,1,2,0,0,0,1,0,0,0,0,4,4,0,1,3,0,0
MEV-06-024,Bridge-in-the-loop arbitrage,X_BRIDGE,0,0,0,0,0,2,2,0,0,0,1,0,1,0,0,1,0,0,0,0,0,2,2,0,0,0,0,0,0,0,0,4,3,0,0,4,0,0
MEV-06-025,Cross-chain intent arbitrage,X_BRIDGE,0,0,0,0,0,2,2,0,0,0,1,0,1,0,0,1,0,0,0,0,0,2,2,0,0,0,0,0,0,0,0,4,3,0,0,4,0,0
MEV-06-026,Cross-chain solver arbitrage,X_BRIDGE,0,0,0,0,0,2,2,0,0,0,1,0,1,0,0,1,0,0,0,0,0,2,2,0,0,0,0,0,0,0,0,4,3,0,0,4,0,0
MEV-06-027,Shared-sequencer arbitrage,X_PREPOS,0,0,0,0,0,2,2,1,0,0,1,0,0,0,0,2,0,0,0,0,0,1,2,0,0,0,1,0,0,0,0,4,4,0,1,3,0,0
MEV-06-028,Sequencer–builder cross-domain arbitrage,X_PREPOS,0,0,0,0,0,2,2,1,0,0,1,0,0,0,0,2,0,0,0,0,0,1,2,0,0,0,1,0,0,0,0,4,4,0,1,3,0,0
MEV-06-029,Cross-domain oracle arbitrage,X_ORACLE,0,0,0,0,0,2,1,2,0,0,2,0,1,0,0,0,0,0,0,0,0,1,2,0,0,0,0,0,0,0,0,4,3,0,0,2,0,0
MEV-06-030,Cross-chain liquidation arbitrage,X_ORACLE,0,0,0,0,0,2,1,2,0,0,2,0,1,0,0,0,0,0,0,0,0,1,2,0,0,0,0,0,0,0,0,4,3,0,0,2,0,0
MEV-07-001,Spot–perpetual arbitrage,D_BASIS,0,0,0,0,0,0,0,2,0,1,0,0,2,0,0,1,0,0,0,0,2,1,1,0,0,0,0,0,0,0,0,3,4,0,1,0,0,0
MEV-07-002,Perpetual–perpetual arbitrage,D_BASIS,0,0,0,0,0,0,0,2,0,1,0,0,2,0,0,1,0,0,0,0,2,1,1,0,0,0,0,0,0,0,0,3,4,0,1,0,0,0
MEV-07-003,Spot–future arbitrage,D_BASIS,0,0,0,0,0,0,0,2,0,1,0,0,2,0,0,1,0,0,0,0,2,1,1,0,0,0,0,0,0,0,0,3,4,0,1,0,0,0
MEV-07-004,Future–future arbitrage,D_BASIS,0,0,0,0,0,0,0,2,0,1,0,0,2,0,0,1,0,0,0,0,2,1,1,0,0,0,0,0,0,0,0,3,4,0,1,0,0,0
MEV-07-005,Cash-and-carry arbitrage,D_BASIS,0,0,0,0,0,0,0,2,0,1,0,0,2,0,0,1,0,0,0,0,2,1,1,0,0,0,0,0,0,0,0,3,4,0,1,0,0,0
MEV-07-006,Reverse cash-and-carry arbitrage,D_BASIS,0,0,0,0,0,0,0,2,0,1,0,0,2,0,0,1,0,0,0,0,2,1,1,0,0,0,0,0,0,0,0,3,4,0,1,0,0,0
MEV-07-007,Basis arbitrage,D_BASIS,0,0,0,0,0,0,0,2,0,1,0,0,2,0,0,1,0,0,0,0,2,1,1,0,0,0,0,0,0,0,0,3,4,0,1,0,0,0
MEV-07-008,Funding-rate arbitrage,D_FUNDING,0,0,0,0,0,0,0,2,0,2,1,0,2,0,0,1,0,0,0,0,0,1,1,0,0,0,0,0,0,0,0,3,4,0,0,0,0,0
MEV-07-009,Cross-exchange funding arbitrage,D_FUNDING,0,0,0,0,0,0,0,2,0,2,1,0,2,0,0,1,0,0,0,0,0,1,1,0,0,0,0,0,0,0,0,3,4,0,0,0,0,0
MEV-07-010,Calendar-spread arbitrage,D_BASIS,0,0,0,0,0,0,0,2,0,1,0,0,2,0,0,1,0,0,0,0,2,1,1,0,0,0,0,0,0,0,0,3,4,0,1,0,0,0
MEV-07-011,Cross-maturity futures arbitrage,D_BASIS,0,0,0,0,0,0,0,2,0,1,0,0,2,0,0,1,0,0,0,0,2,1,1,0,0,0,0,0,0,0,0,3,4,0,1,0,0,0
MEV-07-012,Index-price arbitrage,D_BASIS,0,0,0,0,0,0,0,2,0,1,0,0,2,0,0,1,0,0,0,0,2,1,1,0,0,0,0,0,0,0,0,3,4,0,1,0,0,0
MEV-07-013,Mark-price arbitrage,D_BASIS,0,0,0,0,0,0,0,2,0,1,0,0,2,0,0,1,0,0,0,0,2,1,1,0,0,0,0,0,0,0,0,3,4,0,1,0,0,0
MEV-07-014,Oracle–perpetual arbitrage,D_BASIS,0,0,0,0,0,0,0,2,0,1,0,0,2,0,0,1,0,0,0,0,2,1,1,0,0,0,0,0,0,0,0,3,4,0,1,0,0,0
MEV-07-015,vAMM–spot arbitrage,D_BASIS,0,0,0,0,0,0,0,2,0,1,0,0,2,0,0,1,0,0,0,0,2,1,1,0,0,0,0,0,0,0,0,3,4,0,1,0,0,0
MEV-07-016,Options put–call parity arbitrage,D_OPTIONS_PARITY,0,0,0,0,0,0,0,1,0,0,1,0,2,0,0,0,0,0,2,0,2,1,0,0,0,0,0,0,0,0,0,3,3,0,2,0,0,0
MEV-07-017,Conversion arbitrage,D_OPTIONS_PARITY,0,0,0,0,0,0,0,1,0,0,1,0,2,0,0,0,0,0,2,0,2,1,0,0,0,0,0,0,0,0,0,3,3,0,2,0,0,0
MEV-07-018,Reversal arbitrage,D_OPTIONS_PARITY,0,0,0,0,0,0,0,1,0,0,1,0,2,0,0,0,0,0,2,0,2,1,0,0,0,0,0,0,0,0,0,3,3,0,2,0,0,0
MEV-07-019,Box-spread arbitrage,D_OPTIONS_PARITY,0,0,0,0,0,0,0,1,0,0,1,0,2,0,0,0,0,0,2,0,2,1,0,0,0,0,0,0,0,0,0,3,3,0,2,0,0,0
MEV-07-020,Cross-strike arbitrage,D_OPTIONS_SURFACE,0,0,0,0,0,0,0,2,0,0,1,0,2,1,0,0,0,0,2,0,0,1,0,0,0,0,0,0,0,0,0,3,3,0,1,0,0,0
MEV-07-021,Cross-expiry options arbitrage,D_OPTIONS_SURFACE,0,0,0,0,0,0,0,2,0,0,1,0,2,1,0,0,0,0,2,0,0,1,0,0,0,0,0,0,0,0,0,3,3,0,1,0,0,0
MEV-07-022,Options AMM–order-book arbitrage,D_OPTIONS_SURFACE,0,0,0,0,0,0,0,2,0,0,1,0,2,1,0,0,0,0,2,0,0,1,0,0,0,0,0,0,0,0,0,3,3,0,1,0,0,0
MEV-07-023,Cross-venue implied-volatility arbitrage,D_OPTIONS_SURFACE,0,0,0,0,0,0,0,2,0,0,1,0,2,1,0,0,0,0,2,0,0,1,0,0,0,0,0,0,0,0,0,3,3,0,1,0,0,0
MEV-07-024,Volatility-surface inconsistency arbitrage,D_OPTIONS_SURFACE,0,0,0,0,0,0,0,2,0,0,1,0,2,1,0,0,0,0,2,0,0,1,0,0,0,0,0,0,0,0,0,3,3,0,1,0,0,0
MEV-07-025,Delta-hedged options arbitrage,D_OPTIONS_SURFACE,0,0,0,0,0,0,0,2,0,0,1,0,2,1,0,0,0,0,2,0,0,1,0,0,0,0,0,0,0,0,0,3,3,0,1,0,0,0
MEV-07-026,Settlement-price arbitrage,D_SETTLE,0,0,0,0,0,0,0,2,0,0,1,0,1,0,0,0,0,0,0,0,2,1,2,0,0,0,0,0,0,0,0,3,3,0,1,1,0,0
MEV-07-027,Expiry arbitrage,D_SETTLE,0,0,0,0,0,0,0,2,0,0,1,0,1,0,0,0,0,0,0,0,2,1,2,0,0,0,0,0,0,0,0,3,3,0,1,1,0,0
MEV-07-028,Derivative-liquidation arbitrage,D_SETTLE,0,0,0,0,0,0,0,2,0,0,1,0,1,0,0,0,0,0,0,0,2,1,2,0,0,0,0,0,0,0,0,3,3,0,1,1,0,0
MEV-07-029,Structured-product parity arbitrage,D_SETTLE,0,0,0,0,0,0,0,2,0,0,1,0,1,0,0,0,0,0,0,0,2,1,2,0,0,0,0,0,0,0,0,3,3,0,1,1,0,0
MEV-07-030,Leverage-token rebalancing arbitrage,D_SETTLE,0,0,0,0,0,0,0,2,0,0,1,0,1,0,0,0,0,0,0,0,2,1,2,0,0,0,0,0,0,0,0,3,3,0,1,1,0,0
MEV-08-001,Borrow-rate arbitrage,L_RATE,0,0,0,0,0,0,0,2,0,1,1,0,2,0,0,1,0,0,0,0,2,1,0,0,0,0,0,0,0,0,0,3,4,0,1,0,0,0
MEV-08-002,Supply-rate arbitrage,L_RATE,0,0,0,0,0,0,0,2,0,1,1,0,2,0,0,1,0,0,0,0,2,1,0,0,0,0,0,0,0,0,0,3,4,0,1,0,0,0
MEV-08-003,Cross-lending-protocol arbitrage,L_RATE,0,0,0,0,0,0,0,2,0,1,1,0,2,0,0,1,0,0,0,0,2,1,0,0,0,0,0,0,0,0,0,3,4,0,1,0,0,0
MEV-08-004,Fixed-rate/floating-rate arbitrage,L_RATE,0,0,0,0,0,0,0,2,0,1,1,0,2,0,0,1,0,0,0,0,2,1,0,0,0,0,0,0,0,0,0,3,4,0,1,0,0,0
MEV-08-005,Refinancing arbitrage,L_RATE,0,0,0,0,0,0,0,2,0,1,1,0,2,0,0,1,0,0,0,0,2,1,0,0,0,0,0,0,0,0,0,3,4,0,1,0,0,0
MEV-08-006,Collateral-price arbitrage,L_COLLATERAL,0,0,0,0,0,0,0,2,0,0,1,0,2,0,0,0,0,0,0,0,2,1,0,0,0,0,0,0,0,0,0,3,2,0,1,0,0,0
MEV-08-007,Collateral-wrapper arbitrage,L_COLLATERAL,0,0,0,0,0,0,0,2,0,0,1,0,2,0,0,0,0,0,0,0,2,1,0,0,0,0,0,0,0,0,0,3,2,0,1,0,0,0
MEV-08-008,Debt-token arbitrage,L_COLLATERAL,0,0,0,0,0,0,0,2,0,0,1,0,2,0,0,0,0,0,0,0,2,1,0,0,0,0,0,0,0,0,0,3,2,0,1,0,0,0
MEV-08-009,Flash-loan rate arbitrage,L_RATE,0,0,0,0,0,0,0,2,0,1,1,0,2,0,0,1,0,0,0,0,2,1,0,0,0,0,0,0,0,0,0,3,4,0,1,0,0,0
MEV-08-010,Credit-delegation arbitrage,L_RATE,0,0,0,0,0,0,0,2,0,1,1,0,2,0,0,1,0,0,0,0,2,1,0,0,0,0,0,0,0,0,0,3,4,0,1,0,0,0
MEV-08-011,Leverage-loop arbitrage,L_LOOP,0,0,0,0,0,0,0,0,0,0,0,0,1,0,0,1,2,0,0,2,2,1,0,0,0,0,0,0,0,0,0,3,3,0,3,0,0,0
MEV-08-012,Liquidation discount arbitrage,L_LIQ,0,0,0,0,0,0,0,2,0,0,1,0,1,0,0,2,0,0,0,0,2,1,1,0,0,2,0,0,0,0,0,4,4,0,2,0,0,1
MEV-08-013,Partial-liquidation arbitrage,L_LIQ,0,0,0,0,0,0,0,2,0,0,1,0,1,0,0,2,0,0,0,0,2,1,1,0,0,2,0,0,0,0,0,4,4,0,2,0,0,1
MEV-08-014,Full-liquidation arbitrage,L_LIQ,0,0,0,0,0,0,0,2,0,0,1,0,1,0,0,2,0,0,0,0,2,1,1,0,0,2,0,0,0,0,0,4,4,0,2,0,0,1
MEV-08-015,Cross-protocol liquidation arbitrage,L_LIQ,0,0,0,0,0,0,0,2,0,0,1,0,1,0,0,2,0,0,0,0,2,1,1,0,0,2,0,0,0,0,0,4,4,0,2,0,0,1
MEV-08-016,Cross-chain liquidation arbitrage,L_LIQ,0,0,0,0,0,0,0,2,0,0,1,0,1,0,0,2,0,0,0,0,2,1,1,0,0,2,0,0,0,0,0,4,4,0,2,0,0,1
MEV-08-017,Oracle-update liquidation backrun,L_LIQ,0,0,0,0,0,0,0,2,0,0,1,0,1,0,0,2,0,0,0,0,2,1,1,0,0,2,0,0,0,0,0,4,4,0,2,0,0,1
MEV-08-018,Liquidation-auction arbitrage,L_AUCTION,0,0,0,0,0,0,0,1,0,0,1,0,0,0,0,0,0,0,2,0,2,1,2,0,0,0,0,0,0,0,0,3,3,0,2,1,0,0
MEV-08-019,Dutch-auction liquidation arbitrage,L_AUCTION,0,0,0,0,0,0,0,1,0,0,1,0,0,0,0,0,0,0,2,0,2,1,2,0,0,0,0,0,0,0,0,3,3,0,2,1,0,0
MEV-08-020,Bad-debt auction arbitrage,L_AUCTION,0,0,0,0,0,0,0,1,0,0,1,0,0,0,0,0,0,0,2,0,2,1,2,0,0,0,0,0,0,0,0,3,3,0,2,1,0,0
MEV-08-021,Recapitalization auction arbitrage,L_AUCTION,0,0,0,0,0,0,0,1,0,0,1,0,0,0,0,0,0,0,2,0,2,1,2,0,0,0,0,0,0,0,0,3,3,0,2,1,0,0
MEV-08-022,Collateral redemption arbitrage,L_COLLATERAL,0,0,0,0,0,0,0,2,0,0,1,0,2,0,0,0,0,0,0,0,2,1,0,0,0,0,0,0,0,0,0,3,2,0,1,0,0,0
MEV-08-023,Debt-repayment arbitrage,L_COLLATERAL,0,0,0,0,0,0,0,2,0,0,1,0,2,0,0,0,0,0,0,0,2,1,0,0,0,0,0,0,0,0,0,3,2,0,1,0,0,0
MEV-08-024,Underwater-position takeover arbitrage,L_LIQ,0,0,0,0,0,0,0,2,0,0,1,0,1,0,0,2,0,0,0,0,2,1,1,0,0,2,0,0,0,0,0,4,4,0,2,0,0,1
MEV-08-025,Interest-accrual timing arbitrage,L_RATE,0,0,0,0,0,0,0,2,0,1,1,0,2,0,0,1,0,0,0,0,2,1,0,0,0,0,0,0,0,0,0,3,4,0,1,0,0,0
MEV-09-001,Solver arbitrage,I_ROUTE,0,0,0,0,0,0,0,0,0,0,0,0,0,0,0,0,0,0,2,1,0,1,1,1,0,0,2,0,2,0,0,3,4,1,1,0,1,0
MEV-09-002,Intent-to-AMM arbitrage,I_ROUTE,0,0,0,0,0,0,0,0,0,0,0,0,0,0,0,0,0,0,2,1,0,1,1,1,0,0,2,0,2,0,0,3,4,1,1,0,1,0
MEV-09-003,Intent-to-CLOB arbitrage,I_ROUTE,0,0,0,0,0,0,0,0,0,0,0,0,0,0,0,0,0,0,2,1,0,1,1,1,0,0,2,0,2,0,0,3,4,1,1,0,1,0
MEV-09-004,Intent-to-RFQ arbitrage,I_ROUTE,0,0,0,0,0,0,0,0,0,0,0,0,0,0,0,0,0,0,2,1,0,1,1,1,0,0,2,0,2,0,0,3,4,1,1,0,1,0
MEV-09-005,Cross-intent netting arbitrage,I_BATCH,0,0,0,0,0,0,0,0,0,0,0,0,0,0,0,0,0,0,2,1,0,1,0,2,0,0,1,0,2,0,0,3,3,0,1,0,2,0
MEV-09-006,Coincidence-of-Wants settlement,I_BATCH,0,0,0,0,0,0,0,0,0,0,0,0,0,0,0,0,0,0,2,1,0,1,0,2,0,0,1,0,2,0,0,3,3,0,1,0,2,0
MEV-09-007,Batch-auction arbitrage,I_BATCH,0,0,0,0,0,0,0,0,0,0,0,0,0,0,0,0,0,0,2,1,0,1,0,2,0,0,1,0,2,0,0,3,3,0,1,0,2,0
MEV-09-008,Combinatorial-auction arbitrage,I_BATCH,0,0,0,0,0,0,0,0,0,0,0,0,0,0,0,0,0,0,2,1,0,1,0,2,0,0,1,0,2,0,0,3,3,0,1,0,2,0
MEV-09-009,Dutch-auction decay arbitrage,I_DUTCH,0,0,0,0,0,0,0,1,0,0,1,0,0,0,0,0,0,0,0,0,2,1,2,2,0,0,0,0,0,0,0,3,3,0,1,1,1,0
MEV-09-010,Exclusive-order-flow arbitrage,I_ORDERFLOW,0,0,0,0,0,0,0,0,0,0,1,0,0,0,0,0,0,0,0,0,0,1,1,2,2,0,2,0,0,0,0,3,3,1,0,0,1,1
MEV-09-011,Order-flow-auction arbitrage,I_ORDERFLOW,0,0,0,0,0,0,0,0,0,0,1,0,0,0,0,0,0,0,0,0,0,1,1,2,2,0,2,0,0,0,0,3,3,1,0,0,1,1
MEV-09-012,Surplus-capture arbitrage,I_ROUTE,0,0,0,0,0,0,0,0,0,0,0,0,0,0,0,0,0,0,2,1,0,1,1,1,0,0,2,0,2,0,0,3,4,1,1,0,1,0
MEV-09-013,Price-improvement arbitrage,I_ROUTE,0,0,0,0,0,0,0,0,0,0,0,0,0,0,0,0,0,0,2,1,0,1,1,1,0,0,2,0,2,0,0,3,4,1,1,0,1,0
MEV-09-014,Internalization arbitrage,I_ROUTE,0,0,0,0,0,0,0,0,0,0,0,0,0,0,0,0,0,0,2,1,0,1,1,1,0,0,2,0,2,0,0,3,4,1,1,0,1,0
MEV-09-015,Solver-routing arbitrage,I_ROUTE,0,0,0,0,0,0,0,0,0,0,0,0,0,0,0,0,0,0,2,1,0,1,1,1,0,0,2,0,2,0,0,3,4,1,1,0,1,0
MEV-09-016,Solver–solver latency arbitrage,I_ROUTE,0,0,0,0,0,0,0,0,0,0,0,0,0,0,0,0,0,0,2,1,0,1,1,1,0,0,2,0,2,0,0,3,4,1,1,0,1,0
MEV-09-017,Private-order-flow backrun,I_ORDERFLOW,0,0,0,0,0,0,0,0,0,0,1,0,0,0,0,0,0,0,0,0,0,1,1,2,2,0,2,0,0,0,0,3,3,1,0,0,1,1
MEV-09-018,MEV-Share backrun arbitrage,I_ORDERFLOW,0,0,0,0,0,0,0,0,0,0,1,0,0,0,0,0,0,0,0,0,0,1,1,2,2,0,2,0,0,0,0,3,3,1,0,0,1,1
MEV-09-019,Builder-integrated arbitrage,OBSERVE,0,0,0,0,0,0,0,0,0,2,2,0,0,0,0,0,0,0,0,0,0,1,0,0,0,0,0,0,0,0,0,2,1,0,0,0,0,0
MEV-09-020,Searcher–builder vertically integrated arbitrage,OBSERVE,0,0,0,0,0,0,0,0,0,2,2,0,0,0,0,0,0,0,0,0,0,1,0,0,0,0,0,0,0,0,0,2,1,0,0,0,0,0
MEV-10-001,Cross-marketplace NFT arbitrage,N_IDENTICAL,0,0,0,0,0,0,0,2,0,2,1,0,0,0,0,0,0,0,0,0,2,1,1,0,0,0,0,0,0,0,0,3,3,0,1,0,0,0
MEV-10-002,Floor-price arbitrage,N_FLOOR,0,0,0,0,0,0,0,2,0,2,2,0,1,0,0,0,0,0,0,0,0,1,0,0,0,0,0,0,0,0,0,3,2,0,0,0,0,0
MEV-10-003,Trait-floor arbitrage,N_FLOOR,0,0,0,0,0,0,0,2,0,2,2,0,1,0,0,0,0,0,0,0,0,1,0,0,0,0,0,0,0,0,0,3,2,0,0,0,0,0
MEV-10-004,Collection basket arbitrage,N_FLOOR,0,0,0,0,0,0,0,2,0,2,2,0,1,0,0,0,0,0,0,0,0,1,0,0,0,0,0,0,0,0,0,3,2,0,0,0,0,0
MEV-10-005,Bid–ask NFT arbitrage,N_IDENTICAL,0,0,0,0,0,0,0,2,0,2,1,0,0,0,0,0,0,0,0,0,2,1,1,0,0,0,0,0,0,0,0,3,3,0,1,0,0,0
MEV-10-006,AMM–marketplace NFT arbitrage,N_AMM,0,0,0,0,0,0,0,2,0,1,0,0,0,0,2,0,0,0,0,0,2,1,0,0,0,0,0,0,0,0,0,3,2,0,2,0,0,0
MEV-10-007,NFT AMM–NFT AMM arbitrage,N_AMM,0,0,0,0,0,0,0,2,0,1,0,0,0,0,2,0,0,0,0,0,2,1,0,0,0,0,0,0,0,0,0,3,2,0,2,0,0,0
MEV-10-008,Mint-to-secondary-market arbitrage,N_IDENTICAL,0,0,0,0,0,0,0,2,0,2,1,0,0,0,0,0,0,0,0,0,2,1,1,0,0,0,0,0,0,0,0,3,3,0,1,0,0,0
MEV-10-009,Underpriced-listing arbitrage,N_FLOOR,0,0,0,0,0,0,0,2,0,2,2,0,1,0,0,0,0,0,0,0,0,1,0,0,0,0,0,0,0,0,0,3,2,0,0,0,0,0
MEV-10-010,NFT fractionalization arbitrage,N_REDEEM,0,0,0,0,0,0,0,1,0,0,1,0,2,0,0,0,0,0,2,0,2,1,0,0,0,0,0,0,0,0,0,3,3,0,2,0,0,0
MEV-10-011,Fractional-token redemption arbitrage,N_REDEEM,0,0,0,0,0,0,0,1,0,0,1,0,2,0,0,0,0,0,2,0,2,1,0,0,0,0,0,0,0,0,0,3,3,0,2,0,0,0
MEV-10-012,NFT-backed-loan liquidation arbitrage,N_LIQ,0,0,0,0,0,0,0,2,0,0,2,0,0,0,0,1,0,0,0,0,2,1,1,0,0,0,0,0,0,0,0,3,3,0,1,0,0,0
MEV-10-013,NFT rental-rights arbitrage,N_FLOOR,0,0,0,0,0,0,0,2,0,2,2,0,1,0,0,0,0,0,0,0,0,1,0,0,0,0,0,0,0,0,0,3,2,0,0,0,0,0
MEV-10-014,Gaming-asset marketplace arbitrage,N_IDENTICAL,0,0,0,0,0,0,0,2,0,2,1,0,0,0,0,0,0,0,0,0,2,1,1,0,0,0,0,0,0,0,0,3,3,0,1,0,0,0
MEV-10-015,Cross-chain NFT arbitrage,N_IDENTICAL,0,0,0,0,0,0,0,2,0,2,1,0,0,0,0,0,0,0,0,0,2,1,1,0,0,0,0,0,0,0,0,3,3,0,1,0,0,0
MEV-10-016,Royalty-adjusted marketplace arbitrage,N_IDENTICAL,0,0,0,0,0,0,0,2,0,2,1,0,0,0,0,0,0,0,0,0,2,1,1,0,0,0,0,0,0,0,0,3,3,0,1,0,0,0
MEV-10-017,Bundle/unbundle NFT arbitrage,N_REDEEM,0,0,0,0,0,0,0,1,0,0,1,0,2,0,0,0,0,0,2,0,2,1,0,0,0,0,0,0,0,0,0,3,3,0,2,0,0,0
MEV-10-018,Redeemable-NFT arbitrage,N_REDEEM,0,0,0,0,0,0,0,1,0,0,1,0,2,0,0,0,0,0,2,0,2,1,0,0,0,0,0,0,0,0,0,3,3,0,2,0,0,0
MEV-11-001,Binary complement arbitrage,M_COMPLETE,0,0,0,0,0,0,0,1,0,0,2,0,0,1,0,0,0,0,2,0,2,1,0,0,0,0,0,0,0,0,0,3,3,0,2,0,0,0
MEV-11-002,Complete-set arbitrage,M_COMPLETE,0,0,0,0,0,0,0,1,0,0,2,0,0,1,0,0,0,0,2,0,2,1,0,0,0,0,0,0,0,0,0,3,3,0,2,0,0,0
MEV-11-003,Cross-platform prediction arbitrage,M_CROSS,0,0,0,0,0,0,0,2,0,0,2,0,2,1,0,0,0,0,0,0,0,1,1,0,0,0,0,0,0,0,0,3,3,0,0,0,0,0
MEV-11-004,Mutually-exclusive outcomes arbitrage,M_LOGIC,0,0,0,0,0,0,0,0,0,0,2,0,1,2,0,0,0,0,2,0,0,1,0,0,0,0,0,0,0,0,0,3,2,0,1,0,0,0
MEV-11-005,Exhaustive-outcome basket arbitrage,M_COMPLETE,0,0,0,0,0,0,0,1,0,0,2,0,0,1,0,0,0,0,2,0,2,1,0,0,0,0,0,0,0,0,0,3,3,0,2,0,0,0
MEV-11-006,Conditional-token arbitrage,M_LOGIC,0,0,0,0,0,0,0,0,0,0,2,0,1,2,0,0,0,0,2,0,0,1,0,0,0,0,0,0,0,0,0,3,2,0,1,0,0,0
MEV-11-007,Nested-market logical arbitrage,M_LOGIC,0,0,0,0,0,0,0,0,0,0,2,0,1,2,0,0,0,0,2,0,0,1,0,0,0,0,0,0,0,0,0,3,2,0,1,0,0,0
MEV-11-008,Correlated-event arbitrage,M_LOGIC,0,0,0,0,0,0,0,0,0,0,2,0,1,2,0,0,0,0,2,0,0,1,0,0,0,0,0,0,0,0,0,3,2,0,1,0,0,0
MEV-11-009,Resolution-source arbitrage,OBSERVE,0,0,0,0,0,0,0,0,0,2,2,0,0,0,0,0,0,0,0,0,0,1,0,0,0,0,0,0,0,0,0,2,1,0,0,0,0,0
MEV-11-010,Oracle-resolution timing arbitrage,OBSERVE,0,0,0,0,0,0,0,0,0,2,2,0,0,0,0,0,0,0,0,0,0,1,0,0,0,0,0,0,0,0,0,2,1,0,0,0,0,0
MEV-11-011,Pre-resolution settlement arbitrage,OBSERVE,0,0,0,0,0,0,0,0,0,2,2,0,0,0,0,0,0,0,0,0,0,1,0,0,0,0,0,0,0,0,0,2,1,0,0,0,0,0
MEV-11-012,Prediction AMM–order-book arbitrage,M_AMM,0,0,0,0,0,0,0,2,0,0,1,0,0,0,0,0,0,0,2,0,2,1,0,0,0,0,0,0,0,0,0,3,2,0,2,0,0,0
Legend,2,PRIMARY,,,,,,,,,,,,,,,,,,,,,,,,,,,,,,,,,,,,,,
Legend,1,SECONDARY,,,,,,,,,,,,,,,,,,,,,,,,,,,,,,,,,,,,,,
Legend,0,N/A,,,,,,,,,,,,,,,,,,,,,,,,,,,,,,,,,,,,,,
