CONTRATOS DE DATOS | fuentes y evidencia,,,,,,,,,
Base: ArbitrageX_SOP_264_Math_Software_GO_NOGO.xlsx / 05_DATA_SOURCES. Catálogo documental; fórmulas y presencia en backend no se acreditan sólo por figurar aquí.,,,,,,,,,
Source_ID,Source Type,Required Fields,Primary Consumer,Freshness Rule,Consistency Rule,Validation,Evidence,Failure Action,Notes
DS01,RPC block/state,"chain_id, block_number, block_hash, timestamp",Ingestor / all on-chain strategies,<= group max age,same block where required,hash/number consistency,snapshot_id,Reingestar / corregir contrato de datos; corregir causa,Canonical state anchor
DS02,Pool exact state,reserves/slot0/ticks/bins/weights/A/etc.,DEX adapters,<= group max age,must bind to DS01,protocol schema + decimals,pool_state_id,Reingestar / corregir contrato de datos; corregir causa,Protocol-specific; never force one invariant
DS03,Protocol quoter/local quote,"amount_in/out, path, fee, block",Quote engine,per candidate,same state as DS01/DS02,compare with local adapter,quote_id,Reingestar / corregir contrato de datos; corregir causa,Amount-aware
DS04,Oracle/reference,"price, timestamp/round, confidence",Oracle-dependent strategies,strategy-specific max age,correct chain/domain,staleness/deviation checks,oracle_evidence_id,Reingestar / corregir contrato de datos; corregir causa,NA if no oracle dependency
DS05,CEX/external venue,book/snapshot/trade/fees/status,External/CEX strategies,venue-specific low latency,timestamp sequencing,sequence/checksum/API health,venue_snapshot_id,Reingestar / corregir contrato de datos; corregir causa,Must include executable fees
DS06,Bridge/finality,"message status, confirmations, finality, fees",Cross-chain,domain-specific,source/destination linked,finality and replay checks,bridge_evidence_id,Reingestar / corregir contrato de datos; corregir causa,Non-atomic risk modeled explicitly
DS07,Gas/fee market,"gas estimate, base fee, priority/builder payment",Economics,per candidate,same chain/head context,simulation gas vs estimate,gas_evidence_id,Reingestar / corregir contrato de datos; corregir causa,Cost included exactly once
DS08,Flash liquidity provider,"capacity, fee, callback/repay terms",Atomic funding,per candidate,same chain/block,limit + fee + repayment test,flash_evidence_id,Reingestar / corregir contrato de datos; corregir causa,NA if own capital
DS09,Simulation engine,"state, calldata, trace, gas, return/revert",Execution gate,per candidate,fork state tied to snapshot,trace + return data,simulation_id,Reingestar / corregir contrato de datos; corregir causa,Mandatory
DS10,Execution receipts,"tx hash, block, gas paid, status, logs",Settlement,finalized,canonical receipt,receipt validation,receipt_id,Reingestar / corregir contrato de datos; corregir causa/INCIDENT,No realized profit before settlement
DS11,Reconciliation ledger,"before/after balances, fees, token values",EV/alpha update,after settlement,receipt-linked,accounting equality,recon_id,Reingestar / corregir contrato de datos; QUARANTINE,Source of realized P&L
DS12,Competition telemetry,contenders/bids/inclusion/latency/builder,Capture model,rolling,event timestamps aligned,calibration OOS,competition_model_version,Reingestar / corregir contrato de datos; HOLD,Do not infer competitors from latency alone
