TRAZABILIDAD | qué proviene de la fuente y qué cambia,,,,,,,
"Versión 2.0 | 2026-10-01 | Fuente original intacta. La revisión entrega un SOP, no un despliegue ni certificación de rentabilidad.",,,,,,,
ID,Tema,Base_original,Revision_o_uso,Fuente_URL_o_archivo,Alcance,,
ORIGEN,Archivo base,ArbitrageX_SOP_264_Math_Software_GO_NOGO.xlsx,16 hojas heredadas; registros leídos desde XML del archivo montado,/mnt/data/ArbitrageX_SOP_264_Math_Software_GO_NOGO.xlsx,SHA256=e69ea9d552e66305bd2e802371506264ef49285f0f9d8607ef1ff096cc458121,,
ORIGEN,Fuente de alpha,Texto pegado(5).txt,Documento de usuario; hipótesis sin calibración de mercado,Archivo de la conversación,No se acredita ejecución del Rust mostrado.,,
C01,Decisión binaria,GO/NO-GO + aprobación grupo + stage LIVE,Plan por ID + tareas/evidencias + brecha económica,Petición actual del usuario,"Se eliminan requisitos administrativos heredados; no se eliminan integridad, deuda ni matemáticas.",,
C02,Historial obligatorio,MinReconciledTrades=20 para mostrar GO,Probar reconciliador antes; registrar primer settlement después,Revisión de diseño,Evita circularidad; la primera operación sigue requiriendo implementación real.,,
C03,Objetivo económico,ROI >=2% como gate,"TargetProfit=max(min_usd,Q*(2%+margen)); margen base10bps",Requisito usuario / 01_PARAMETROS,"2,10% es objetivo, no rentabilidad garantizada.",,
C04,Positividad,Sin valores de prueba visibles,"264 fixtures contables comunes + casos positivo, bajo objetivo y pérdida",Revisión de diseño,Los 264 fixtures NO son 264 backtests ni oportunidades independientes.,,
C05,EV,p_capture*p_success*NP - p_revert*Cfail - infra,pI*[pS*(Gross-Cincluded)-(1-pS)*Cfail]-Cattempt,08 N10/N11,Eventos definidos; para no atómicos se requiere distribución de ramas.,,
C06,Reserva,RiskHaircut mezclado con gasto,Neto contable y neto prudente en columnas separadas,08 N01/N02,Reserva sólo es margen de selección.,,
C07,Alpha,"Initial*exp(-lambda*t), estado temporal poco explícito",Hazard persistente; lambda efectiva y baseline de vol neutral,18_ALPHA_264,"Se usa como diagnóstico, no como veto absoluto.",,
C08,I01 fuente TRUE,Predicado literal TRUE no demostraba semántica,Predicado específico de clase/operación + fixture,13_INVARIANTS_264,Los otros datos del detector se mantienen como fuente no auditada.,,
C09,I02 conservación,Suma genérica de inputs/outputs,Ledger por activo y owner con unidades y valoración explícitas,13_INVARIANTS_264,No sumar tokens distintos directamente.,,
C10,I06 evidencia,Exigir historial reconciliado previo,Antes: fixture/simulación; después: settlement+ledger,13_INVARIANTS_264,No fabricar histórico rentable.,,
C11,Presencia del backend,Engine_Present=YES en catálogo fuente,Se conserva declaración y se añade NO_INSPECCIONADO,15_OPERADORES,No se conectó repo/VPS/RPC.,,
C12,Atomicidad,"144 Sí,72 Condicional,48 No en la fuente",Clases retenidas; financiar e implementar según dominio,02_IMPLEMENTACION_264,No se renombran bridges/CEX como operaciones atómicas globales.,,
C13,Resultados realizados,Campo vacío en fuente,17 permanece sin settlement acreditado; calcula al aportar datos,17_RECONCILIACION,No se convierte simulación ni target en ganancias realizadas.,,
C14,Fuentes técnicas,Documentación oficial consultada al revisar,"Complemento explícito para repayment, costes e inclusión",Ver filas EXT01–EXT05,Consulta 2026-10-01; tarifas de fixtures no son datos de mercado.,,
EXT01,Aave flash loans,Reglas del proveedor; principal/premium y revert,Aplicar al adapter elegido; parámetros se leen on-chain,https://aave.com/docs/aave-v3/guides/flash-loans,Fuente primaria; no fija 9 bps como tarifa vigente.,,
EXT02,Ethereum gas,Coste por ejecución,"Separar gas, priority fee y pagos extra",https://ethereum.org/developers/docs/gas/,"Fuente primaria; fuente de definiciones, no precio en vivo.",,
EXT03,MetaMask gas fallido,Transacción fallida puede consumir gas,Incluir rama de coste por fallo,https://support.metamask.io/more-web3/learn/why-did-i-pay-gas-fees-for-a-failed-transaction/,Documentación del proveedor.,,
EXT04,Flashbots simulación,eth_callBundle y bloque de simulación,Simular payload exacto y registrar resultado,https://docs.flashbots.net/flashbots-auction/advanced/rpc-endpoint,Fuente primaria; soporte depende del canal/proveedor.,,
EXT05,Flashbots inclusión,Conflictos y competencia pueden alterar el resultado,No prometer que un beneficio simulado será incluido,https://docs.flashbots.net/flashbots-auction/advanced/troubleshooting,Fuente primaria; simulación no acredita settlement.,,
