ARBITRAGEX — MODELO INTEGRADO DE ARBITRAJE 2→7 HOPS + FLASH/ATOMICIDAD,,,,,,,,,
Objetivo,"Integrar los 8 archivos suministrados en un solo libro formulado para estudiar descubrimiento de rutas, quote por leg, ineficiencia, sizing, liquidez flash y P&L neto.",,,,,,,,
Arquitectura,TOKENS → POOLS → EDGES → ROUTES → LEGS → ROUTE_PNL → DASHBOARD. Las bibliotecas STRATEGIES_264 / DETECTORS / OPERATORS conservan la taxonomía y matemática de los archivos fuente.,,,,,,,,
Descubrimiento,Cada pool produce 2 aristas dirigidas. F_e=(1-fee)·spot/fair; w_e=-LN(F_e). Un ciclo es candidato si Σw_e<0. Luego se hace quote amount-aware y sizing.,,,,,,,,
Verdad económica,"La oportunidad solo se considera materializable en el modelo cuando NetProfit>0 y Net_bps supera el gate después de fee por leg, price impact, gas, costo del préstamo flash, builder tip y haircut.",,,,,,,,
Atomicidad,"FLASH_LIQUIDITY y ATOMIC_PRIMITIVES modelan capital propio, flashLoan, flash swap, V3 flash y ERC-3156/generic callbacks. Todos los préstamos flash se tratan como deuda que debe devolverse antes de finalizar la misma transacción.",,,,,,,,
Precios,Los precios son simulados con órdenes de magnitud de mercado realistas y NO constituyen un feed en vivo. Edite TOKENS[Price_USD] o conecte su propio snapshot/oracle.,,,,,,,,
Azul,Input editable / snapshot / supuesto.,,,,,,,,
Negro,Cálculo o fórmula dentro de la misma hoja.,,,,,,,,
Verde,Fórmula vinculada a otra hoja del modelo.,,,,,,,,
V3 / Stable,Para V3/CLAMM exacto se requiere tick traversal; para StableSwap se requiere resolver el invariant del protocolo. Este libro usa aproximaciones amount-aware transparentes para la simulación y documenta la matemática exacta conceptual en MATH_NOTES.,,,,,,,,
Uso recomendado,"SHADOW / investigación primero. Sustituya reservas, ticks, balances, gas, fees y capacidades por estados on-chain sincronizados antes de cualquier uso operativo.",,,,,,,,
