"ROUTES — CANDIDATOS 2→7 HOPS, SIZING Y FINANCING",,,,,,,,,,,,,,,,,,,,,,,,,,,
Route_ID,T0,T1,T2,T3,T4,T5,T6,T7,Pool1,Pool2,Pool3,Pool4,Pool5,Pool6,Pool7,Algorithm,Financing_Mode,Requested_Notional_USD,Hops,Bottleneck_Depth_USD,Financing_Capacity_USD,Sizeable_Notional_USD,Eligible,Token_Path,Pool_Path,Discovery_Bound,Notes
R2_01,WETH,USDC,WETH,,,,,,P001,P002,,,,,,BFM_NEG_CYCLE,AAVE_V3_FLASHLOAN,20000,2,2200000,2000000,20000,YES,WETH>USDC>WETH,P001|P002,16,
R2_02,WETH,LINK,WETH,,,,,,P015,P016,,,,,,MMBF_LINE_GRAPH,OWN_CAPITAL,700,2,1300000,250000,700,YES,WETH>LINK>WETH,P015|P016,16,
R3_01,WETH,USDC,DAI,WETH,,,,,P001,P004,P019,,,,,BOUNDED_DFS,BALANCER_FLASHLOAN,25000,3,950000,1500000,25000,YES,WETH>USDC>DAI>WETH,P001|P004|P019,64,
R3_02,WETH,cbETH,USDC,WETH,,,,,P025,P026,P002,,,,,RICH,AAVE_V3_FLASHLOAN,30000,3,2100000,2000000,30000,YES,WETH>cbETH>USDC>WETH,P025|P026|P002,64,
R4_01,WETH,USDC,DAI,USDT,WETH,,,,P001,P004,P006,P021,,,,BOUNDED_DFS,UNISWAP_V3_FLASH,30000,4,900000,1000000,30000,YES,WETH>USDC>DAI>USDT>WETH,P001|P004|P006|P021,256,
R4_02,WETH,LINK,AAVE,cbBTC,WETH,,,,P015,P009,P011,P013,,,,RICH,AAVE_V3_FLASHLOAN,35000,4,800000,2000000,35000,YES,WETH>LINK>AAVE>cbBTC>WETH,P015|P009|P011|P013,256,
R5_01,WETH,USDC,DAI,USDT,LINK,WETH,,,P001,P004,P006,P007,P016,,,BOUNDED_DFS,BALANCER_FLASHLOAN,30000,5,1300000,1500000,30000,YES,WETH>USDC>DAI>USDT>LINK>WETH,P001|P004|P006|P007|P016,1024,
R5_02,WETH,cbETH,USDC,DAI,USDT,WETH,,,P025,P026,P004,P006,P021,,,JOHNSON_PRUNED,OWN_CAPITAL,130000,5,900000,250000,130000,YES,WETH>cbETH>USDC>DAI>USDT>WETH,P025|P026|P004|P006|P021,1024,
R6_01,WETH,USDC,DAI,USDT,LINK,AAVE,WETH,,P001,P004,P006,P007,P009,P022,,BOUNDED_DFS,AAVE_V3_FLASHLOAN,28000,6,800000,2000000,28000,YES,WETH>USDC>DAI>USDT>LINK>AAVE>WETH,P001|P004|P006|P007|P009|P022,4096,
R6_02,WETH,LINK,USDC,DAI,USDT,cbBTC,WETH,,P015,P017,P004,P006,P023,P013,,RICH,BALANCER_FLASHLOAN,32000,6,1100000,1500000,32000,YES,WETH>LINK>USDC>DAI>USDT>cbBTC>WETH,P015|P017|P004|P006|P023|P013,4096,
R7_01,WETH,USDC,DAI,USDT,LINK,AAVE,cbBTC,WETH,P001,P004,P006,P007,P009,P011,P013,BOUNDED_DFS,AAVE_V3_FLASHLOAN,25000,7,800000,2000000,25000,YES,WETH>USDC>DAI>USDT>LINK>AAVE>cbBTC>WETH,P001|P004|P006|P007|P009|P011|P013,16384,
R7_02,WETH,cbETH,USDC,DAI,USDT,LINK,AAVE,WETH,P025,P026,P004,P006,P007,P009,P022,RICH,ERC3156_FLASH,25000,7,800000,750000,25000,YES,WETH>cbETH>USDC>DAI>USDT>LINK>AAVE>WETH,P025|P026|P004|P006|P007|P009|P022,16384,
