PARÁMETROS | objetivos e hipótesis separadas,,,,,,,
"Azul = editable. Los valores SIM son pruebas contables, no cotizaciones reales ni ganancias prometidas.",,,,,,,
Parametro,Valor,Unidad,Procedencia,Definicion,,,
TARGET_NET_ROI,0.02,% notional,Usuario / objetivo; no rendimiento observado,Objetivo neto de éxito después de costes; además se descuenta reserva para selección.,,,
MARGEN_SOBRE_TARGET_BPS,10,bps,Supuesto de diseño editable,"Con 2% + 10 bps se busca 2,10% prudente.",,,
MIN_PROFIT_USD,1,USD,Supuesto de diseño editable,El mayor entre mínimo absoluto y objetivo porcentual.,,,
NOTIONAL_SIM_USD,10000,USD,Escenario contable SIMULADO,No es capital desplegado ni liquidez disponible.,,,
GROSS_SIM_BPS,400,bps post-swaps,Escenario contable SIMULADO,"Beneficio bruto post comisiones e impacto de swaps, antes de financiación y ejecución. No es quote.",,,
GAS_SUCCESS_SIM_USD,20,USD,Escenario contable SIMULADO,Incluye base fee + priority fee; no sumar priority tip otra vez.,,,
FLASH_FEE_SIM_BPS,9,bps,Escenario contable SIMULADO; no tarifa vigente,Reemplazar por premium exacto del proveedor/contrato y snapshot.,,,
BUILDER_EXTRA_SIM_USD,30,USD,Escenario contable SIMULADO,Pago adicional; no priority fee ya incluida en gas.,,,
EXTERNAL_SIM_USD,10,USD,Escenario contable SIMULADO,Costes fuera de gross quote; no incluir dos veces.,,,
ATTEMPT_ALLOC_SIM_USD,5,USD/intento,Escenario contable SIMULADO,Coste no condicionado a inclusión; deducir una sola vez en EV.,,,
RISK_RESERVE_SIM_USD,25,USD,Supuesto prudencial editable,Reserva de selección; no gasto realizado ni cash flow contable.,,,
P_INCLUDE_SIM,0.45,probabilidad,"Hipótesis SIMULADA, no calibrada",P(inclusión); no multiplicar otra probabilidad de captura equivalente.,,,
P_SUCCESS_GIVEN_INCLUDE_SIM,0.985,probabilidad condicional,"Hipótesis SIMULADA, no calibrada",Modelo de dos desenlaces incluidos: éxito/revert; extender para no-atómicos.,,,
FAILURE_COST_SIM_USD,20,USD/fallo incluido,Escenario contable SIMULADO,"Coste total de rama fallida, sin asignación por intento.",,,
PROFIT_TOKEN_SIM_USD,1,USD/token,Unidad contable SIMULADA,No presume peg ni token real. Cotización conservadora obligatoria en despliegue.,,,
GROSS_THIN_SIM_BPS,260,bps,Prueba de margen insuficiente,"Debe producir beneficio inferior al objetivo, no aprobación ficticia.",,,
GROSS_NEGATIVE_SIM_BPS,50,bps,Prueba de pérdida,"Debe conservar un PnL negativo, nunca ABS/MAX sobre la ganancia.",,,
BPS_DENOMINATOR,10000,bps/1,Identidad de unidades,10.000 bps = 100%.,,,
TASKS_PER_STRATEGY,12,tareas,Diseño de implementación,Tareas completadas sólo con evidencia asociada.,,,
LAMBDA_BASE_SIM_DAY,0.1,1/día,Modelo ilustrativo; no calibrado,"Decaimiento opcional de edge para priorización, no veto a implementación.",,,
LAMBDA_COMP_SIM,0.02,1/día por índice,Modelo ilustrativo; no calibrado,Competencia entra una sola vez.,,,
COMPETITION_INDEX_SIM,1,índice,Modelo ilustrativo; no calibrado,No equivale a competidores observados.,,,
LAMBDA_TECH_SIM_DAY,0,1/día,Modelo ilustrativo; no calibrado,Shock técnico adicional.,,,
VOL_BETA_SIM,0,adimensional,Modelo ilustrativo; no calibrado,Baseline neutral.,,,
VOL_RATIO_SIM,1,sigma/sigma0,Modelo ilustrativo; no calibrado,Sigma0 debe ser positivo en datos reales.,,,
DT_SIM_DAYS,1,días,Modelo ilustrativo; reloj inyectado,No usar Instant::now en replay.,,,
CALC_TOL_USD,1e-07,USD,Tolerancia de pruebas de libro,No es tolerancia de redondeo del contrato.,,,
VOL_MULTIPLIER_FLOOR,0.5,adimensional,Hipótesis heredada del modelo de alpha; no calibrada,Piso explícito del multiplicador de volatilidad; no asegura beneficio.,,,
