ROUTE P&L — DE LA SEÑAL MATEMÁTICA A LA GANANCIA NETA MATERIALIZABLE,,,,,,,,,,,,,,,,,,,,,
Route_ID,Hops,Financing,StartToken,Start_Notional_USD,Final_USD,GrossProfit_USD,Gross_bps,Gas_USD,ProviderFee_bps,FlashFee_USD,BuilderTip_USD,RiskHaircut_USD,NetProfit_USD,Net_bps,CycleFactor,SumLogWeight,DiscoverySignal,AllLegsEligible,Gate,Reject_Reason,RankScore
R2_01,2,AAVE_V3_FLASHLOAN,WETH,20000,20393.691852174677,393.6918521746775,196.84592608733874,31,5,10,2,4,346.6918521746775,173.34592608733874,1.019684592608734,-0.019493356544296722,NEGATIVE_LOG_CYCLE,YES,PASS,PASS,30048.810091077106
R2_02,2,OWN_CAPITAL,WETH,700,715.2226447284803,15.222644728480304,217.46635326400434,13,0,0,0.07,0.14,2.0126447284803044,28.752067549718635,1.0217466353264004,-0.02151355040706042,NEGATIVE_LOG_CYCLE,YES,FAIL,NET_PROFIT,0
R3_01,3,BALANCER_FLASHLOAN,WETH,25000,24832.09022617493,-167.90977382507117,-67.16390953002846,30.5,0,0,2.5,5,-205.90977382507117,-82.36390953002847,0.9932836090469972,0.006739047410119159,NO_EDGE,YES,FAIL,NET_PROFIT,0
R3_02,3,AAVE_V3_FLASHLOAN,WETH,30000,30739.87279716042,739.8727971604203,246.6242657201401,33.5,5,15,3,6,682.3727971604203,227.45759905347344,1.0246624265720141,-0.024363218416324262,NEGATIVE_LOG_CYCLE,YES,PASS,PASS,51736.959367170675
R4_01,4,UNISWAP_V3_FLASH,WETH,30000,30495.17541070465,495.17541070465086,165.0584702348836,30,5,15,3,6,441.17541070465086,147.05847023488363,1.0165058470234885,-0.01637110618333477,NEGATIVE_LOG_CYCLE,YES,PASS,PASS,16219.645250868114
R4_02,4,AAVE_V3_FLASHLOAN,WETH,35000,35816.63680500664,816.6368050066376,233.3248014304679,36,5,17.5,3.5,7,752.6368050066376,215.0390871447536,1.0233324801430468,-0.02306443919421209,NEGATIVE_LOG_CYCLE,YES,PASS,PASS,40461.58287504282
R5_01,5,BALANCER_FLASHLOAN,WETH,30000,31008.787965750078,1008.787965750078,336.262655250026,35.5,0,0,3,6,964.287965750078,321.4293219166927,1.0336262655250026,-0.033073265415475214,NEGATIVE_LOG_CYCLE,YES,PASS,PASS,61990.085392694906
R5_02,5,OWN_CAPITAL,WETH,130000,126685.04612537373,-3314.9538746262697,-254.99645189432843,20.5,0,0,13,26,-3374.4538746262697,-259.5733749712515,0.9745003548105672,0.02583039593959835,NO_EDGE,YES,FAIL,NET_PROFIT,0
R6_01,6,AAVE_V3_FLASHLOAN,WETH,28000,28997.35870744406,997.3587074440584,356.19953837287795,41,5,14,2.8,5.6,933.9587074440584,333.55668123002084,1.0356199538372879,-0.035000236609667834,NEGATIVE_LOG_CYCLE,YES,PASS,PASS,51921.36114348668
R6_02,6,BALANCER_FLASHLOAN,WETH,32000,32700.037114070517,700.0371140705174,218.7615981470367,38,0,0,3.2,6.4,652.4371140705174,203.8865981470367,1.0218761598147037,-0.021640310089703053,NEGATIVE_LOG_CYCLE,YES,PASS,PASS,22170.53061545132
R7_01,7,AAVE_V3_FLASHLOAN,WETH,25000,26375.691785663785,1375.6917856637847,550.2767142655139,43.5,5,12.5,2.5,5,1312.1917856637847,524.8767142655139,1.0550276714265514,-0.05356699542439263,NEGATIVE_LOG_CYCLE,YES,PASS,PASS,98391.27327791497
R7_02,7,ERC3156_FLASH,WETH,25000,26138.619038852736,1138.6190388527357,455.4476155410943,39.5,5,12.5,2.5,5,1079.1190388527357,431.6476155410943,1.0455447615541094,-0.04453805250820262,NEGATIVE_LOG_CYCLE,YES,PASS,PASS,66542.73714368299
