ATOMIC PRIMITIVES — FORMAS DE TOMAR/USAR ACTIVOS SIN COLATERAL Y LIQUIDAR EN LA MISMA TX,,,,,,,,,,,,
Class,Primitive,Atomic?,Collateral upfront,Callback / control point,Asset movement,Repayment condition,Use inside arbitrage,Cost model,Failure behavior,Excel binding,Notes,Source
Own capital,pre-funded balance,YES,N/A,executor entrypoint,wallet→DEX→wallet,none,Any route,opportunity cost only,tx reverts on swap failure,OWN_CAPITAL,No flash debt,USER_INPUT
Flash loan,Aave V3 flashLoan,YES,NO,executeOperation,pool→receiver,principal+premium before end,multi-asset / complex route,notional×fee_bps,entire tx reverts if unpaid,AAVE_V3_FLASHLOAN,Provider config must be live,Aave docs
Flash loan,Aave flashLoanSimple,YES,NO,executeOperation,pool→receiver,principal+premium before end,single-asset route,notional×fee_bps,revert if unpaid,AAVE_V3_FLASHLOAN,Lower orchestration surface,Aave docs
Flash loan,Balancer Vault flashLoan,YES,NO,receiveFlashLoan,vault→recipient,principal+fee before callback ends,multi-token route,notional×fee_bps,revert if unpaid,BALANCER_FLASHLOAN,Fee is editable assumption,Balancer docs
Flash swap,Uniswap V2 pair.swap(data),YES,NO,uniswapV2Call,pair sends output before input settled,return input/other token satisfying invariant,2-pool and cyclic arbitrage,pool fee / invariant,revert if invariant not restored,UNISWAP_V2_FLASH_SWAP,Borrowed leg can be first leg,Uniswap V2 docs
Flash liquidity,Uniswap V3 pool.flash,YES,NO,uniswapV3FlashCallback,pool→recipient,principal+fee in callback,cross-pool / cross-tier,fee-tier based input,revert if underpaid,UNISWAP_V3_FLASH,Exact fee must match pool,Uniswap V3 docs
Standard flash,ERC-3156 flashLoan,YES,NO,onFlashLoan,lender→receiver,principal+flashFee by callback return,generic lender adapter,lender.flashFee,revert if callback/repay fails,ERC3156_FLASH,Standardized interface,EIP-3156
Generic lender,Protocol-specific flash,YES,NO,provider callback,provider→receiver,provider-specific same-tx repayment,adapter pattern,editable fee,revert,MORPHO_FLASH / MAKER_DSSFLASH,Verify current function signatures,Protocol docs
Swap,exact-input AMM swap,YES,uses held/borrowed asset,router/pool callback if required,tokenIn→tokenOut,none beyond swap,every leg,fee+price impact,revert on minOut / callback fail,LEGS adapter,CPMM/CLAMM/STABLE/WEIGHTED,Protocol docs
Lend/Borrow action,supply/borrow/repay/withdraw,Can be atomic,Protocol constraints,lending pool callback/entrypoint,state transformation,health/collateral constraints unless flash primitive,hybrid/action routes,protocol fees + gas,revert if health/state invalid,ACTION adapter,Not every borrow is uncollateralized,Protocol docs
Mint/Redeem/Wrap,mint/redeem/wrap/unwrap,YES,asset-specific,token/vault entrypoint,deterministic conversion,protocol rule,parity / redemption arbitrage,mint/redeem fee + gas,revert if limits unmet,ACTION adapter,Can close cycles without AMM,Protocol docs
Liquidation,liquidate/repay debt for collateral,YES when protocol permits,flash debt possible,lending protocol,debt repayment→collateral,flash principal repaid before tx end,liquidation arbitrage,bonus-fees-gas-slippage,revert if position no longer liquidatable,ACTION + FLASH,State-sensitive,Protocol docs
